Speed (knots),Course (degrees),Latitude,Longitude,Anomaly
17.483570765056164,60.56516847905708,-33.7218634160605,-55.917669235482805,0
14.308678494144077,68.37650771796721,-57.91804219591498,-54.02572784229325,0
18.23844269050346,165.85638168537918,64.65279589399951,15.48450360516441,0
22.615149282040125,103.06075036029873,-17.365902028698706,-41.939322798273444,0
13.82923312638332,89.0866732439327,-18.26213141423115,-179.48673781648824,0
13.829315215254097,232.2855520391994,-59.4203985348084,83.43792903131545,0
22.896064077536955,234.34982827867603,-21.048178304559837,90.61813493225402,0
18.837173645764544,296.82614512797454,66.89103233919303,88.91085768723737,0
12.652628070325239,150.3750841102713,-24.636832111865537,-55.792560020232024,0
17.712800217929825,26.310632769414084,81.28864124996186,8.024210392021892,0
12.682911535937688,98.51989857172477,80.33560185750974,-50.409533456399,0
12.671351232148716,352.8019667508541,-63.918241324677716,-174.22689598896753,1
16.20981135783017,214.65308708377276,-58.08397436592392,22.481618857710753,0
5.43359877671101,255.5053505283673,65.28133265974004,-135.44616020975602,0
6.375410837434837,2.648818665149233,-19.303034593550542,-151.18512332708139,0
12.188562353795136,186.55406358570752,-89.21268318905832,91.97966473084338,0
9.93584439832788,13.510316711449125,-40.70307245303322,-176.57776712948197,0
16.571236662976368,204.92287635292126,17.573218775200793,165.24303969914143,0
10.459879622393945,331.4775058689871,53.86787387279424,5.491931080527679,0
7.9384814933235415,348.63088698014684,-65.99004892321328,173.88591505421343,0
22.32824384460777,194.5989631400127,-70.10255440498764,-159.12087390982498,0
13.871118497567322,164.95372989079775,75.97667764301968,30.070637591728765,0
15.33764102343962,340.20615392945786,45.20670620806488,-54.24226704867197,0
7.8762590689327165,242.49953951881025,16.16032814005412,123.65369741314288,0
12.278086377374088,23.363740633827405,48.453622199267045,-49.95981531565694,0
15.55461294854933,167.66120796029912,-12.80621496480508,-86.22447153935433,0
9.245032112888486,86.48820664714941,46.52203451564278,128.71912575596878,0
16.87849009172836,169.12955572152535,-23.075461570583563,-45.12488700482604,0
11.996806550405974,163.96760592229023,-46.06297695133158,-173.94000485019788,0
13.541531251033616,209.57212901330712,41.222415832734356,-39.49592369783984,0
11.991466938853016,128.43737652573046,-14.458987411691703,55.628016843939086,0
24.261390922544688,59.1373618041341,86.64787877871507,-88.43056602970253,0
14.932513876310331,181.33899645238427,-27.09266718454182,-24.48446672694338,0
9.711445355220501,298.8730383644743,75.91093569559187,-159.5825502183988,0
19.112724560515947,239.04440210433683,77.93325874207432,31.713404945024596,0
8.895781750144888,121.8124317330777,-46.4664695283457,92.26617258974176,0
16.044317975023777,336.7882881931886,53.67981268584241,-31.2074778956003,0
5.201649380601122,328.3947256497056,-12.046589073978275,-28.71625219147438,0
8.359069755507848,75.36542377827556,75.15445090146265,-148.2183005094301,0
15.984306179345618,14.190330643330672,-8.977630925657017,-107.30128877568627,0
18.692332899977053,266.8711350062744,43.9746691207259,-124.31689087395144,0
15.856841405949853,297.9396940856952,-5.9458663505163845,-6.592403281846337,0
14.421758588058797,348.4312437424879,-48.995863971685885,10.53199474227004,0
13.494481522053556,320.34110187179186,-54.11697678995647,161.6184472623336,0
7.607390048162863,216.19251655430935,-13.422385033857797,-153.6366584601958,0
11.400778958026457,190.8188421164571,45.98903826255869,35.95247033581697,0
12.696806145201062,10.022778454531064,18.912867332538028,9.539469838166873,0
20.28561113109458,88.79632086412002,33.95327218209779,5.8439152568985,0
16.71809144784231,165.4613106238535,-39.18125686825036,134.33734345781752,0
6.18479922318633,226.2614040300844,-3.3416377276310083,-106.00615054962486,0
16.620419846973974,200.61065999462784,-82.00885230552115,-165.32162123710629,0
13.074588597918417,267.3489562854086,57.15583487246172,62.01774274830931,0
11.615389998470206,100.71609511933471,88.18058920317743,-55.74331291104715,0
18.05838144420434,203.38293875489038,-16.76176872755924,-173.66763016349114,0
20.154997612479754,31.73120762068517,-88.0265424363222,-89.50535737545103,0
19.656400595580994,148.9195884899545,-59.43732488082947,-68.64236128194773,0
10.803912383886807,270.05789986365636,27.45483799507539,42.06181564232713,0
13.453938120743928,249.62430723445584,20.174277276694653,-117.86911414226205,0
16.65631715701782,356.63138538198444,51.81564952539791,-31.300434736776715,0
19.877725635611796,100.04080535559216,-44.300878027007734,-6.308840009580292,0
12.60412881077355,179.3481477026325,47.45374479848413,-14.67453910892727,0
14.071705116680915,118.63094895863883,33.83712387426056,170.61867600004143,0
9.468325129969859,158.6171210613029,-31.893390411508207,-163.6184743954934,0
9.018966879596647,308.5020467529797,8.18786665025316,162.34854712286375,0
19.062629111970992,246.3152670678552,-63.49071447030119,29.49739703785199,0
21.781200142854114,317.6788288851294,-8.538389381595126,106.4619773891418,0
14.63994939209833,73.26399899947913,68.61552112001537,-25.058657514212847,0
20.01766448946012,314.41000242291767,-14.185551631429657,-16.618362747487044,0
16.80818012523817,21.514418704218393,61.12200716557596,136.5575396456965,0
11.774401226974378,319.89574095737487,16.245605746744992,142.53641866508477,1
16.80697802754207,118.46656060586204,-55.462191641575785,-94.07200268473285,0
22.690182832329846,113.25154802906394,14.599124045621352,-108.27292370953745,0
14.820869804450242,184.351887611519,1.076999248271422,-1.3553374068176094,0
22.82321827907003,338.64846758036344,-18.24455966465088,144.099729765969,0
1.9012744795512782,17.201291285305935,-68.46652088710734,-63.952166373776535,0
19.10951252187612,126.80315102546831,-14.992440507498632,54.725261522087266,0
15.435235341190857,308.36591592600087,-76.90277227686713,74.9346075866164,0
13.504963247670661,142.579611876768,-72.22157074822478,100.3228793618961,0
15.458803882677511,71.69648313494412,-15.135024072111117,23.01280485154677,0
5.0621554269955364,152.92590527930824,-35.031333245676535,-35.11613581957094,0
13.90164056081244,138.79890053700095,76.59797865520022,168.12575596763023,0
16.78556285755873,329.5498325280132,-22.372955031551303,40.07907118902697,1
22.38947022370758,274.296375267515,46.414461972978025,82.2834761879775,0
12.408648908631763,181.84160006784228,5.444554745923691,-55.8061755494838,0
10.957531985534063,355.8134040197656,36.735420355620384,61.18170516110884,0
12.491214782077318,167.49991125933238,-43.179123057228146,-87.19284162091466,0
19.57701058851037,20.965619095299083,79.54289511089924,-91.76510968969099,0
16.643755548298422,94.41875585339456,5.41592944459631,77.2999926513935,0
12.351198981164806,156.98537287895255,59.63833283134494,7.702105054656632,0
17.56633716556678,56.484944692603236,-24.291775174299573,65.9795797520603,0
15.485387746740201,341.1234454766555,-71.96195717090558,-83.00214333068699,0
19.843224952664446,276.0656032143983,31.268096589752783,35.54040278042295,0
11.489734530613237,96.58339215399816,-88.60326329926359,-20.18388610687948,0
13.361689267011158,212.6896320664497,-4.447264218208509,34.905703264390056,0
13.039459234339212,259.72169655944595,-55.29565752003734,-75.28329639208103,0
7.682425259339407,338.86041440644726,22.927590798365188,77.56234691368459,0
16.48060138532288,317.3887257031478,86.2955771648134,110.13457181740759,0
16.305276360899448,185.46920140975692,-6.407476862283728,-86.43006941121949,0
15.025567283212304,278.8749431254863,57.14968617462,-71.77659845196885,0
13.827064333124262,202.3721113779306,1.4011536512017875,58.015537098873466,0
7.923146289747929,198.97340041639444,-0.7487944012756653,70.4106627492759,0
12.896773386173205,41.30710500174908,77.47622877218001,73.47588638308203,0
13.286427417366152,45.409556885814744,70.19385637440267,65.77146171930126,0
10.988613653891905,190.63210140808468,51.4440837338354,-38.589221897086034,0
14.193571441669954,96.79015619244238,-36.67396440297886,-37.85267721467579,0
17.020254284072692,7.573284885768707,8.101514830309299,-88.26565548802269,0
24.43092950605265,260.2221134040764,-49.6984980049767,-123.53986803730933,0
15.872889064159194,11.695174808459385,-10.09499435162284,69.32785658288604,0
16.28775195361382,214.29966279745963,-2.841648163237689,-146.45203704996737,0
14.627770421169165,194.10976588583318,59.69520723047956,157.60522324324137,0
5.406143923504793,348.7732886080096,71.28510575849876,117.60706932172249,0
14.867430622753915,174.316730165151,-15.368388768633984,128.70206638461218,0
15.301151049705132,22.89651709600705,-86.8131998868173,146.4007732614685,0
27.31621056242643,198.6076684103262,65.11929116208383,-32.902210539633565,0
14.038195176094387,302.79462142179653,-58.62983786975507,124.81226040614438,0
16.507736711668063,358.86574234131837,21.938753500270835,-123.09793189500624,0
14.826441151473784,154.9235425280661,-85.50523792185639,-172.20895394103516,0
9.15660981190234,115.3075472988273,-18.088834453098432,102.56090207898606,0
20.714114072575104,326.3951869027196,87.47285438076297,-153.07320672110185,0
18.75966516343387,68.8471664674037,-71.87515180131544,175.86888023733178,0
18.955159735215233,221.55440941185358,-13.735232640064385,62.926714656560144,0
10.453062726026305,146.05719270514118,-34.71300896580861,91.24189568715798,0
22.013971554680495,14.789651383999903,72.91586220988756,-91.51061173996825,0
7.990744686038596,125.0238507500512,66.48121942332394,62.59154181108773,0
17.934285469001352,95.48226810096286,-47.21422314487881,-164.4408225882154,0
25.952278129049894,246.99281541965527,-75.38619833092238,121.61725917249632,0
10.047318374346558,341.5645791690905,22.884910931001148,-118.93532650863392,0
12.16851135198614,96.4969874563096,-29.453631860932244,71.0489040601574,0
15.498256825438206,292.12773809460543,30.975190309091353,-99.1870195562178,0
12.482621729419003,19.92953409782743,-84.2184439077934,-155.3568590066246,0
7.246682844669337,193.72356361433273,-65.9881376680519,-6.662275722218056,0
15.342814874030136,25.39802293556205,33.54700189907581,-119.0569643017958,0
9.688481431369475,336.25187680703016,-51.7732820455504,82.59983579755792,0
17.36796215317591,275.88646100066046,64.36578163723229,-94.47629638194545,0
10.402878828830984,236.86196803365326,-79.45364021217563,-56.70987975510162,0
22.749672025087698,296.60269738487915,-51.21324309859657,24.278130455210253,0
11.083733538318814,233.10712640525873,89.74084472731235,-77.41142007216783,0
13.389692418971622,348.8199829827448,-12.046301534377326,-43.924278164413806,1
19.067586086848348,257.02486123131774,36.533819438035835,113.62383757453921,0
8.845678417830223,332.87709944960886,-57.12065120573754,-115.48445415803074,0
16.137299673020646,186.1674811238297,19.77637229739679,-150.4074277865039,0
21.53571377141214,42.143188673470554,40.69909230649533,-61.79119735211306,0
6.962583827193862,190.14397971228615,-33.394205544028104,-27.22436387500386,0
15.923169292661521,45.67421810271359,59.201480155658004,15.35734156916436,0
16.299413971242117,213.29765250350582,18.615164125010992,-45.927469376997465,0
18.90911435888655,173.69750178995866,-19.95785826929456,104.36821208020984,0
8.81524644560959,224.1271432198014,10.375630801768542,-165.84498443934962,0
8.397716934578618,3.616913179739374,13.816952538466367,-24.563686248519137,0
17.60970782808449,70.14257699593108,-60.203647315104114,-42.387870723694334,0
16.48492336616593,176.87895548836713,-17.508173423946094,53.12825669046925,0
16.252464251729382,342.1812821720886,-28.18249415649124,167.85945068306256,0
16.73224104748488,138.09925452785703,-17.837509935757307,3.7351463863903778,0
11.599876392107547,152.77392937930847,46.999905927346425,175.27566489901938,0
16.161268485805017,257.290592042384,-3.1430866559989235,-71.19021783124892,0
16.465362366493405,217.3653926230025,79.25690758306757,-168.88747228471402,0
11.42824290986816,107.61341403539997,-37.138245595481486,-120.36125970849142,0
24.328872555723784,147.893902404274,-15.173355908712782,-37.75504148115577,0
17.36916460455894,78.37192758860368,51.652225886227455,-66.11979269212121,1
9.043482513986756,347.7677252868751,8.284426797735048,-145.06051284598405,0
18.28276804316915,47.02837736064951,8.465066356400595,-24.24236123134194,0
10.126591648863393,133.861242443911,-80.39877065906697,-58.27832220255741,0
18.93542301871226,9.302029999204029,-18.252060710677952,-135.85708063532215,0
20.79297789503702,79.8406170960767,-41.267928164088154,-73.39783297971279,0
10.896588408241447,280.9696098168558,89.88032210960077,139.11697992794058,0
19.81688064622161,72.4230836239966,-34.49608728618415,-71.26240842383754,0
17.06390463468249,28.822824910427617,69.20937626289543,77.02395236713859,0
19.11030079997245,170.80314474402837,31.72207230728594,40.336948676792026,0
24.483964913269737,3.5889245044266582,-28.635046345423724,-26.21478153298616,0
13.773059419985648,30.515815593479942,7.8361881073422595,-93.9507707506791,0
11.231319178212551,290.74531304267106,61.29645839085488,-47.154708235459644,0
10.552427851872384,277.7304041494583,69.00629364556414,33.1585968495754,0
10.920948575172808,329.4499753457626,-61.129102498893864,-53.72884269023222,0
14.61449145292948,307.6255569278698,-28.87683458252947,-102.63728391327655,0
16.705759874083217,245.9432027663345,-29.6598275615571,-138.07341039901243,0
16.383453996650097,18.83982862823862,-82.43193670632995,136.7160976474435,0
19.13591624518012,281.8255024751967,17.682796773341376,-21.48732872931397,0
15.065009459389534,304.38389190260176,63.86760953859384,45.07499582745482,0
22.267670385786584,287.6695724779036,-21.3166101914068,-3.4522699907501098,0
13.676715833810219,183.05245271088938,43.206470097151865,134.12394660886682,0
28.600845832948096,83.8446619138134,22.986074448133184,16.8965468813559,0
18.12833673882503,304.3187912479416,-22.38322761125985,-6.9186895383192,0
10.714212217918588,261.77861150644986,-64.60923609138652,152.85635655181653,0
9.645537509694439,353.0740227799866,37.67829349967412,79.08825457632763,0
17.412362076215928,56.04933519213585,63.82173040942328,-139.84203335513138,0
13.882686073370746,81.23924989873981,33.45380863226854,-116.02639396914694,0
18.57000247046046,76.24733395734097,-86.78187287373275,103.36423065819908,1
17.366188122867726,285.31431634368124,-51.078079009621575,120.90647562478355,0
14.635855436715635,67.28662672204254,-77.49360272096426,16.268698472506735,0
10.766031409657975,23.997538736390194,12.669497923720819,19.603882031990132,0
7.425763876570677,359.4818903708263,46.16598219127423,47.495866626520026,0
12.767425239664895,8.934196120253691,-70.09574632764131,-21.918321258249787,0
19.28199397161736,300.68786165719166,60.900807706809346,64.87168445420544,0
16.07046872065102,131.532062958235,9.991616111186975,-140.94674727609035,0
8.77130610644006,302.9815655128135,34.19442218551048,166.0605272522591,0
15.86590462925591,199.6633768360122,84.85233274955631,90.05573656617182,0
16.926586898644185,324.5872426150896,-74.93742211541448,47.22271344324249,0
10.580712818994336,333.4294751092656,72.22032413600206,-66.12405947658695,0
15.76862552972764,3.2753452610793587,-67.30151472226632,-122.0560245155775,0
15.29104359223,27.148383357403777,-19.267414805397195,-32.63653302157993,0
9.285148510846884,90.12914264550797,63.258965339600586,58.167626606661045,0
16.788936801741418,240.95354989086061,73.12576261281627,48.135507632319936,0
17.80392263184117,319.7779907441422,1.1469012381261612,-42.24918417639426,0
20.415256215876386,165.5791024658266,16.938834889576526,40.78310177992672,0
20.269010260174515,218.51032185873555,37.46652022774029,112.94938640431712,0
8.111653160214544,67.85994700640201,59.89656032148855,-170.53748195846146,0
10.310874800424386,289.7880601974067,-68.12798948322009,-17.776422745100753,0
17.5751763360433,348.2381200872491,55.812475481260975,93.07988224804477,0
17.568929754561044,96.69561584925509,-3.3702929079089827,16.612009366815798,0
17.575238431530238,178.1373425761967,-8.887783480529581,54.53139165446519,0
34.2636574532736,31.00179978229457,-13.698044640540314,6.003501337923134,0
17.854452553465833,201.28919632666862,1.6580853442876675,177.07483608563194,0
20.677828200902994,181.002039064805,80.10909961102864,-160.33624686394623,0
19.77000881746601,51.997134295827934,8.676679102587288,-3.2238641619441744,0
18.25695625652899,159.14383672250702,81.57195688736506,-147.09004231877364,0
13.423653776798272,120.27767475116278,-57.54777648918469,-122.47719763911465,0
18.794846102466337,187.85911510986816,40.344476189873966,-42.106193849425736,0
11.13587392731214,210.83556075436772,56.20311694957449,-124.00556705982457,0
13.815906966299956,3.058408298595423,32.24318964027514,166.9273797443944,0
12.573182260854482,273.9621538618399,19.24601044077727,160.84431962105725,0
15.409370696931612,256.68514507022667,11.666300595512809,-59.00052736058263,0
26.573292833367542,131.86309903434798,64.96748686416528,50.309176333564636,0
5.663674037041258,19.056936804774573,57.896387489610014,12.151195413762998,0
18.43130095187257,271.7757143226181,-67.98803018749209,113.6113129856767,0
6.936420644051741,343.86305777212766,62.745778265558066,45.88041953409919,0
12.640340671052833,86.4545745679251,-15.467648500720353,-179.90911638339765,0
20.444752984836832,116.46886094533365,-44.33457060075406,94.74277881950597,0
15.321400095477314,66.17264021345338,66.55834224250665,88.86532366660252,0
9.611276110353469,207.6970044041423,-12.235536065926507,3.5001740039331697,0
11.423481453700159,55.74290207308378,55.505644231827,145.05083036389937,0
18.39798874467338,128.2298196460966,-42.58734984794799,147.04063404854458,0
11.348166841414317,250.92468501633468,-89.29272214400079,8.608203613582992,0
16.082292947909874,201.64175388336542,-0.8173452774700118,38.87576323075356,0
15.227859199519068,139.1265231580567,-71.95891380428083,178.74794589288206,0
11.741998261970915,151.28985665071508,45.78767199448374,-72.4247154678897,0
25.719720446626628,202.35991774436263,-40.306475507506136,-63.13779276786815,0
18.169595111590056,2.111302039378069,-10.14378361137383,-114.20139504114131,0
4.874287066711965,28.263552643299548,-74.33395828352023,142.51209809683246,0
15.932271573847139,317.2529043946842,-38.401335279494525,88.01582038173585,0
11.69106767615806,28.036436072864674,50.66824378654295,-141.96857440671292,1
19.26216667398112,254.44929463578185,-62.7141758575825,173.43624643126765,0
11.037396307836497,331.2137390792589,26.48872100285233,83.14621493800178,0
14.426317792665506,97.4460975486232,75.13665350481021,126.18795945779084,0
17.524936394902287,133.37691734142513,32.37061675638965,-162.66571589764766,0
19.328775970850607,204.81170610409785,55.98390407260083,1.785930819180357,0
8.998517964721119,317.4152290698905,-70.38510672529516,71.49538322173414,0
13.327493820795258,339.08601141375124,-44.868271319630196,15.46077044586287,0
12.62527344419522,266.2427693200565,71.01699340330639,59.993087651739884,0
11.73335383713144,31.18311390768985,38.71901045125606,114.43466289257012,0
23.827271201405484,240.8954959925463,25.119688747916012,-45.23865733432937,0
17.024908554804778,147.70933987415833,29.478012501906,125.5207232227355,0
8.695580228324774,169.45235981678218,-15.443900225164185,-121.35020228449534,0
19.58930973527388,17.693420524263736,-81.97980630882242,-82.48102019050509,0
25.610780985063165,68.78237016468894,51.199477572731226,-164.3955768261627,0
20.162326302755734,284.5848987121132,32.16838251876369,-48.806347919309594,0
7.403150170229933,163.42517989722953,-4.895196459709554,-43.232563863316685,0
12.578829635668743,108.5984069872136,71.95673076628634,109.89741499461033,0
21.334555745933113,138.24686662738495,-29.491260302682207,55.127041304276155,0
11.461652671906096,307.58382479724486,-37.02208603837754,-22.779879063960013,0
17.219097140731144,269.6396462657845,67.10333851429971,54.76103230454935,0
18.873170267146683,98.0335429851898,53.45777785661738,-160.9979938143512,0
10.365347642109585,42.30066247645439,2.696365916702055,-115.10224703338461,0
14.702373219691,90.71935979186581,-66.467746897587,45.7012278870318,1
0.0,331.4723223797041,-51.28713513629056,50.89205492110881,1
9.87806179332855,209.37198162591193,28.121038273585196,98.68847713467378,0
13.737159243034199,192.05287514812184,-20.6925771887259,-34.92008674070321,1
8.761084090175753,214.70169588928616,60.56517449987482,80.11947478181624,0
23.162056519658176,131.77017566874548,80.99190167979674,66.2329197216682,0
7.849293110196837,290.5585273150246,55.014646549485285,166.82161621314566,0
12.79977756651508,188.38304974808992,-22.041823860799713,-102.5531184871155,0
15.653702886430457,42.029244996766394,51.963557261656334,18.604642950950215,0
22.206366445330577,46.463444938462665,-26.74049877527698,36.63519915976895,0
7.8206892441028035,193.2692927409426,-59.9219842021859,179.51323857631948,0
20.815818760774796,337.1652785055021,-83.98922312414567,-107.5737088200054,0
15.051165305097935,111.00676380343155,-20.570991703016393,8.358487188225201,0
10.092456744760245,313.0348207893186,72.64067466551074,-55.373289223090005,0
17.310517371316354,275.0744111683966,-46.98241420397823,9.321468688439932,0
15.995298477867351,89.21247944648647,-52.82763031263888,-96.43370324288186,0
11.998915614206027,13.082669393847283,84.56774134338725,-162.85954376610428,0
15.349010424950094,36.66501545125779,-85.49925968689342,26.123563403167992,0
13.0734320156912,262.25781618507847,51.44078707087578,-59.092446290100426,0
15.56758672625624,71.88110569463281,-32.153407966643336,-114.50109537056389,0
18.31065337260523,133.65753138194177,-83.25216776346132,-63.38319621190785,0
22.93008408072676,180.61169976231295,75.20445723772505,-162.25912747881182,0
8.810922505865754,261.1685406420586,-64.86438056227495,162.1592042724372,0
25.665166873281333,40.763240373285136,9.320271070625171,29.213249390373765,0
5.23956100238749,146.29190589988613,-40.6702426626814,113.31672528492895,0
14.241074524822084,174.62624729137033,-78.26529560675561,-27.67744888281706,0
17.94158603242288,194.6977430297543,-81.01395258059176,145.19328032382685,0
16.404959338675162,294.609830902278,-69.19979420945901,-6.005440241188795,0
11.886502400897031,61.80415021555809,-77.15393749991159,26.620315992240986,0
13.959388748213623,290.81932265758405,46.90046079358613,-2.9541671774435363,0
12.534995326705834,249.4362339707948,-2.598083588982749,83.98018651235458,0
12.053176215278942,200.11349311162536,-28.279423557183655,23.99618793674246,0
19.248010485105127,251.83003334492588,-14.69359617623871,-82.22438751105682,0
16.785077429825236,148.3263860225963,77.2104124030722,-127.60576872384733,0
11.53545202369673,49.82313094852485,73.93532629286649,38.204779997871974,0
19.497999377166252,239.67548649553223,38.82176642206384,-3.8952138430669514,0
16.536497604383047,188.88203040682401,69.24282793590379,-145.44874918939934,0
19.0643105941948,230.1749281953992,-32.46335503422754,-37.57771231442338,0
18.14814420961806,121.6795611702564,-21.40032131850909,5.319511920163293,0
10.855024945389637,326.4719678423409,20.468192733761047,117.6815641772124,0
12.199094799015151,211.4531526872077,22.25267051350755,-152.60361989998955,0
18.736468025616308,30.744894344714577,-3.2940291577786285,-54.54167463143895,0
18.051851327167324,161.9294366535943,-17.88158728116841,116.15620417573872,0
14.895492030179259,272.28817970770837,87.51245608956512,53.43261543776835,1
15.58663691654391,285.88844222361803,57.80225270119039,-75.61500415063676,0
21.388324478942124,178.05493899495315,-11.703564380151864,124.32064392815126,0
12.04214305582085,322.1091254992684,40.912645903122325,-2.4143109974307553,0
17.735486905850188,96.36063738994712,-41.47889521455729,-0.5933191282342065,0
13.98903673783053,147.81553100577597,-71.96952127728062,171.57144211213836,1
13.911593983863899,323.4948878048292,-26.562415400506683,160.96194116509622,0
20.493884259935953,322.6524179297684,-17.464895977789045,-50.9282339868562,0
19.12708174494015,246.8565967768851,-87.02331757907926,-129.39151368129038,0
19.067548180003193,309.23299696399926,56.66256029446129,-62.75997637988614,0
21.527394035771646,31.95837610424376,-25.345187569947328,-169.0260262879003,0
15.105019208163796,311.39819143479946,14.475269840426467,-172.52356078425916,0
18.40976485647482,115.42316635808163,-76.68662629122792,-37.612030949489096,0
13.44866621703272,64.19934447415787,-58.500570824894886,158.7671361710043,0
16.62083176244221,86.17314108313668,70.14487055896079,133.6886428435948,0
14.349284728161576,150.46866288499933,19.56375501890414,4.119420210344287,0
15.484979824963592,90.4291216576082,81.0511290306874,23.481497221499048,0
17.97578512718457,115.40433096593965,89.77500619043705,-177.86394117141967,0
10.908896583832638,48.59225498579115,-23.065179240043012,-102.41958389984443,1
25.4619363784273,106.62363560123947,-36.21544846501057,-171.08131430362187,0
9.96991309250149,206.02217323512042,64.50408992863741,91.63423177033951,0
8.92905693606134,159.06733491278302,89.75005686674176,-127.5675134304608,0
20.790554367500338,124.81875404492801,23.335422161842317,132.8569568916541,0
18.95831346981468,268.722766388561,53.12533005207402,51.596752923283766,0
18.120599085260775,321.66358970159445,50.714254586749405,-97.4092764543432,0
18.1417275463214,272.4441202448629,-26.038852520481544,-123.2206858500301,0
14.938766135765427,119.5202527623645,13.368668446275699,45.94489233229912,0
10.513728142570843,267.9991804215193,59.95024942755845,144.30131290163646,0
15.379022790968632,54.71286569065843,33.86049772698998,78.60967880917738,0
11.614191442439441,46.91447571286473,-86.19051348323312,-54.52320542278406,0
19.875598667088756,124.42573333301722,-29.39297959844397,31.45809429671297,0
14.264713092489307,290.77285285586055,-63.994374612971036,-68.12578966592831,0
10.872514016037442,88.68536900722867,-48.06500182595296,179.69384404031717,0
13.393070791735033,22.771227203524653,72.98810594843863,89.58210784626641,0
17.064657271378124,47.41543267428783,-83.35920799606173,41.177390312431314,0
12.181377235980126,309.14818867064884,-50.43587184685373,-27.626708604301484,0
10.888898022167842,228.16198250902355,-34.277516597118336,42.53482449344063,0
16.218436057459563,91.1524188131916,21.039132953951068,-57.01821751175948,0
16.224832855543614,199.90649711814527,6.13830421545579,-169.60865779510894,0
12.46528412314435,189.92866407312613,-50.711493086390504,-37.76813195161218,0
12.644808471908386,235.95695223863805,-60.4366078998322,154.9730950487521,0
16.16024968678818,83.94751959178187,-47.376353772698614,45.46839411859171,0
7.759578292513379,311.1850753899832,0.4553328062980033,-149.77594689447542,0
7.962681128117223,111.37268234880463,-41.187998571983385,138.59770082220933,0
11.40777889373782,249.88739543144527,80.56845028939,-83.20505423705465,0
13.932764241440763,5.8048726939973605,-6.504260142807439,-92.24298249021813,0
16.55453782799002,134.156566761893,-79.41671702196533,-73.0472512390845,0
22.37678108474776,126.61553446517098,41.26795305059401,27.792805005344682,1
19.288298116010097,195.6543942898852,-30.80784812238187,16.087713636231584,0
14.200307350182864,26.185054239790738,27.628007770484558,-3.0910483357625784,0
14.904918960486556,284.447294541399,-39.673013305818245,78.31327086454573,0
9.987353176810956,78.40108863632467,12.733873511997578,-66.04641671941476,0
14.90743432003805,243.73361335752367,48.98745086534364,101.5432277660752,0
13.55670680539931,289.15636436787355,77.04157351941971,-116.88419578370431,0
16.613592801690448,202.2757042469447,-42.99711400204613,101.74348406772334,0
10.863845282238385,266.7179544199148,-29.72574882018339,58.97163789010182,1
17.596732571205862,238.26971239740197,-6.432044348530859,65.95499143713114,0
22.66369456501289,127.99072697472273,76.89147079247799,-6.640777034186409,0
14.456199257715712,291.1890740520835,72.24963422591829,60.120551765111294,0
17.008558610494706,106.09249315879008,-73.82190958188515,-151.27306323859534,0
18.450719958555563,205.63665039054618,-66.25263136431404,126.55840213777222,0
12.993897640570818,268.34318609095425,-0.8083480804851129,-160.00299594444743,1
16.120462409052084,136.42412753250272,-70.80853089502376,-126.4530564462609,0
15.062962003908975,108.99633874227302,-27.795442797234454,27.644295059005074,0
15.488380492744158,165.36456366221617,-63.29063192085402,86.18812396440894,0
11.134951080722667,294.4668579656953,24.48726392373945,-152.54943683534876,0
15.122550871294713,334.77183473243934,80.90917771304912,151.47533308403513,0
17.489991456227248,196.23002862956045,89.41207865298867,170.4987535682515,0
22.255718038975207,238.12783391651467,-22.45659615055533,38.142062282775974,0
19.796354130426035,325.1785040060091,17.82227468063021,-6.7523560643388425,0
25.765912287557782,35.47686650865926,64.12817763433463,86.9021900207099,0
11.163262185559752,83.54828803181941,-68.85682689665089,-61.79135316220605,0
19.361603183603393,255.2040022505697,34.1215939893537,-2.424803722161677,0
15.916710028691758,296.54800628842787,-16.408140889487715,149.81436965318446,0
25.94901466608836,308.53045019900804,-52.893691149570465,164.03595308695208,0
10.958508573224243,149.43858366777573,-17.504348625460445,153.74488177842662,0
10.80139078909612,32.16236482507206,-76.32714834631497,-85.51869589301755,0
12.00303677277989,157.60133182786316,35.173286746075036,-96.31114552196517,0
4.380521378450966,83.06445247453937,-44.506319625278444,-72.84077786544687,0
12.371224891596194,104.8307237987847,-33.94698389192196,-21.127999540154324,0
11.20433669223151,278.0163204615021,-68.20536631653671,-66.89973139489311,0
15.751968932381038,27.189750969319274,65.6386405001805,-45.28339353393913,0
16.708779878885796,297.9292382930528,-1.1800297291070527,43.42930276347343,0
24.380854196079433,153.96087089670087,12.986438001552049,94.50924375383133,0
19.75211919093025,214.58301519621423,12.49788295707383,84.80095137645013,0
12.115481721687985,32.27480324484444,-16.111239382558487,113.19248414849471,0
10.50792664325821,121.44926820862067,-55.344615221134895,-168.41361484245522,0
17.459595857532527,32.29233084534448,44.12389472971199,-162.8158357156478,0
8.39883396489679,346.15574023719944,-67.12987223561862,104.17786584790656,0
24.15729382927177,290.61419375745015,-71.30271774981411,11.908376036867478,0
20.897200603606436,165.46779156832568,37.82610676737061,28.13064255436331,0
12.654121739476476,80.4969173965216,-52.409336318642914,-161.06873032282425,1
6.43432735454561,336.0438378899468,-34.78090475649018,-88.08703157834248,0
21.769361870827066,124.05477446170984,-4.459055939686758,49.807549758771984,1
14.42730077373691,57.95439540745491,-9.116762988681684,129.30548043984342,0
21.189081559867308,202.73917984342376,37.544242511699856,150.11402298530493,0
7.0278617060281645,339.7586833241338,22.217722819804976,0.15101850062941846,0
12.003124885231136,1.378904580116127,25.991309210735825,16.370723785751142,0
15.026218498590916,85.72494357143955,38.52977951798232,119.89786718483671,0
15.234902968823711,337.84115054774674,-37.32970906377624,13.544856269047667,0
12.749672642603782,61.590948068578335,-31.980003875914743,6.069069193434253,0
18.114249661737492,40.76764259033515,-11.160405378800258,145.83025359394333,0
9.661897853087028,205.26739768792962,-34.65680885396531,104.37577958011683,0
14.288102574893532,310.2637763861388,87.28881641475542,147.26610949006604,0
15.601478158559495,171.7595343698134,56.52934675585734,-101.43106027878463,0
17.572194170293745,358.0431324064289,-60.36215611391468,8.775175195928417,1
18.558074390444446,244.5018118336774,-88.99305194126349,123.28996629360887,0
9.376789540810655,26.666966595761185,-82.29901171549179,-139.9867821118408,0
7.329429146321889,357.41956740551115,-46.06857881227345,106.07837554582625,0
21.388384109492545,146.84192524086856,-69.42756854936582,-114.129581970647,0
16.661570059897958,103.46491218437372,6.000860680662978,110.92275179471561,0
11.257567317217232,200.83650608803882,64.43914009092455,40.32033752047253,0
22.755759877612615,109.55073305551115,42.61503976438093,-110.43504306544783,0
15.578373171464293,31.124702563254836,-51.19036864520572,-9.592495440191602,0
20.896485920319133,0.514203508503619,-18.126133915358544,65.48585992587778,0
15.337592407050545,161.85000705129443,1.4209577156299713,48.187044318075266,0
25.303739624409936,301.27083200157324,55.83705291060039,-26.191009356586427,0
23.77670421221602,206.03346682682755,61.041888559109665,143.7719504115337,0
13.755179257604633,359.7146276196387,73.74929614339968,6.934829215623948,0
19.857854754771775,103.264792432992,1.6641450905175303,2.112227470327821,0
18.22687974792574,100.96382331361991,34.96945435845533,-157.58978762107645,1
21.84315778766174,57.50980568421991,-69.87593317789131,151.96334032714935,0
10.175382697099478,59.06289177552067,11.752012791716776,-116.23803527578572,0
18.430257299992196,102.66717456361721,-45.23547429519568,10.204089637159516,0
20.29212243424794,285.4224162984698,-12.290960695210003,109.28433650411165,0
6.206302567884428,326.0724446291212,24.12909149520949,-102.4368202959684,1
9.083707436671125,351.03138109476527,-43.742531186319404,9.854384389502794,1
4.803839111199498,83.62427547472295,-80.60668959658301,-93.35343267959729,0
13.652965827777212,317.267116421073,-88.15790584642365,93.49019920796825,0
18.58771127897981,118.17183213984134,-86.01128360198612,23.16282043433425,0
22.511785260480142,40.62259602607839,-88.49704724752146,128.15130974225167,0
15.370473902098876,313.20897318725963,-70.13608981958241,142.04088103585784,1
23.143077727856458,228.9980284717027,-46.892031377376625,53.54405368034331,0
8.099492708925544,59.30312258918222,-50.180127447186145,81.14084861722,0
6.483087803224227,154.73925270468092,87.62338695238141,17.719235959270936,0
14.722261505516906,103.41277015574435,-34.91890106239022,-41.605656095742155,0
16.920327244696537,265.2460447356709,-67.06425899530817,53.322452287500454,1
14.836526259529535,163.2298430247365,8.201257950196432,146.9839044554384,0
4.662789499800617,356.1407802382986,64.4323419715515,-29.995063044682336,0
14.554399802436057,19.70819361345424,32.05086782178153,-66.81239050543368,0
8.477652497475734,127.80549580904881,-36.70522395561895,-40.16270212107332,0
18.348362744150194,173.48406015959188,11.090908762461893,-23.256853123824143,0
16.832991230484243,181.1280797093951,38.674075356073644,-153.51802956802217,1
10.300601068363223,113.73689605882925,41.05880862619362,-0.5609374434020165,0
12.430665413316532,262.5264896751245,29.976921953583993,-2.0468707019785315,0
9.703932390555241,314.9089464560309,66.74587645961124,31.83977795058834,0
14.68660451363414,337.9389487120307,66.61898250193879,-49.38478903032066,0
19.775711602506192,289.83361564782945,14.20858069326059,40.7187345440123,0
10.071369768322281,306.2088710303758,-12.62585355998179,136.15787169871308,0
17.520232577589223,198.19630822319837,25.482653201717966,163.96955657825913,0
12.348711908137796,297.31976151365325,57.27816024668336,30.100397810777867,0
11.035635838688279,109.2614072932628,-88.98262112858674,-164.6672565706873,0
14.46484820022721,143.45235435931718,88.5594616226732,168.92495901615922,0
9.823788387903129,114.08868497467596,-57.079120980744136,74.11034192265225,0
12.23175347326409,168.25944076125316,-5.355182581204286,-59.053086520685234,0
9.010610537055758,102.80866184590909,66.96535227171601,-127.02322765305958,0
24.823625664581947,346.18011921160087,-49.49272817204411,-128.36929959494103,0
15.176317759858643,112.62406608204053,-4.1768596979310235,-119.61201378974302,0
11.501372460037073,35.296033719938336,-66.13520756738775,-163.5938922190247,0
16.06989955367111,189.65417977814883,-18.886261430125334,144.77550791504814,0
14.438359751545851,20.555668240263493,-58.115618137259546,14.676563817841078,0
13.895152002333887,39.79553987108899,-24.54700522119174,71.98538857698139,0
18.070833500217127,78.98018011064866,-22.77644097731004,118.1190633365907,0
18.787538550236526,167.16608995757102,88.77074212769989,104.95476227995209,0
12.347494261947363,155.97033563125004,89.06634527467901,137.73802454238296,0
12.1209087967766,287.88907032100485,-69.33846984108976,168.21166410898266,0
13.62474151424178,266.2108753982808,40.67438027910251,-21.934578692901766,0
3.490394176322076,153.47458583665247,-80.68581365956179,162.1207680006206,0
7.42404468900724,120.13351472722677,-84.56543723930605,80.38438140341388,0
21.83437133722262,113.92876226213949,-71.03989903590643,-154.55945148909174,0
23.224838567506417,278.63823142584323,83.78741826142812,65.44192363644434,0
13.754819802218108,18.746066239657107,79.35543862104554,67.2179974577455,0
17.882784815278832,4.615793823818097,-55.09299234947752,146.10980296530977,0
16.556250772717682,286.3959810935933,-60.89897960033193,-45.74443231076686,0
30.39440404227619,171.77269535605774,-46.70368442712954,30.568140097854414,0
20.597874557172883,47.11720987928735,2.798458933525587,-175.6124816357727,0
14.360412042596167,84.80373645402045,12.54683376637378,-60.45291281471904,0
10.222297796997871,335.7014231150577,-50.11318252089948,-157.59225858283887,0
6.9677683987121375,309.42107122496327,46.192101856190135,7.874270195362909,1
16.017318179336115,255.5226180806301,-34.28042950752286,114.28115418250316,0
11.218246273578483,173.60108292143755,75.98363859529387,-105.68063083353518,0
7.888731452011629,187.31650542889886,28.210087162211504,9.878776400800255,0
11.767135578787366,351.0880327022251,-11.456785025349896,-106.55689085612386,0
9.592259981928024,347.6773597983434,52.18416030651217,-136.55215157535343,0
23.435708175362823,77.49685648290034,57.22463268839966,3.9588450963632793,0
19.408198784747253,291.99764386991455,-37.71331099039014,-151.50649645809804,0
14.960136793416913,71.00735982012606,-28.85138210950482,31.44766720967617,0
22.39972069445013,76.8734920382225,78.4719276711486,-168.71851415637855,0
15.386841538238091,243.39349229924764,-60.34661309461106,-141.5826101273848,0
10.693578993358681,145.80039549151743,-82.41292494667185,17.999094775448818,0
22.615620386348287,335.3559865583473,-8.270041930281149,32.90666864360899,0
17.694550218423295,32.04350456256318,54.217782043853205,-169.56470516624708,0
9.813769228367718,184.1492306914175,48.90025913593424,26.41564368056104,0
14.048306609581958,330.66775095952363,75.51551320430985,121.86090911650932,1
10.621908733076213,325.48091777262186,5.976119586427242,80.03382382582342,0
8.08600134517832,56.35051682966684,-71.98835911802401,-132.7733625885125,1
19.630887737658206,131.98957203472432,15.964015380482895,33.29087312290136,0
24.547083202350652,222.88370401681064,50.111210583578085,62.01090002671684,0
8.007162130904295,57.38215851770478,-73.20093835143125,-166.59676736917496,0
17.814846183452854,348.4879819364659,-58.921667802433845,127.92516072610415,0
11.746787154390864,329.3097583419577,-87.78768099197924,146.25626302433886,0
12.56437308117652,60.102064452408904,16.857464300425868,126.1628184104131,0
12.038030378805654,43.61596605395475,69.6121905502628,116.86732847608077,0
10.68004615160092,30.74705381097551,30.71939688037791,88.18747144592157,0
15.242608139724135,327.3997190531872,86.76721576637676,48.035531261505646,0
10.84524941794481,69.70457152636588,-78.65394255004291,64.30572179577068,0
16.352284128899193,149.8625742759677,72.54019532726932,110.3023056005939,0
14.748809452754315,161.58649163472109,56.53229172960253,58.49944501006966,0
13.805259765667952,215.64397591688433,-33.436526310089114,-62.01829559445445,0
10.462181689792011,25.824723749072987,85.23477933070532,-44.65400322191259,0
12.116143347158337,81.63310226418574,-38.171205329145295,142.9406886140252,0
18.77695612912878,335.3365392908134,70.07485028907932,-173.83604911302172,0
17.504585938121902,327.027638616685,68.53474387335409,71.57540924794154,0
10.112223776007244,281.2646330660492,46.378370988535046,163.71991887307757,0
15.496661527146129,6.9844484225575565,11.424685286313336,74.24214118487052,0
18.756935616858947,117.72243665859676,-68.39950506896015,177.80831576344156,0
6.652973594393141,226.06514472344682,5.754912209369687,67.51616599019908,0
17.716800961899676,99.06847623845125,-25.77667398211178,-167.62930948193002,0
11.686881205270767,327.45121021935984,52.59906596796331,117.72355739289249,0
17.852993342965796,228.20020625967908,46.46325716943208,-77.53323170184512,0
11.183704217287415,25.886418233920416,73.91025132706895,-19.419398760801258,0
5.975589496677404,327.2420119808531,-87.33057076229258,-67.64691027345046,0
6.862287810584187,344.7959969434401,55.6385790281483,-83.32052176451539,0
15.24042473330691,27.97647062102118,78.92316956244038,-24.693946678877268,0
16.29861250860741,191.64968455007337,52.07408083946702,-43.64947856135744,0
10.478416874477958,109.21114159710136,-66.56499722333399,48.00188946333218,1
18.19296229388687,141.42206753330484,-75.3697611286402,112.73443235550381,0
6.6923996886552,64.67443846392308,-86.24785683461386,-73.04808485259332,0
14.669601006763417,208.1059567244685,23.174140649052784,-103.06038498407372,0
8.944919001187717,344.87256716960064,23.341077334779715,60.08229751332322,0
11.740819460989204,181.10613609777926,87.64446855927821,61.315223699081386,0
15.23699335658207,29.849249302013217,-18.352228661262767,144.40724614302184,0
10.697933173580237,223.200480051867,-30.256868718450587,-174.2595528768081,0
13.077222278850874,122.48027800245254,22.396486893190644,127.0946383619436,0
20.0314640460722,308.1330682528672,58.60956105136691,7.560782261408496,0
12.115540652384256,156.48413339392928,78.61931091414033,43.66875210195558,0
19.17846056032571,69.42225921920841,54.56234991222695,-147.10628139789068,0
9.35146572671191,68.79802416881218,-13.198683489155146,-24.258624166063562,0
17.649020889576413,276.75510505961773,24.284562356171545,-98.17113339413143,1
22.207843103289502,95.61153539064956,64.13387880890106,-88.47898917029673,0
2.6417774993635534,276.2040218973203,-1.690256103886898,1.4742412833698681,0
11.015523722647616,74.11943187597578,-50.996404133029316,112.48414214512044,0
17.8853606359027,115.80709273247139,-59.44978084538287,87.7611348521482,0
13.984773069785037,167.57531007829178,-89.97160597594979,32.759985270943375,0
16.855729366856544,339.55050588964224,39.282839096631164,14.19054939124813,0
11.980074066420897,335.42331291137685,-70.0025024077217,-26.169824435583617,0
15.4329489373645,74.47387515202361,-46.108962054730725,170.17559048209907,0
14.221613823039602,128.95885484750622,-36.38226032589719,21.669319524323992,0
20.838910308299038,53.78377984335803,10.868374824618298,-88.57209660760003,0
16.272104216506065,183.59462855285898,-18.367690086761538,-97.16731486558575,0
16.68801331037601,165.80971825007998,31.441318564169126,40.08709107905105,1
12.940615169387662,324.27365848226367,-79.98504132083352,8.217909831934346,0
12.561968879637533,334.80193600478617,-67.6909450324009,-177.2287909363034,1
12.837209060901895,138.08426076262515,-0.1419293640119923,118.82353399048057,0
16.972260711891483,177.0256594868362,-29.346338187570634,73.48404752367647,0
12.895077595898686,322.6450496926079,-36.75359470475525,58.258544284117264,0
16.448874284482063,290.4148107882221,-77.93494577324591,-155.23896322884278,0
25.37700399322719,1.3162720840737396,71.22945145464026,-49.659893937903085,0
19.355623517158463,115.2214431060897,34.527345502509135,156.73761386380303,0
13.369882339160794,151.83872709700532,-68.10873177246312,130.53212688289094,0
21.006069610819726,82.69786212596341,-78.29172760731468,-77.20454236696796,0
12.959623134892244,71.84578172253795,85.47705601762374,-123.45880172431006,0
4.809377324110731,13.60242237444468,32.61105907911087,-18.328335419312253,0
9.95956844541298,231.6131010251138,-14.85790720312653,-51.901063679642085,0
5.646040394870722,94.50370457393963,36.31158733604127,65.60149561415679,0
13.242432579793457,18.84498423527271,46.13972156642863,167.91653163035508,0
15.092091895947759,83.1525517901029,50.39319642998028,-49.319478006277876,0
23.382186561376415,288.68902302100554,-3.982084982449625,-157.59929784519286,0
16.634636868820813,306.5361053927568,-12.621103537527361,143.1410430032587,0
13.904497355955678,173.90384826958896,-88.01494483159794,-166.3380971136465,0
19.147027905917447,149.78544134712703,76.78028072553084,162.9957229751999,0
3.9443234549605743,352.02732966064144,18.595418110009753,59.248594083254325,0
16.17807279054283,72.20327745170516,-53.43229130580574,159.00811503910168,0
18.854325969434836,77.52934182765905,75.52861549585859,-108.12251280636782,0
7.607068771100792,105.07218373310391,74.68774231865335,-165.34807370862924,0
20.718770216034645,62.192634581191435,88.05314958589726,-4.244407820462945,0
16.69248203747207,136.57161535350718,67.33018136501619,-17.77557075475492,0
12.923560430495993,327.9003217163114,89.60118980761165,-60.66278162824218,0
18.163909330531425,221.52522262628673,-45.956486137810934,164.7563307799311,0
26.35346428902198,148.3007575004149,61.604925335862134,116.1301435781156,0
15.909331275292475,336.38788604563734,58.14509558323761,58.16952769521359,0
16.24110293150168,17.447123691296035,-48.43073534026792,-121.37101501038202,0
12.70319550229878,75.6994240446701,-72.28124117982166,84.35642695866889,0
10.750778152676041,203.71989783663324,86.29569246196793,81.72448369190063,0
19.151679082721227,221.5989443495445,-36.715580726290135,-26.975457498237315,0
10.719580870455664,14.24070236254073,66.7605222842051,152.92292749704492,0
15.357831186096963,145.0939528465676,-89.2571121585713,-119.88796239755624,0
12.611712766174417,233.6954273391142,-86.21553470047161,-83.75847753180085,0
17.39489912873196,251.30539670522458,-6.1431644346536896,-157.2392378697719,0
16.66831052643474,229.73036490585693,-47.03135689168856,106.36234494393149,0
20.187699721289498,115.40276076993284,34.17143101847357,43.833378994343015,0
12.449918005726264,33.667244495247424,11.801578602231778,-66.62148995475017,0
13.650625323533143,153.76048071096028,-76.05255645891154,-121.02708110604647,0
10.106181421088463,46.35159745249997,-60.72690666317093,-165.54680278965347,0
12.778533699619443,341.1445170674402,-20.151131389485432,-119.97159529466283,0
16.88650246522426,171.06151176814618,-56.59126848802203,-16.81752731844305,0
18.78494308322676,114.21330276847232,52.60002250390715,-91.01629115618178,0
10.389173379111872,275.86946560280404,-15.107357600409593,-86.76641612449198,0
19.3480296005283,179.261493329615,-73.18226396835013,135.20749200037716,0
21.778189294024756,111.61224864448202,-2.8182775910175284,5.449562445996223,0
17.067174516118506,292.3083872606886,-73.64912740894545,82.53071032622925,0
24.38397906279033,312.1747743604039,-66.79128502443291,-167.1440583498685,0
11.131054004482134,242.28293986392373,-46.87023023492305,-48.54119195590967,0
8.776726483442914,16.907192066760224,64.71498694454816,-7.499034937640947,0
6.106398755478607,203.87623685995155,76.43025581993494,-112.88993212433351,0
22.480221557445915,274.7861683190214,58.726391279772436,-136.73104507960608,0
18.27182828177029,49.141084350089585,-29.866100864787498,133.3093602599433,0
14.722076645447725,82.3214704984572,-40.9596406004103,158.19538575592676,0
16.399843131599102,317.69823782452914,8.848024342243052,-151.62958870365333,0
9.372554763508118,7.243819867106653,39.93356889596022,-54.353263484720486,0
27.22875989808413,270.98176961735135,88.80710186883147,164.98282613201053,0
15.646105909876137,170.55838530519225,-66.31727186179329,-150.06177607231265,0
15.546973973024464,160.83797718225847,-81.12744017571521,51.710894236341446,0
18.62883311949346,2.554751698159383,34.984060019148785,169.999693548122,0
17.405046158683565,294.9833631479374,59.80064103070299,172.16052068929483,0
16.119420121395656,129.53696422916394,62.342780375956174,-10.359600874652433,0
11.04762772277344,194.67562726819546,32.12343883388892,-121.41032119834298,0
17.357341785679978,243.8282470808374,81.72284474145367,-107.24964660812202,0
24.41012248237517,252.9466475176497,1.9808574380256427,140.25650224478207,0
21.727100230774887,344.15282117738604,74.48666370051825,148.20588155870493,1
22.965933133196987,191.28238316517928,84.20618465847414,38.83667179447971,0
12.443921617844074,143.89903835079392,62.48834226055939,95.82350380916809,0
10.051975898707095,343.33330553701484,-34.24345861344829,86.37525052934694,0
14.37106539950176,231.1596846091876,-54.68118278934685,58.25577527607852,0
15.278624561443474,107.33412825956002,8.661611696727316,117.81970375389807,0
20.470957592354743,45.52712834528562,-8.457344931566077,66.7463842945156,1
6.537676851425903,303.31962052746525,67.99650159469194,12.240830069099747,0
22.647751597303067,130.38537700589455,-71.99429920791233,-94.69570946826356,0
14.209960507105054,237.7690996911952,-43.60678896392665,87.79973188270286,0
12.8655946502629,169.49391097172332,45.323810013367535,-9.562367578221194,0
9.93947812369916,71.6147207262138,-72.90240390408381,-73.87499375729664,0
6.725716640671151,216.60717910336743,-32.26240547609397,108.70065926703913,0
19.115852919809573,21.845904822245636,-20.312029070283035,70.81689612709019,1
15.366589835942019,148.8032855536292,22.066883381284196,157.442242724892,1
8.55019550129473,196.78137827892158,-61.53612377051437,-120.44100959320402,0
8.52460613968192,156.97691068268847,64.90880826294772,53.70814246913754,0
13.321076503549358,269.5219830903567,-9.442397616070634,-92.07379148825665,0
23.345107626446964,298.0529836363125,75.06390813850017,145.28987470859101,0
13.702043243181976,277.64750665194407,-5.783415545892312,-144.18021086761834,1
7.4842852344094695,13.97266121224876,-40.49275339066799,56.218250320155796,0
13.771284679570279,69.88635736055,-64.47081083621852,104.79085975009077,0
13.63638215126165,193.17870333495875,-89.32588295196874,-52.22957746870541,0
1.5155667852921417,336.53593455976846,5.788347297270411,163.48970857817133,0
14.728525667410938,300.58443901876205,-70.71179455315378,126.26304645097342,0
13.84532734895661,303.3124230066486,-19.48900254638792,-73.93741211343479,0
18.48103182406709,109.15494975348297,16.068917022675603,-177.28520662224048,0
24.244780474726724,154.60124294833292,-40.376538557513946,-73.20341659749809,0
20.632825147738785,169.45414103373747,-58.459627374099256,-78.72823063053269,0
13.655556547225848,56.65377000596775,49.449892069681496,140.38725870032724,0
9.467370456291649,11.184526888004275,80.4224110106917,168.1636241717091,0
27.866799016249303,340.8850438057861,-71.92072478484612,-154.64160505070626,0
15.296092170072441,86.65653083886242,-61.993741610698585,-10.33386172800598,0
15.069646459564732,86.38160534050728,82.80227830548937,17.39951947072647,0
14.879374564449984,30.016459356753433,-83.19884007379567,-146.5518019213068,0
15.990423803839276,334.2627906997603,85.973820579085,-44.10082471049188,0
14.278197940380286,208.70536137831792,-89.16399304470202,-65.85032973853778,0
12.131689965598818,240.1332685651274,67.26035801723964,12.980287557751433,0
12.265705293798039,328.1676794146989,-34.68146742220509,58.028723903497685,0
14.836233648920008,124.42326080428423,78.94599447191338,73.25463977876397,0
12.282876144331174,223.7426320097103,-32.949848045594614,-130.7681914991805,0
11.435771086614178,13.967803702399486,27.775137876130078,112.6611727000637,0
15.532151138459485,67.23811016320656,-75.5941374421314,64.27513072467322,0
13.725113912895724,299.2484898323793,-46.38063393832698,140.06697002881904,0
22.519964942913443,276.03660828180085,49.26228236626513,-18.23901860324373,0
1.74515095803494,126.23136892457288,5.163453662187547,141.80031457998896,0
20.45753425961231,135.6518259987165,77.03443112166805,131.67868404818716,0
21.230425962488145,192.0795960792886,-12.82474649855623,-22.172640350662945,0
4.633048837959253,0.08676168664843775,66.56622584650616,-42.78840649452769,0
13.286562029598256,86.84796097369004,-9.188021253917247,155.81232538929245,0
13.142795670021043,74.9634510989572,86.26469016635735,77.45930443383756,0
7.962441526410894,90.17386082991484,82.77018865179782,154.16832471770724,1
11.110916562045624,290.1261033120389,-30.755392999905542,106.91092040249269,0
9.447120772670857,100.68258835671953,69.46626067502457,39.34707814490916,0
23.761352217118112,68.94767593805334,62.570047358816865,-138.29300027864477,0
19.678391965737305,181.53484588549134,-52.07752848103869,-75.06695787152455,0
21.357775474970794,311.6322130941835,22.372272140988546,168.78326655542097,0
18.608360320216175,86.88589338149995,-76.91718319383332,-65.00804446288639,0
9.354741143913856,28.27304740540753,60.607929705023096,-146.42824687726653,0
12.377398668601131,128.30570490587928,-58.58174096937062,74.71920813095512,1
17.44687280613959,269.154656843392,-77.25335375056238,84.24153163572632,0
8.889360955540273,198.24859609012606,-17.960562803013985,-77.23522069662572,0
18.56499215086194,294.0456130467651,13.845984947935825,-72.83808743533065,0
13.798373009209326,345.45317313932424,63.885052540758785,-11.198525216837801,0
13.125895962252013,285.35849163058214,85.36365459391257,-172.155978085588,0
18.55479984101746,217.3691083837512,-10.891347737424542,104.1562837300189,0
17.2213165574302,177.60297169885698,-79.11955386265136,-65.84803658131479,0
13.1951691709046,14.424871085376001,44.84080422465672,127.35471672071193,0
20.79664901682124,354.3559123730549,11.731186120308738,108.94695177601214,0
9.594683362000513,138.0532041270153,-9.379557927996636,58.104731922761914,0
18.07967803472132,54.80215701007205,-34.33160181740586,-63.04504784425607,1
17.96550628984192,240.01518794272442,0.4317350118364205,5.873962198021205,0
13.452267803430049,102.34378407436536,-29.037671197734433,-19.861467264734763,0
16.63066511121059,210.88017753517715,46.26213619452485,-58.00252095047728,0
8.744432118073483,211.23644682405285,7.900865368675394,125.32906414914414,1
19.620135096034506,160.4627355250329,67.83259934774016,-5.937453152040497,0
14.075489317785054,301.00270159621533,7.837904636899573,119.78031520697273,0
12.386384897404803,95.38814215995949,-47.112765598812594,-142.12134930894325,0
20.245046129184445,161.5077329823843,63.196538801786005,-129.23107610387913,0
11.478281547286203,193.56916629274974,10.299428087407907,171.8353098406716,0
7.957693518182202,238.90489947622785,-52.768613134158976,31.59664653819226,0
7.216854132380481,282.2298661820122,22.231405792119983,3.517082459657641,0
18.030049756728197,142.13062183617217,-25.610982310363042,8.336182731880202,0
8.597853237518585,232.57689987477457,61.99301021257184,-102.50324134817046,0
23.77397090992182,54.21994310466688,-8.40604704362229,78.73342182071029,0
4.59035296058139,335.7533161952923,40.75944445933501,-149.4789754572884,0
23.48228184145019,137.9011703115613,-72.80348262547732,26.396536717088356,0
16.05508733601309,262.62771191151785,-18.71561766557769,25.476766770924506,0
14.516434440648037,7.322789477583953,86.98345856503177,149.10783268806395,0
12.275404565955252,73.86737144573051,55.5228521058867,9.425811637749725,0
16.995680571760353,175.34971595648807,-61.21065557395284,-130.65742944929536,0
14.811826487875758,316.17088838364475,-40.00247109409408,26.191173329338522,0
20.51650941008261,189.81185398224378,-30.633154405855006,-147.12204802848035,0
15.571138243310198,334.7533736257964,27.065800889180224,-106.63421929202819,0
15.751508807309389,174.16688276980668,46.259056708138,-168.80090969253018,0
13.18193893893072,176.56167482494197,44.91478958542376,4.7856896854193876,0
14.715271881394663,43.10884386019148,1.7773301351525062,-149.56825849431394,0
16.539008844460295,288.9562478947991,55.94769681086722,-11.018023728721547,0
6.449158036716874,88.9075484881425,-11.325945103654488,155.86021271669188,0
8.259072889471435,323.8604961740334,-67.70149824679886,79.11410868695954,0
18.716320470113576,327.8967193189426,11.59953149768639,-152.1317972788945,0
15.85432719063971,339.5916402746939,81.41424922819921,-99.28446760481646,0
14.080083318236605,187.2829760771124,52.73885725065204,62.51847116163632,0
15.092169665326965,243.75376252211197,14.16611658460363,142.09266996870613,0
16.737908526808354,280.26571682219884,26.425018862837447,-168.14930876497664,0
12.301201598453192,47.16526271416762,77.50116486640309,112.48240741941385,0
11.108476372988436,216.344590199099,-12.898297001707114,22.252996921791134,0
15.979226275488408,12.347244469192201,-30.349054990325275,16.592877106701334,0
10.10813611192484,179.1237900199413,85.90348170008082,164.81274579120884,0
17.041263778572358,55.74336538328187,65.41976403186001,89.1520605348383,0
6.487081978810798,65.8522533463505,-31.85215476865157,126.04279250020029,0
20.145778186628217,131.41712400933656,-6.5194924750338945,-52.56159496391999,0
17.362987412065216,155.6773800179411,-15.28593677859617,19.57105469822754,0
16.28014867156938,224.34207283158742,-63.162777839141896,41.54604387399747,0
19.91345491972757,26.79423063786564,82.40747828638663,-64.22978146951257,0
23.32737222231288,181.32903404548006,-17.223762380443418,25.289324981063825,0
20.07185032509065,65.7450468911164,67.55923487482343,-94.80406338730302,0
5.795628843341774,206.63106301142707,-55.915879017480286,-128.38475841543377,0
8.602115166321493,229.46566041402605,8.616745914699557,-45.37070666016025,0
11.875907111521606,200.4153323590274,-85.68695067763143,86.14426634871732,0
15.130455251054169,265.78638377219073,47.559687091615544,149.82737330659953,0
17.588295102345615,120.81932792672448,14.564501684330107,-15.222941460636292,0
11.371280934232672,275.4383729879271,22.60612502455548,51.4165277791554,0
15.933833822385392,155.79614941494972,-80.69024114016237,-142.90663284896382,0
11.223085338233387,174.30641939613486,-52.013100562449225,145.60695307883836,0
11.942410985040258,233.3167658139857,-76.62044297635558,24.697516885176384,0
7.966694515758888,6.609018239720625,-37.99542315531388,100.92176914505653,0
10.383833769445479,235.4379197112894,22.93902138278718,105.99883233170178,0
8.241576971918331,222.69065366596152,11.913477177127538,-87.66701050748186,0
10.120633735113337,111.54496203118077,20.186967890410248,10.50280314546583,0
20.268208983039198,30.885942563816215,8.865228848020976,165.77271056195187,0
10.253005555840286,32.736761968694815,-40.85481677834532,-147.731563864502,0
28.161910324186955,332.3605489146823,-45.98865047800346,65.89796329064282,0
17.466589504404446,248.14055564130138,-65.32925696341538,166.41506809266193,0
15.92418061847437,45.75694095746654,62.83275748262858,-71.79224110055202,0
10.708211099093933,128.4203409512063,20.966284537424006,130.12125170556533,0
18.501549397044954,213.29387780457472,-56.428017749269245,156.1167163469778,0
12.12181086881113,300.80581383263353,-58.102311632176885,88.95103538213702,0
15.610049073226808,15.71793433668307,67.1464082747046,-96.72180756949503,0
27.800422691343975,85.18792732920319,43.69155547739748,-59.7597412224262,0
14.51970050137675,320.3096365063368,28.69183438296685,-167.10865400961694,0
20.74636663142838,3.2995980661739344,-16.764460642926036,119.32316432832788,0
11.484117874370563,72.50367700579946,-42.84439842986684,125.86002714398877,0
14.825057547515192,345.24870335026776,86.30113736030827,47.77571158782938,0
23.85400317817755,220.82466474798161,53.50312350410403,-53.08997354501352,0
11.865164711061164,94.20169198950232,-35.67973983547024,-152.34803004962862,0
24.062242789984644,24.116793982505136,62.56166333012904,91.1007395693674,0
18.538759677277376,10.148882560999976,46.607750750642666,81.54942969957223,0
12.187666120528661,88.10822866929382,-36.525501021960295,148.53690782600435,0
18.162038695277605,317.33489505200777,-13.220486236504856,82.99152756193038,0
19.86277224813365,149.7289155471034,-56.528379829615204,118.33017920784067,0
18.10904981108598,259.3200128997575,-70.01056001194031,88.54366244543984,0
7.148876400547718,330.58261273678477,40.09716591114542,47.04738779243391,0
11.364314120875656,146.89456617701398,-41.84786567630401,-26.292098091236674,0
13.762406822242477,68.85985357346294,57.61068583432565,144.76223111122002,0
14.627832854499768,186.162455108491,89.2095680725967,54.34868588668913,0
18.10336048775339,326.9101273415476,-76.20843349266323,-36.59208409227274,1
15.88850500466627,289.5747890895722,-4.853677484933952,-149.9510537344954,0
8.323278206449494,23.698743610735363,54.37126067594455,-75.34625187442244,0
16.900989255029817,249.32620802792945,52.011161377422034,15.741624538859313,1
18.052928726419115,205.88310808522334,46.79948849957432,-80.77126679416996,0
17.7989522396552,326.6867434847132,-27.18091164565603,-100.35527474955524,0
20.403903627773108,44.093310066107,-8.306413976690585,9.861665071624985,0
19.16961077274452,192.2530007536764,17.094304321464644,-118.86467547753556,1
17.295900396142184,316.6065696642812,85.3093050431863,108.14762279703724,0
14.649171442706765,147.60856322702747,-31.04149123107128,-5.627465516643126,0
6.695195332420045,173.51817038383214,76.1658997890344,26.590598626554062,0
17.14809109566293,25.365843960104986,-41.51575472751106,-126.94202366495452,0
16.038438435815557,100.13171056160789,88.03340378526683,-63.15251917342774,1
16.357894185976868,116.82239370082104,30.647463628966513,-32.36771402598495,0
8.616257120898451,340.2440815481593,-6.56793353546083,110.95661898594106,0
9.594717297958688,101.76024979481726,20.41027705144888,97.25742831101492,0
20.26576426666452,165.91274469707471,-40.94438957276277,-99.7281090764347,0
14.802224230716725,241.66959248314072,-40.64870564793601,41.824469378522785,0
18.40750348686312,58.38601406683586,-69.5601821081711,-92.35571120208087,0
15.141591880652296,175.1192593710748,-69.47094641302823,175.76897604848833,0
15.148780697478717,265.8740542113267,-27.41908653559596,162.76459612711344,0
19.691419029879988,312.0678766897438,47.3139860213469,22.775299387423374,0
12.419776358913131,225.4533388784736,19.434810167669248,71.60492588189146,0
15.480603884704918,240.85926551410125,-71.53477914041625,108.51493759511222,0
12.688623556474786,45.46205013044482,63.40257449566397,79.5594312161654,0
12.827518862838422,340.479539008685,18.246172858211953,71.9383287896715,0
13.454139382656804,47.72666789441365,82.95400382126036,165.0794428618301,0
16.110668858168562,278.8822573854474,30.63338413401736,34.72419827062198,0
12.606256891682614,95.33387584019478,-58.46852453324742,49.068961854860035,0
21.278780627867604,336.0935317324506,-4.718994784591994,125.73675015774522,1
10.52696348890248,259.18543417301265,26.729567558496747,61.16071242902645,0
14.065641779193205,271.3729366722128,-84.91235381100401,83.85574392630811,0
12.801344708629125,78.861302301558,-87.31615245213457,-95.69927296920872,0
22.234889421768663,159.4943915886579,-66.70745989225777,-46.34390731857448,0
15.982773882557874,222.4127500521431,-44.700401691815266,-126.97151554371851,0
20.159222697343175,277.19050255437634,-12.681157766278403,2.0755592405299694,0
7.572198134815141,37.42537532846025,-2.260714723238091,-15.938135755111329,0
16.335251329346296,346.4515139236302,-65.15503039117858,178.97861314060447,1
19.448153978117187,320.47944139964017,31.210484240849546,40.035115013595295,0
15.411419946377121,97.32549257841036,17.30485110537627,103.12013634999239,1
20.327401875326757,296.19368749163954,-36.99646220859116,-59.75471852724448,0
12.413557749498139,186.59661229433644,-87.54122098164744,119.35631928340675,0
22.0467372009279,166.2503333623267,-76.02337523640767,41.430587935566024,0
26.49449061809625,113.19627809210594,-19.494940408048905,70.91723937543783,0
13.185807197801704,209.1486911873733,-62.2846167901769,-74.00491993819642,0
12.77248739299614,262.7600823732952,-22.17247089336525,17.509821010407776,0
22.266922385588504,147.93584578659298,23.072868811863923,48.25331042889911,0
22.897860728653562,226.51890948298515,8.502737018271036,32.074083293969174,0
12.385699864233658,251.75265161590934,-48.388341035269036,149.46973611284395,0
12.899065914520712,256.0038541255029,-28.111951573424566,143.37815921731925,0
13.591076955697464,18.70779532722489,20.52561572075711,169.5542608356734,0
8.277747444828615,309.5092100466241,64.95390504782077,60.27408216251617,0
10.406740267579009,164.97119331541725,45.5784189729979,169.88908684524645,0
9.97929616623966,94.4697894106372,9.612004830014689,119.69208001148719,0
11.161012174479358,87.03522269268537,-24.787260303032483,-82.50042947761466,0
14.826575563066095,173.88508062382218,-24.29077004247502,-26.12315896153305,0
16.171073662682602,319.2593542088253,68.29511584759129,-94.17872081195648,0
22.752502464070385,136.2051294057529,-82.93615631270164,-178.48902210099652,0
10.008229796306045,269.9012688420756,87.83687599564698,-112.3024488671129,0
19.921611992382918,34.854743155398694,29.587573953281208,-178.53818893672477,0
13.930055778872456,171.38041277438225,32.60478583303029,79.1418460861764,0
14.752681451737836,357.00701054138483,-83.16038928514641,-26.807652820368162,0
18.374097460833017,277.35760900524133,18.99526948042899,-67.47309825197102,0
9.386389892188507,75.79025583862068,-2.739949183719541,94.21952079426765,0
16.912048730920255,180.51893053124786,-70.95979675906794,119.69523886307222,0
15.83226104106528,84.10491491348395,-39.974038061515365,171.10783391395677,0
17.462256320040744,147.44193381450333,70.25660211845722,51.12489048308682,0
16.44584321953909,280.83024854458733,8.997914855871528,-13.849574925581383,0
27.27650069955447,277.64093350454533,-15.585016468696429,-70.10485142132308,0
11.81130007874342,82.11613604485865,-76.91721194865403,-99.96544468287854,0
12.345015224990911,332.00039453574965,38.54187493241501,-103.34665782626357,0
11.884297367876178,213.32454579533766,36.51314821128586,-32.69182510087244,0
12.222614404198726,136.77274474632523,20.52784925506144,177.04308790365474,0
11.813064363467412,180.69680908110982,1.8472763197168574,-179.69266892253484,0
20.94508265553776,217.82565123758772,-11.918807602672917,-109.00587699683972,0
22.102521239949276,201.56059146448274,16.788796737838613,-112.17852633471342,0
12.146268531252618,175.10581279302414,-47.988818688886795,78.16301479162523,0
10.838222134478857,181.77580947218405,79.42663155197658,-53.10549806469774,0
17.35707778193202,63.508287754039024,15.983015252441321,-15.38611034694458,0
12.238884778595143,292.58384554968455,-33.985360016212226,-126.49531303083421,0
18.164659088777555,195.03371517876553,-9.057626840671691,-34.20106600429882,0
16.0146151042565,47.18875021369311,55.02326199784062,-142.848067713899,0
7.42127942501384,275.81655656980007,-60.909109068546464,11.895583639889926,0
22.73752600665031,335.6798322158463,-37.28958795715313,-144.74218846217187,0
23.979388365477607,341.03048372530634,32.311444092579976,104.58301722233625,0
11.93605654757807,132.84638366802218,-33.2119428331997,23.976618314576218,0
13.06149220032008,48.78607448187145,52.650302735063875,80.62843455846608,0
16.429326953624525,186.62386558790345,-66.51837230807504,-29.334100805033806,0
16.672283949935125,40.539322565719445,47.28351068182953,-42.663134432798174,0
18.29272136336415,336.2354706645422,-77.69669132689808,-144.6447999424091,0
25.051022693831747,66.08866584785255,-87.73332971985094,8.588018535416149,0
14.115263862529753,90.99570958241907,71.68023338978918,5.220779348553117,0
11.008513777307732,146.38914967858935,14.641059047813751,-11.483263998142075,0
8.103403859927363,137.9392086812853,-26.671158524373936,86.58661128568173,0
11.345349800290405,286.07864126324006,-48.13296534650693,119.70158401164761,0
14.834365135631014,164.27405539834643,21.0394409869469,90.28428298146292,0
23.972789317588937,61.47657360120128,1.6203930366128771,-128.2083325895362,0
12.411943504819142,96.19556237498668,88.48759959539733,43.9414233415589,0
16.118939758194493,183.28081866750793,86.97887759767424,-151.08368195176797,0
14.91788551963624,53.08341027340856,24.304421905489733,70.06402347857154,0
20.94196636724042,220.19604323256507,-10.283308900939707,-42.53792523799439,0
27.63466212936811,203.66903035841253,-1.5946255557608224,-132.30037574413683,0
12.345656135398396,257.29283389761275,32.84623192263515,130.338308511406,0
12.55280278740889,337.5736615365724,-71.71658203763135,41.04300205401745,0
20.22080438534536,328.41164199641605,-30.896626714070727,-52.2990115388901,0
18.40945744813156,340.5872225047793,-76.4509966193513,-168.93821532582018,0
24.233536628680167,88.09761492853234,-76.79506328695447,13.431693241299785,0
17.91964092662982,47.36351039016766,-54.74893645903793,152.36131625504373,0
13.203539546064702,108.81961217872146,-2.6544141732191617,34.69673977285166,0
17.953274153461546,322.23066219587326,51.25937780930208,169.79421766301755,0
20.543517902914537,349.93925086445574,-2.610739590142941,-130.87759742263492,0
19.102410905986822,309.35698238537134,-29.614210099043447,24.589837654141267,0
17.53637015553649,39.6063796059157,-75.17646173938354,107.3250172823146,0
20.33337344794577,341.07407930152556,9.053194172963323,9.194663205257832,0
20.846477952228362,152.40888984628296,-41.17165443302818,-147.21611184450987,0
21.910794955187637,3.3517046744473245,20.688152025086538,29.838960556998373,0
18.243549437948214,159.2617466693497,85.89379304383529,40.225646103289805,0
14.164409598415729,16.584901083168333,-69.96342213404097,82.33532945112692,0
15.733568432166614,195.7960516180023,-51.817428230050815,94.0361454595706,0
21.032544832541785,121.87944987733847,-4.842983142112547,97.47816775581859,0
10.91532164506382,170.43657609385755,84.35048676226731,58.839981710027764,0
16.843366544364507,220.74132986752213,48.9257597285992,-102.30797288928306,0
13.033305938363197,312.7683944944153,71.68125476930942,-34.47512789778743,0
15.143724114674088,238.2845675298943,-29.931327274357276,99.4067901411835,0
21.392259313036494,156.25759265214504,88.56692528014702,163.23371402429277,0
15.955495340099517,294.99402732133143,-71.49009310845167,-151.57909265881608,0
15.232182740780743,326.0095695263276,-80.46487691170185,12.793204006990138,0
8.200719295100404,43.113587915591,64.00847286972507,-67.49198232324969,0
18.731267830136105,191.4958719190049,76.90767663725752,-98.85819804594128,0
18.227420905705376,102.4243055072799,-73.69463564170168,2.0918460670974115,0
25.8162736165273,16.942031235701066,-69.58306318574853,38.19216260035323,0
13.461108825234998,240.67681024103473,-84.02865160396071,-176.48199668898675,0
16.095751638319694,310.5974798853212,-71.18863872430967,100.87436599242874,0
16.246918418553776,58.64495561186186,-52.30443297594944,115.15756725340115,0
22.88726639881737,292.4689167446042,84.61379140380018,167.5838968444559,0
14.52352233806524,307.22246407329897,30.21484000314248,-114.96825603910982,0
16.395107628851697,329.16255935993405,50.13954459333758,34.03892244994128,0
18.039482548582697,95.50263207097888,49.70509266447398,-26.41486554849798,0
15.93304561578179,325.4231034683601,6.313274960258632,-59.46197344007376,0
12.767831927247359,115.43859170511561,53.548015988343096,23.628042517501676,0
15.970449964491538,198.84168484398103,17.245355830194534,101.6579135604781,0
20.36815874929886,18.182689499621567,-33.38170243139563,-171.70099795972436,0
9.8674235029447,15.797191812747698,10.999819578312131,168.98404052382722,0
15.66484837073438,259.33435658359303,6.031545504212423,111.55737085405588,0
11.499395925304134,160.01279207200477,58.22154967667772,90.41533331240824,0
20.975233144624212,92.26525513291833,86.71089912869863,93.73945758498127,0
7.384065476081126,68.54885856896767,-16.012338224232504,-39.93814453728507,0
12.205390763642058,241.1832567093185,47.410322119444736,90.58339830413294,0
16.886059375322603,0.1445558491223542,-72.04265927313597,-40.762724902935254,0
22.827620146171704,290.1208209108675,49.82964650069194,143.53445864692551,0
14.67124869463506,28.529858206774374,-23.144955841218216,-116.19994200967092,0
12.224002366534009,68.936261366923,-82.9097706798564,-74.75492728254547,0
24.40578534720295,139.04510230767227,-24.6156878588081,18.481515371667392,0
7.75993049791878,174.5491462977973,19.91569516589606,-65.08402708058189,0
4.00597021689959,127.79824169301907,-68.53496981733602,-27.274591693701574,0
17.20007225026666,115.4563793943458,76.32620863744583,-2.7278318165059146,0
12.489728878236944,347.0097643463478,-76.01896561088905,128.28720557286312,0
9.893835914346434,230.96868524762192,77.40120956996991,8.349211299129413,0
18.541782236496765,8.435863932259755,37.28475322842356,-49.51445449875823,0
16.219003568855996,154.86332703995274,-30.65180842544335,-90.81498094735832,0
12.179606846316359,315.0031319078293,-19.66493741236322,-32.87664763480901,0
8.598478006645529,108.52422710784046,43.34568565189395,5.664997589173164,0
19.362286641400722,34.040284118779766,18.264798158617324,88.60134859316508,1
18.251005889793305,273.0185177723704,30.895725861890135,-136.42244057795807,0
14.504120681103085,218.16497949698925,-19.9503690275736,-100.22069223390568,0
24.233184980238327,205.3125028175414,-2.1935732746321834,-43.32455428727765,0
9.649576168369236,19.287561458666854,88.17614712682081,-50.25657415697474,0
7.372374145376305,50.579643526386235,-51.49388331005081,-38.970688462123775,0
11.540459650593778,224.11778263672096,-14.785886426016345,105.66765527051685,0
14.772069918222511,74.8165829251809,-37.471826236685885,-63.30441493361767,0
16.21669724661346,181.46522870943275,47.72007187917297,0.6833449449592743,0
13.793819710718351,196.15740697058163,47.52227261982973,44.60653182884274,0
16.760276982571483,102.06258849753819,-37.35981702046874,-96.41572193390216,0
8.742302879047779,341.43305599493743,-75.34974300606308,78.730339373114,0
22.218823020366298,303.28707846080704,-87.94211819900327,16.96007510578115,0
14.589244108037155,260.05446274780746,-13.05890401635261,-19.1587813087039,0
20.58647915794064,28.077791907387272,-16.139233019561242,111.52224962579298,0
16.71362673188852,38.206806951246996,87.91017815517533,-92.34170669333449,0
17.283766095768918,177.40128451138406,-5.435626374417668,137.94334942115634,0
17.84883640116102,57.85680570875484,-43.84469347642428,21.97754473201335,0
17.238542800086574,352.1755668706107,70.42129938566413,39.30295657667695,0
18.21361379933772,57.0672842498674,-1.607769062355875,135.0212271008194,0
21.645762650662157,175.48842076703065,17.851614337904007,114.32976762576095,0
15.982605848507351,131.08358046294194,-72.77963212292171,36.56234477588412,0
18.54501878794256,230.17911172347527,-21.07504668064067,91.14757338534268,0
14.551321528563866,46.45310720019297,79.96026140528161,-24.004983516157136,0
22.200586077247365,154.91391409526074,16.110969151576576,17.055991259908655,0
11.618038489703652,98.89381181057172,-27.989666074356897,-157.654750784936,0
24.00470216455408,319.5905488818077,22.620092513686757,-147.65114951998314,0
14.799210246778284,14.61085636849023,73.8739961240609,118.59314550707953,0
7.8461244894097595,328.9418978423253,-40.68169191493379,-158.5182039543012,0
15.640522074553946,299.87788987908016,0.9210093247213935,-119.01631477226138,0
11.594741712625595,107.12545791869357,82.56431770411596,106.49975722215895,0
19.203217744943622,284.1446356837577,-58.96869420627852,-179.58745777382774,1
11.736880103488044,11.236881721949121,39.53950660740808,-78.33444161548886,0
12.7690828339261,348.0715981056217,20.606581476536824,30.253916817583843,0
5.552296345272345,189.57417933232415,32.341523605314265,34.36197532894677,0
12.738468403754617,109.1811693835603,-26.780466479837457,99.77504696261049,0
2.8806033668552167,130.52995653408374,-33.50171277292231,2.1334516171813567,0
7.0804858825713834,23.90592724577905,33.15774070590668,3.384673031149319,1
18.802073280721487,356.1658250551341,-51.20220868118184,81.11180719465216,0
18.92900079325416,14.145100254249282,-14.46214592537908,-0.4951932241379353,0
17.127287808924823,235.76656433322924,-56.12856371047476,39.05679116290206,0
10.165119284353935,159.38493397432498,-88.50512859780065,143.19866457181837,0
14.7614432192901,341.60983854793744,84.61032480685249,-35.47763725954609,0
14.981987304547157,88.55990651044625,-12.293463841844572,-41.354974469080005,0
9.208176554037289,191.5512566176841,84.48293059556855,-178.72236292868232,1
22.51699150883575,173.64823508979106,-64.7417664417913,40.833454147643494,0
19.38681145287836,253.03191985803647,15.72602030234749,-169.28211333343248,0
13.89517913085168,24.483683502871383,-53.824674097576874,1.4934563021938585,0
15.134429194972654,69.76408680840774,52.21334285338945,109.52416405160159,0
16.04191403973776,77.24333523342594,51.06653797697554,17.97158538707872,0
4.791325657878547,265.73427174300826,-69.73071317292387,-82.93098052199664,0
13.764113087397016,68.08993067762643,74.17160151775005,103.02063172177365,0
11.590078760011007,206.4570350007516,-54.96666350341957,-82.90187853028601,0
9.991899950525422,77.48777538034334,20.335921486084864,83.89144114052354,0
13.594498535570226,310.1849820302322,87.41405161578673,39.69304386848325,0
23.988432634247612,339.18676361626984,68.8313762579455,-118.80133317071956,0
18.20421430633505,186.65747097920655,82.18150714101043,145.84819494390686,0
12.144105051086015,126.83119831530418,-28.3322211807385,-107.76827413540954,1
17.862913906780793,84.26079900629969,-70.9963844004966,176.25134669064113,1
21.99677718293001,17.921160548295756,-56.09756280789898,-177.3682240842213,0
19.623168414563843,96.66002743109834,0.08908111379048789,-85.14598422855491,0
15.29815184960087,235.52488078031445,52.781342089197985,-108.05029298128841,0
11.765316111472131,192.1020952713159,-62.97234404690246,-174.96237233863346,0
18.49111656806795,339.85486018113386,28.751675806936277,83.6524440530336,0
16.967426927108747,142.6598144970122,-31.756031272887867,69.63328875585465,0
19.47596610013866,249.79080323822203,-28.58362696941237,105.24634716777497,0
18.175859008409848,176.1561890910437,29.145191428426738,-87.5885232727565,0
20.247763576596675,184.5274377327162,-5.940104484020361,-20.039339850130823,0
12.32382394219716,96.3987532574823,56.1659927446789,57.28086778375709,0
21.586970328171628,163.78227966311988,-61.93466826069113,-21.683338600268307,0
15.987998023461998,169.4825989245746,52.190688558066924,71.03727731444967,0
25.376304363126327,254.3913078296162,-78.43765534966424,48.23042703855917,0
11.554060909552161,338.630399707001,-55.070301555791104,-138.72679091201647,0
23.679819015826247,118.55565989370155,28.10694861056977,101.1755235877085,0
15.98955391731324,15.19216868926744,63.88661817199282,79.44348927330657,0
11.742909981927758,178.6662451802303,-44.51766700691717,56.10037954226591,0
12.580570829728392,196.0060795737007,-31.105510950795672,-124.16630174243916,0
13.3982634590284,60.63859840748949,6.68173469161319,-83.52127843366908,0
17.120829732009582,273.767258259384,-51.91689483192558,-38.456268628463846,0
17.6141774401775,354.574479038937,56.00812708575101,-79.22533620368037,0
12.131499980307105,340.47889812304595,49.254596101036945,-97.98829535659267,0
14.878227038695085,70.95817397651479,-63.84749184615931,109.92876125823926,1
25.71135179305932,315.1307663642739,-6.510648273006218,49.76360868967285,0
23.637715850503557,253.6177091082065,49.46899799783185,23.56996735809012,0
17.18161834837016,163.38476297048817,-29.280684401385336,-98.6570240928286,0
15.190017390841001,194.61995795690245,23.9592280891917,150.50756241671087,0
15.600156633591306,305.85606299368493,-80.96163813763691,-111.17410592496614,0
18.067589863652085,172.84857826981434,19.563976895277236,106.18233581688375,0
9.886037174007972,134.35465287784567,-62.52246359989074,168.0021600139055,0
13.713117312883274,177.5690974893549,59.50499852060124,81.75338252072498,0
6.657079630612051,208.48672945261768,-26.019096555513876,177.4291590664667,0
16.996115613026397,68.06795536020559,-39.32030470892477,54.37840211206081,0
18.235979698513706,324.32678289611664,61.360015808067295,-101.71427630259781,0
12.584067688503131,242.70730157866097,-80.97407584707416,-106.62498226205592,0
22.869933816450164,227.976810241496,-18.610416119817938,-63.156857668028515,0
8.871171684988294,35.81864142502973,-23.399362696494354,-177.43319272043783,0
7.6781255989509,217.50261774213305,-38.73593263508085,65.41144922982045,0
16.122259092799858,43.54583840585724,74.11577976026587,-83.27959753398207,0
20.235491513060772,28.33116307034366,45.16711083301001,113.46596362539101,0
23.419638457289345,189.8319224312616,-78.49383044545102,-50.69784579865191,0
12.7055786856553,145.0027922567382,38.64374089829174,-7.215662353207426,0
20.39340416715648,211.97169725624036,4.913843963182911,167.64800996173292,0
14.807457652496463,32.11998050060589,72.15622099228426,-92.81803570298025,0
14.136863500295902,155.15390262501302,-33.669788877295474,79.65147507470624,0
19.41829968743336,62.92321741625687,13.349159929724925,91.84240414995018,0
18.2616143920671,355.35603093268196,0.1359494533774841,-100.44066329149135,0
7.118039215078753,202.01407647666278,-1.8790368790309686,0.35886118039042625,1
22.38270174862948,247.47726993871223,-7.901028086901727,-53.9273068873314,0
21.900456770737257,117.15058104573882,-52.98669440418937,97.88624762403211,0
11.872186492452354,34.10600932056389,46.0277860486307,44.09399485045347,0
16.979017667187044,351.31351060207317,-8.759514106928037,-8.646100250203066,0
17.470150931413695,103.05325273794595,82.53292950046902,100.57077541717857,0
16.303368829119535,152.5709466624867,-43.054483105300264,-95.34399479696987,0
12.2484742307729,233.951011812927,32.893891132867395,91.30387701036926,0
11.641883160309742,8.891027167000063,79.32907433503952,131.53475235341676,0
14.872229645042774,291.6932869862233,29.422498142896657,136.30377485072609,0
20.863645096296825,193.1681484103033,66.82912337113103,102.12249348705737,0
17.71800077297216,100.15818734477597,58.9465727562611,-33.11489988062325,0
13.14692833956947,22.17887470528893,-25.17881121197931,173.4508881784177,0
18.858493553241722,58.49942957079892,18.022309189109375,-43.34628822392165,0
0.7572868968496227,322.2121891872373,-61.87295883395599,49.90514367687324,0
20.743828501860516,246.96872061692076,6.394658885207916,-122.01329589499127,1
6.301431106109502,89.96461978928035,-48.5240450734193,172.9616035091014,0
13.187795292984339,23.61627538021063,43.8726266914402,73.43493187127876,0
9.40165052686928,248.62151245918906,5.050515940582427,91.21591628869261,0
8.526592621395473,206.06678134839544,-15.979074726301112,-156.32038677198793,0
20.804133936892597,145.6270288049646,-41.61652268994404,94.83041311944184,0
12.661493993440542,130.90012170842297,89.76572673143163,98.90043451941648,0
16.73251940865358,78.05313933447898,-77.09210624071211,61.83818149040275,0
14.76539710560408,241.06005235350634,-82.1590774969644,-74.91253903547629,0
17.385204136115608,349.4404900057934,-50.89366791110438,-3.711584822082652,0
15.384109455301276,63.257488501257306,84.79304255300754,-140.24362632886206,0
8.585038879057151,214.96198320558122,86.2628702975972,-10.228656074705063,0
19.9813340972357,152.70662006855144,27.88699225898447,-92.22341306385425,0
12.531217084193438,160.80793982807936,68.41920009715285,-54.32508486213046,0
7.217090506701245,91.49302084601318,-51.48688844865683,-121.4638529746685,0
12.859424195170437,297.04855523811085,84.96757695179224,-97.18042761111707,0
22.503798953171554,174.6920174930068,-64.29872697487836,-152.43528894475816,1
19.251108710567465,195.62610679137507,-71.7974661273015,151.16449191729168,0
13.256739327960704,109.71392860703727,-69.80192293549088,10.94784767114521,1
13.253711478407856,65.4510476401019,13.163026189061641,-37.17289034541371,0
13.391824743913087,30.927739753015373,50.57539212924942,12.610516596762205,0
25.383739917804206,257.0828907329697,-23.999907982566043,46.18556225335896,0
16.909677261157768,70.64434140762802,86.02127780150278,151.87636561296566,0
17.150208235955347,248.42712750796719,-11.804375138700696,-115.6705371769272,0
20.15141727015921,140.5355205769034,-62.91926086082107,-73.60110049132166,0
16.193945795132567,149.67892835627453,-6.125985326495393,171.2841610838813,0
13.704789270896484,168.90389859339783,32.22668977603917,-46.370524806531215,0
14.018250754575108,132.37506292591556,59.80064049078816,-171.87780572736204,0
14.64199370292968,36.22319180013243,-7.421707807813275,-126.84834265062283,0
14.813888817450792,111.46745160102448,16.849228688850147,-170.51806737052127,0
18.6381477181849,238.94436984981783,-41.8779518114064,176.37233127146223,0
15.259729429036497,239.68238452879353,26.264974752992522,-79.6064943631597,0
18.663200386077897,103.04075060639798,87.47494991106187,152.47539249704135,0
14.596417099457089,165.63694556076766,-81.1703569341971,178.51905927349767,0
15.393175951580453,69.6410020842975,69.5755207269302,35.94283961152112,0
5.008996577339461,75.73394935074089,11.210850498154102,-168.04932657639776,0
19.58163837351241,8.296951826378667,-44.622241278786014,-150.6270130607063,0
16.732442379489964,322.82875796678803,81.88014780166642,-6.62794016116401,0
19.99005054929826,75.85439942696624,-2.9962254493981932,-33.77807535186505,0
0.5187231090315536,81.91219569712679,-30.29575469879059,38.223830081436354,1
25.441873523903638,100.65651575224746,-57.330426911248594,-22.01478850390898,0
14.30205185922413,45.86690581035444,-45.998602153800825,156.26766573773438,0
20.540914083687582,230.13463794529062,59.91282748645966,12.506297548863984,0
9.800470364372346,27.051463143931166,20.59380167708985,69.7413821264792,0
18.06386952531285,48.31287347748609,74.3842115078969,142.73469815129877,0
9.73292218413172,232.11242157243342,-48.24567861159855,-127.12612470004534,0
11.881155196520975,122.27782337331939,-68.19505670719774,-97.29552451732972,0
24.57015676933393,254.86121761242805,-88.9042444243938,-141.3652822293546,0
14.046587996183266,200.67290808125114,1.415166770878884,-129.73017627723158,0
16.087164365898616,92.16762230214471,89.69524746875787,4.530228096323929,0
19.35033865344377,234.2980621761581,35.093748387355014,-64.37546677171295,1
17.47840943986302,41.85852490543704,-34.488973446273704,-27.65777777036824,0
15.752094525717881,193.10773790881095,67.8345449447109,173.69633944586224,0
16.824805012331126,157.37331781621248,50.710007877832744,-123.58643479345868,0
27.017077926191376,96.43448981427868,-87.22527010622294,14.692345487307211,0
14.711906014832072,217.44179918622004,57.03488649738404,-144.40638418068565,0
16.005495233574837,313.6800932425017,-35.905183697070726,-65.3413272250037,0
20.25327198003806,359.6056919147076,-63.058776374951805,9.909332522855498,0
20.52762966478992,218.79459674763282,-49.26044884732658,160.78742854752159,0
20.9351515278019,145.69411475850126,-5.6556352124749765,-39.15784033794612,0
18.19365111014592,81.07455607783258,-13.523773127758016,-156.63358936271885,0
9.284975436347583,92.55459218224023,-38.00028611263919,-40.26187873428591,1
23.16715766150548,172.60379213391565,-59.000702002734116,-127.53317668536802,0
9.26827303490656,132.21997246105533,47.20154213559047,-97.2037392150797,0
16.513177326195166,328.97322814497994,88.21976107228508,42.51262433939655,0
11.228620749903211,132.58636835605543,50.00248447554428,-155.7274081666746,0
14.679308267035037,134.44005281235678,-36.73134581912258,-12.699447749986547,1
16.643812051517404,138.0724244762317,-45.934386945815994,39.406170963875184,0
16.606786077251364,301.1832757323569,-50.82014230813112,-28.130978747701118,0
17.109603771176424,234.28379550488467,-65.39488659197347,-173.11451377545708,1
23.068556345293235,221.10078611480137,9.239498944614219,174.78696848503154,0
17.2676715075699,120.29148805819038,18.972066951601953,-47.83832375740729,0
13.779216823546756,294.4455036596782,36.99047891936471,100.2877872959761,0
19.82043584144179,13.810990088052408,32.43840676806023,-62.76726281251684,0
20.947352444623203,313.48698204172075,-37.380003968991154,-8.993967482369221,0
8.861960924315039,184.58996392581466,-30.54401902856762,-40.15308866004125,0
17.98700034924929,143.3700845508286,32.67261637962081,-56.68587737654123,0
18.505863711554493,178.98022105836685,-27.0994246589469,-172.13350420519964,0
13.51218248320004,240.2695909921792,-51.72782586852365,-50.39246237237874,0
21.8785340665581,4.59555354644305,-22.61949233458688,140.2163965438308,0
14.249722064837364,313.75866832496916,-41.02485163596402,68.54160189372612,0
15.627882267357712,160.82622911210143,-74.103710180656,-127.64777072564166,0
14.134640878580653,123.46794709202814,59.425002409797635,32.815801664186104,0
15.077895237907338,49.76840362826056,63.56005004826654,141.20310958159374,0
9.518624565523991,158.20753476903917,-50.444945969961694,72.01225474734795,0
7.799745587028529,178.67619766237638,-78.34100408546368,-126.47361875158919,0
22.972525316124862,145.312810017652,42.988938723212314,132.41969882441882,0
10.765193258408361,244.31763377768294,-51.92484734458554,-71.44415521600847,0
10.043038252718464,151.52275035332136,-19.181611901365155,-16.53258804755696,0
4.233049431981426,346.1103280247664,-78.455654597271,9.411393488092692,0
11.805191261552489,215.73990641649306,-49.27147474348167,126.18237757615029,0
8.384551032962507,290.6920568346872,52.72241009933444,155.37869825315798,0
23.210075800681846,39.36812511941238,54.791360444736334,154.67503600460017,0
20.04908544671317,143.02486546052606,-52.724731520212124,-177.13649473972538,0
11.559248274111381,121.26517252097497,-29.535507880795883,151.87985481076458,0
26.262179026721544,205.01365972917304,-65.83708456312615,-160.42069223943395,0
19.90882743495797,310.00086722211324,-76.64892654871397,-84.32148354572327,0
13.375843082456887,28.2017583943224,88.5909086007137,5.395627702019854,0
2.5029714256321367,26.126927296095882,28.006911224071057,-7.226751958418149,0
26.454712862953706,306.1143749367356,7.577371655697376,37.695525799461116,1
8.05213766618202,76.62603097380867,47.789730072953915,-7.399357654677905,1
6.773006265215541,240.75117160193292,61.21388874379034,156.3752446705515,0
20.112852160048202,195.43612764988987,55.20865824805095,-93.40241464274868,0
27.198762031696365,299.8416941594026,-87.02289912782221,-81.3511101461451,0
21.92136409255259,45.03200754110527,-56.374578325710274,151.46565684950022,0
17.819545600261797,46.72186766014006,27.882954381209586,-152.37377505170775,0
17.97377170832643,200.45460970019073,-22.363317395286675,39.441895885731554,0
19.26707779390154,340.6963152090135,86.84687719099927,65.42494274361988,0
18.794642948933827,149.39919301347152,29.772862674885726,1.9950204347062073,0
16.405957119846878,117.69915609169018,82.17880357125718,69.92347637632939,0
15.521005519759381,218.4081563512389,-53.73963330375711,-117.80832743569188,0
14.687034360502388,334.9614961962112,65.51226506070415,126.94760379775435,0
11.23017705566662,301.29401982406455,-32.15658495325944,-129.59075179084118,0
13.59662461566613,358.37409986395915,88.12166548280523,-35.70752004633011,0
6.535215929023073,8.124689952855753,-61.616039026833484,-152.9072635290459,1
14.508301866026251,40.628932096594404,2.9411673908987845,16.27598837426406,0
10.057044464245411,219.40839481198392,52.71201609068195,61.1084906732301,0
9.482053413921145,295.4075181601859,-12.124353491273542,158.8397886343046,0
15.899470755767393,102.68796323043595,-5.7448691662235944,86.16103052256031,0
21.960011431722997,86.11599169231876,87.54404319103338,14.797049923494395,0
19.591583030011567,283.31128777723234,-13.444532945792403,155.74212618132015,0
7.147496981884113,20.29746738716337,18.732978107831443,-7.76273830528444,0
10.051859317148311,132.97775312973064,-80.18286107847287,22.034035115592978,0
19.70385593994108,182.0913201332387,61.5978144378468,34.59546996123447,0
10.087563032308452,201.72552276611643,26.67024881631783,-32.407298680835936,0
13.876834250014877,262.30145644539965,-17.276381484693562,121.8537686036967,0
17.75026049512276,127.74446043503697,-87.08948280818645,-113.33666201577871,0
10.158277725681824,220.5663640828586,16.5003877068307,19.743188533778874,0
15.5268775307298,210.73515220474428,-87.72159087285081,80.00397222738985,0
8.329872525408978,197.14179623534895,-89.78334949637677,145.4314218755678,0
11.99316178024393,230.5739855311964,20.897741186883838,138.21062271634023,0
16.598909670712686,93.40170158450746,-55.976927879780234,3.1465041948510963,0
7.035031332341654,30.473551290466432,-55.460241050742844,51.538122418803,0
17.202373689801995,42.937801934307636,27.588881849893866,-38.07441499345163,0
14.901811005366595,80.84965775540438,-80.33450617091263,-11.456005363127893,0
17.76244977208574,180.07125678820267,-33.58699893457986,146.25568532629782,0
16.119570670323306,302.5593901965672,-63.10225761443657,155.05343754929063,0
21.82070214986922,252.46560315181827,14.431746563376095,142.34906090412707,0
15.626122513239537,284.05461751273697,29.11772785093125,-130.18648974709023,0
12.852972294373735,126.3512246133929,39.804453647827835,126.03024767902903,0
15.61148751516142,145.67534699347806,-44.058380954658226,161.4109431677329,0
17.71649014518194,141.7254789566206,-73.93504470541488,-49.95010995350232,0
15.244300351628521,69.07434638562054,-75.8369417504584,6.7126641918009256,0
15.202958456019411,22.037996931685928,-13.292721278869719,100.47429209267851,0
11.490041560966223,212.72979341780166,80.25199363128871,22.348129523633542,0
11.685495412245258,356.11800603141097,-50.80877383553557,177.6540678142498,0
7.986973641001533,60.05869378209462,-43.78651175852112,-15.943188543541789,0
23.747883715934698,16.806535163738552,-71.8400156209454,77.01937603465595,0
8.780683823043574,280.6314054566159,19.002649300907446,105.33281047075592,0
11.535474011020463,90.93096240650071,32.37711731049148,-2.1238503269618025,0
11.407963672154013,298.6717699270542,25.7276174689368,128.51417005609528,0
19.474621884722207,253.41720013242553,65.00344374806062,16.615652834590723,0
13.525251608539861,340.44247333828963,-2.443349695307089,-31.80571315141269,0
21.238710363368668,147.2138048724019,-65.7977326619284,-141.18347741329907,0
11.632546878780657,238.3091422022283,-37.90707647320572,-38.371112513847294,0
16.39497081111901,167.34772109277745,29.23739521584332,84.2171237039823,0
10.823264733701214,227.01193103107565,20.361955273480774,151.6631082048386,0
25.72574563886694,161.85560616278545,5.580563353733248,-89.3954146102883,0
9.062007904852436,67.90760871266694,32.93359536396369,-52.11521376101906,0
16.549103551135136,182.84306976121712,24.73035306719388,-124.57404212240657,0
18.168884404660492,190.29031251747924,68.63848010369131,68.66024192242878,0
17.068995487257492,291.817385373658,15.482947946093388,165.6678348035731,0
14.073561705611459,264.7874540856892,50.14824456610016,50.742799145343184,0
14.350896501332869,238.96498461891986,-45.23271192603578,42.14755080224147,0
15.219057359895547,40.819354398926116,32.07286522603224,19.256374980156217,0
14.264989991857558,259.4218646389374,72.39494130888163,-148.15593335320685,0
19.819395583974547,180.10985628762532,-20.568180978030014,82.6213775145781,0
26.052615007956756,321.87583299821733,50.23875372095639,36.73783567776629,0
12.212541074960832,331.1535362869954,40.46207421517837,58.131636788263336,0
8.15098510210461,19.856372616642766,-79.28528456307195,143.57199348987177,0
14.558589758243725,295.4309617276124,14.671495732333014,102.22588334196645,0
27.89854668827159,13.571060552161423,-66.56591714385557,101.12949077562938,0
10.981627160151346,132.18106525020815,84.11745100150641,153.78615679656514,0
23.195584027220338,195.22799122358848,56.05335048611812,176.37658252667984,1
23.388504070382204,53.31628750576588,-70.24971577551838,29.261783505981462,0
12.232058791460027,268.67297252486765,-68.08464042341788,-140.80261822878032,0
17.844915395926378,3.007693501969886,17.00529388427141,-14.7132332008429,0
23.14198311564269,60.69565743625326,-27.919948648827003,103.53641272619197,0
13.104361295062565,209.08685874725126,-83.71694536684033,-170.0188830857343,0
13.982098199488192,257.17952233342527,7.495471409949557,-159.52052219178634,0
12.091595430256781,329.9915169698098,-20.187882056547558,-155.82319834218433,0
9.926216346535666,253.97879469646458,-71.80623137308632,83.17287299819189,0
11.753612274669965,241.84053729175173,54.34567060607688,0.4199862827419443,0
8.880298666188718,141.96281268623915,74.71381775018507,-47.196740332586316,0
15.17041734129613,0.46239318964850895,46.1869081225434,-141.97786370577504,0
11.150133844706792,43.2573331448239,58.03601580292992,83.60649007412009,0
16.16892955895374,192.4396361121741,-51.031697892098876,-64.43286820167611,0
7.220521768981864,243.04675890399108,-42.55686883465182,-84.48333477671981,0
16.654401161072286,150.2813822027265,-52.46504274614621,54.83491255927834,0
19.167644808044624,263.0444441502205,47.71141764580152,21.24392133486304,0
5.031321787142723,187.87042631958434,80.62507420820947,-49.53216894721142,0
16.87028284923786,26.703430413952397,39.03069721210247,50.93548949001172,1
21.13834496236646,69.12585034846158,68.66401767832008,-82.36025266171745,0
8.951794906543974,302.39936036781944,24.96583707897106,106.13889417755765,1
23.362861934188516,260.9685887847982,-20.221217899416168,-97.44517788924459,0
17.095095046830227,322.1143153244982,-13.362909312545067,-122.81842966247437,0
11.474940721207956,42.320609683537164,-76.44214220986713,101.67818741959496,0
14.72115461171147,356.4801124614266,-84.3377048557153,74.84113105125594,0
17.79163456260861,75.3864170219761,35.18560875403393,-114.24996874735257,0
15.380026957062057,4.240755463191124,-11.082799437987488,-138.15152903162232,0
17.693779962231847,359.0722580592795,9.39871224983331,121.82367185520916,0
10.396632034603169,101.18659876024073,10.379024572034936,99.5754535908077,0
15.84680412018039,240.48700290452157,-40.07235360000575,-62.187345468120874,0
7.931427515475099,63.60563310346987,-4.339348050691676,56.951066956812014,1
14.443869693256499,208.88227159169102,-5.263160099813593,-135.3023328427881,0
10.480461792676051,325.45259512364134,-20.083100178985738,2.5371572571641243,0
11.322350287051167,115.2652202742379,57.72156901219269,-173.25709485824885,0
21.180465876052185,241.29143137596932,-8.790479336232737,-39.02332286824004,1
20.456550602971344,67.64529196742994,18.65601441107781,-153.05658427029417,0
18.045690604535885,224.9263435387411,71.19362166854869,-8.947015143522297,1
9.538436176637106,121.12212665430366,65.92205211460605,-28.19460713295804,0
13.417957751525991,76.03497309166261,70.27599668024973,-20.021390410299837,0
21.065488499895917,112.74553825330865,-41.39910063629748,-163.68073126272213,0
15.708584568199523,64.38278466280777,-83.70315210454869,-49.81811713854034,0
26.59664769990847,324.6897988216378,-43.00797601884074,92.33418567596995,0
16.96658919697186,142.9872790741664,-39.83267778827244,-47.19082559269677,0
15.960245582450158,88.30054979077224,73.68485881049425,77.46190293944903,0
13.454417678987493,161.42682276573584,26.863691910834714,-46.987659491856036,0
15.667704523911409,115.3930200503384,-75.29328727159883,-27.633801063532882,0
14.237650818097283,267.9909313727973,-65.6318527180018,23.001160618535796,0
18.54054338344295,349.63916827877796,-61.978297402444426,162.24549725054968,0
19.78351158397292,157.69211641115285,23.47591467040617,-140.81023920720415,0
11.070052697460252,309.97202399000656,42.37452459126055,-168.15104328197748,0
8.34383523221111,203.71070648146303,64.73590390177131,38.86458617161625,0
5.818973134483517,56.604839433924056,79.31457914512376,161.6749520142335,0
17.539956634562717,248.62418714928296,-53.69317967044048,176.30032771969735,0
9.483166969130632,184.83641896529525,-34.240952749671166,-5.700870938879348,0
4.235547035237586,234.21834837075724,-46.74188146593048,-11.490616409364565,0
16.942893022654822,320.2874685257994,-25.422917856095207,52.18695746827062,0
27.464997587163953,158.55644543617657,74.6397193362749,20.028512593789127,0
14.969645442300534,324.42394435824804,13.520262049085074,48.271700741082526,0
19.19245387225821,270.24084514139577,42.874541518409835,134.63979319364194,0
15.409146792737825,175.8977733160745,-1.7785374971792423,88.67022101553935,0
14.505551734044287,217.15996883686694,-84.80557559949759,-1.124138992753596,0
19.595382414938843,117.20920770684413,-78.44481252039343,-13.728794759938946,1
13.548627279056744,354.0950279059587,6.826145628219438,50.25662946472177,0
16.336961570359513,240.24641869814255,39.382026267604616,-15.945737608692907,0
16.608489030980067,15.784866898786763,-51.24050504482833,-15.199433544369656,0
11.659547731784755,117.58388606928315,39.94372331861473,-174.12987535685826,0
19.960211747682614,224.3931961532607,55.919839227032234,-117.33691053336896,0
14.125201216522957,20.27998000772633,-15.85845389481998,-4.135089601528907,0
11.221274202535776,8.598308874891396,44.35546191193889,116.15524525813288,0
17.682549217852017,162.00872623000893,-17.27460894087722,-79.65827757823531,0
10.507660091044814,119.7684646893612,32.1031133019036,8.15163592721365,0
15.140905786845641,157.78749889193972,47.519468877517745,-55.81364948667642,0
14.954405016778983,94.56959155680185,88.54679129545994,-142.27056376574794,0
20.42947782915789,59.29838889947313,-27.828600828552702,164.98745390566822,0
17.373491164399763,248.09160851292157,-16.01265949656994,127.68259329010863,0
14.874865206274281,185.24560185640817,-60.188389306169164,-151.7427271919137,1
19.088831496001436,72.05551604977205,-53.26684948767476,79.12341448858245,0
21.951037745086566,115.05219345359939,34.81110046770799,-54.87123443129993,0
17.789051531759313,213.05084675879732,75.06820622780569,178.14593054224534,0
15.051763099216902,26.002565378092022,-18.971108700976703,-71.13653286156803,0
8.440818838249202,53.08308333582464,-57.62799956960258,-94.05415966946403,0
9.674431684623137,26.36841747866044,-38.68209011106107,24.44059738994587,0
13.473876478226662,292.4342397770828,-8.09069313453505,120.64541880355348,0
11.952438989203584,270.86732395632333,-37.68294071423369,-110.69320614487272,0
14.06514348507277,271.19265547653254,-47.95576503806407,75.38499709895925,0
15.283249624485537,257.8771236513701,42.47720797627432,-157.8936300691962,0
17.648463771783653,240.9787525211529,-88.58791417668783,150.816507519779,0
14.647506109704544,171.717089536143,7.061494920566965,-150.81303018697244,0
17.43250821913101,231.22013886256138,52.8780252653557,149.12329548389852,0
15.322372074050602,13.810159723670875,-42.07890846285572,-3.3093901970269846,1
5.1226671682306435,223.72719215644244,18.592471910163123,-18.687199393468855,0
10.303323030906228,280.0359739932758,30.402019011351204,170.39054862013555,0
14.279562221391922,180.12900973838046,27.904445352916195,176.53830397135886,0
8.951526285794461,128.7047982338053,-9.747065844230814,54.064125345964314,0
17.99964364998102,99.87362452835248,-27.615962182359745,-134.23705493146252,0
22.65375416171849,231.40873805834968,60.46633314500642,2.2212308358728983,0
21.093809258486584,249.40843150676716,46.52027225997557,10.498716344038478,0
13.93278564534896,313.5483359505153,-32.17406878549575,5.200714128711499,0
22.45363068424976,123.24026968595666,-71.45654500040291,25.017061867203502,0
15.743337286010558,277.1180306588108,-77.07464181981554,-173.25910303401935,1
13.314570144409801,202.08809670816166,-73.03032397819152,76.04182132938087,0
11.9329866822953,317.8211366441085,14.916485014567705,76.46194870307569,0
13.48765156755936,190.01235898642346,-80.70080835078186,-138.43088093596035,0
13.059115907293856,186.3467382232682,-29.35316250647309,25.28619928048826,0
15.852081111877439,208.03574931872728,45.57594634456129,24.610025676878855,0
15.802869905249324,269.7535278512764,-37.01733002723194,65.68215126854405,0
15.015230100767072,347.28857237824593,47.39545389242337,-149.25683083137082,0
17.184690848731748,26.482807517675635,44.18406687726995,45.5411906157947,0
20.953231373931708,19.23645686076618,-45.75111612602106,-78.92929773131718,0
19.747770677206617,337.51812146664184,41.187992416694186,2.5210765786218925,0
7.575510157750482,190.75522518655418,44.59979488897813,98.39647897346762,0
2.230394325490226,221.36508524409697,-18.458293379935164,74.0325370906848,0
19.67159955619637,173.67249657410238,-52.12431292652672,-137.19491363592238,0
8.165606507922895,33.716682938690816,3.8287452405364397,32.82652336178637,0
13.876172990536583,276.51217623071994,75.85156584003533,168.8819511386659,0
9.149434869703203,269.00087223189126,25.131011837771155,-123.56300255939918,0
5.9900978120999016,112.21319573741232,-58.873950427092986,127.04655158114936,0
17.70731364102394,110.24612828222415,32.89624645203358,72.91730899935969,0
18.795775801513233,301.62289712598664,-13.103455089269778,98.64119264751348,0
12.117447996366403,26.048612786877584,16.47518352396714,-78.49500222864764,0
2.0447885392754506,317.1978534083637,42.13152630415942,-76.35998542325672,1
12.268777758737587,92.39820836252919,2.690523272600067,146.16700407953573,0
16.959020027012734,213.4745091919778,56.51711542319555,-50.46046844667889,0
7.6054421561293575,336.95790444064,39.988004276992996,-157.31445935058824,0
15.916799598895778,244.1241005531927,20.71320120333192,36.214813288602016,0
14.923450754135022,149.19473248813318,-62.85729315017673,-135.06563914493665,0
17.896457498005443,248.23231520594945,60.470839964082295,106.77464690684695,0
15.597901842070767,123.83266907389327,78.46300535756689,51.02871930038066,0
10.134655295592223,99.81302988570701,-65.34627771432693,134.90154187963495,0
20.982857508322457,358.8059800564847,-2.1165967019824983,102.5414099217487,0
14.20735213486515,270.2844832247236,-43.400026445309194,-139.63908659824938,0
14.86347730245034,232.09919185745434,45.81419533660163,-42.81455648360798,0
10.33366020463402,127.90427155895476,39.89333448084599,98.84168996925142,1
12.783588744042449,17.697898495817338,-64.64067829732824,-29.757069624122728,0
10.575986429865495,11.18047537265602,67.8649088270947,170.0515745207922,0
14.135269700382885,199.50525196156758,-57.42484848395959,84.86656196164172,0
23.55854240071172,274.3317795740584,53.506624616659344,-174.42002999148443,0
8.140494285343218,193.45650855978784,-7.743535266959123,136.7948489619011,0
6.932193010616294,302.68262589808126,-30.910987159532777,-143.71027744731927,0
22.355851637468042,12.033551913559787,-61.51693271864157,-129.4114592951691,0
13.95338161424067,132.03074751333844,-59.82943389360671,84.41726421997834,0
11.654636306700418,85.3453408227041,29.140299846162055,131.38868139497288,0
20.19952343698038,161.01826853656394,9.077469830481693,13.085866043840152,0
11.97192230131568,26.05550154988409,-68.02462410277812,-75.94209613951949,0
24.130048567734683,343.48739096558614,-69.71438512110147,-53.526403708856805,0
18.389629356696346,80.37194438496994,-76.98409654089754,-56.55984134541984,0
12.560442959271487,332.03079917409053,43.87812252723794,-62.3958826285756,0
25.786541066327516,153.32153581320546,38.13877534127206,-92.55251814420608,0
11.971425384983307,354.7886879718785,-79.48242164617648,39.1921540665239,0
18.710476860046533,199.46101804567587,10.848613607455132,144.1459146834242,0
16.49646290203246,335.0998311032907,-74.75829205631582,-69.45033128999718,0
21.50870644699399,1.9256359299202241,72.6742387096095,-112.79005291389166,0
22.807555983634263,269.36597022512404,73.28113545242384,121.88795989371295,0
15.160020745328833,325.0982351169055,35.681938166363416,87.04199912029318,0
11.232910648269083,50.29940411242347,76.714005859101,155.1013313615678,0
17.299860714695583,34.605306623574535,56.061545474464296,-120.41289518223253,0
11.61142315123947,152.846138586944,59.13694366686889,-128.06952691802704,0
25.066936237633115,336.1244062078566,12.547413102587981,14.914581949798812,0
15.682676655413687,195.25916166855794,-34.90934432108834,41.1961157406343,0
13.173392243439457,189.88432693982358,-50.79615927904412,-7.137560930547764,0
15.923401529324542,50.80540258775587,-31.10399603299275,35.62798907659517,0
8.264368552351517,0.28422399355876315,23.12917741603117,-115.06328320497431,0
10.141929807446742,291.650432668366,-58.92182355016819,-7.33904850092999,0
21.002069539722125,31.52684267504576,-43.44475740528211,56.91332193828042,0
11.715528605143021,228.18593474471663,-5.7490446968164015,-24.225678270466663,0
9.765445086590303,329.2619236254689,-48.0509822655692,64.60104089397524,0
17.683263762636432,75.11468873703517,15.955860548891094,-17.57113900061774,0
20.928520773314986,239.4982210452879,76.17168512213937,-59.90415089678019,0
18.594766553325332,28.331487614703406,44.65608582656276,-70.70218304864676,0
19.980238429029082,217.35185178154066,29.956790546804342,-32.07525876410832,0
11.216024557152696,59.01541954315299,14.889865677080179,-171.6877358344077,0
7.890946666290781,264.9432817854641,-2.169376333728321,60.66904984060094,0
22.506668259777435,108.44326612580696,-56.418505265761254,124.23803075289428,0
13.386600805789321,166.82076316967263,71.0478819768358,-52.334246000477314,0
13.745834917724764,215.7949951299438,-45.26351963768946,-163.42807098898132,0
21.64097070924529,61.65842783984625,-73.56440203593107,175.23921505880077,0
17.7811500470033,266.98961470234354,45.002732261165136,-85.0686280376159,0
17.27943886040804,108.95052262925324,-58.38920382039005,-134.41639619132172,0
25.82501172450542,238.45386956859124,-23.058720082588316,-46.88909712970994,0
11.782408848099285,56.98189825177452,-84.90871290762365,85.8805346280804,0
19.639200640406187,247.72235731428609,-65.32777034271935,-74.19002511939635,0
15.285065624485423,46.14770621176623,-58.82334646321583,26.893153411015614,0
16.342961394316287,153.1283386571941,-80.20617700496797,-30.398402002628806,0
22.64234213206266,88.99418654599566,28.198252192112133,-137.60496278041734,1
17.53917878144812,269.41508979414573,60.6614032445611,-61.09667550284031,0
17.691480395248163,94.33260162247484,-22.803226854130628,80.95338205706399,0
20.36253668654901,317.41823030234264,67.42376580927613,40.321403039320444,1
13.175236352285573,321.05527610638063,-51.59761657917723,-136.87978324191803,0
10.803951663304968,70.7188734802029,-31.42972375897689,-121.20393250284891,0
9.775954029894832,220.98454020278075,-62.86734125438969,50.66400935068037,0
5.168217053119991,31.578351019187156,21.70065517541975,112.82954915551278,0
25.28103564970161,140.9533558565865,-14.423473643344769,-54.189181455059064,0
9.483958171391585,256.795822620458,20.39100243154176,34.31187066364206,0
13.89373188207114,237.39236886596984,47.10148297095304,-118.5683080492421,0
13.615933500555396,224.89224098637885,8.226542885930723,-67.90451871408341,0
16.537033489045502,101.71471091847968,22.973463882321816,-172.70272595770106,0
19.078686062696484,136.08898179638473,78.34505659097992,96.57934120782812,0
19.302367441798726,37.06061209210303,-36.16842427040824,-35.63646488173195,0
12.084612807155308,258.8482153560964,-25.350491045888436,113.8052065154234,0
14.164391431067942,181.39996684485845,39.18660510768064,75.01427856818147,0
16.412899752441497,255.15562764443564,20.03499306996961,118.3479356622517,0
13.756544369082265,89.6196689268742,-57.86407718285133,-77.1628789501622,0
23.036727880099964,116.79776230862385,-22.29348419811177,-113.3608570459757,0
17.454874758191256,120.31752141364127,-5.789157637551307,169.88604575460138,0
18.674388930249087,9.267267508997833,-14.509829165689915,78.23800333471303,0
18.314406343337062,122.77723421902448,-57.91053450203266,120.25521645360132,0
20.867369287426627,289.1896464664921,76.39741652116722,-175.27198546442386,0
15.905107793518535,323.02745846990587,47.21737710491565,-52.39381669348084,0
8.515840260220767,186.5585936289339,-3.355950220586592,87.4140086078394,0
16.998439758763208,163.98061027891927,32.41098509523058,-151.926180123606,0
11.743215531040855,11.096862731773292,71.51088098439392,24.24237464481683,0
12.356916591251215,316.5135615307378,-65.48865437491718,-25.53380371619884,0
17.931820093775467,4.683676833314179,-44.93285087274402,-173.65805742920136,0
21.19141535716818,340.1100288756762,7.6862245061961065,-95.0487922369975,0
15.106357883680309,176.11784952771265,53.82186684342456,-77.47488393598289,0
16.544165062994818,123.09641768690157,-83.47411882052508,-139.73041931532393,0
23.51107472317619,332.7186365433576,87.1232670353449,47.35328750735775,1
16.203765897442842,8.780757519634825,-8.116811481168513,-92.73676454931996,0
28.008415570901974,209.31296215287136,-25.338394688089856,-80.05698013702019,0
17.82754822815772,197.61570881976155,-37.309601188841064,143.36589535205306,0
6.196186204220911,78.95534443609755,-58.6157926228431,-11.835686630469798,0
18.766708105522664,154.3994752860758,52.48330360740502,-38.83386709106196,0
16.90579192441389,234.81504213975728,81.97454965429738,80.5935737932982,0
21.44876377041373,261.7672308774939,-15.543944127828324,147.46096687784836,0
18.365906756349794,0.25806913436872136,81.43572505562213,-170.9869189545202,0
14.30772008008113,337.2672348327655,58.28357077830615,-18.63401524005727,0
8.878508818553172,59.229134061412466,-3.4107970542627086,39.88128818806101,0
13.954883713569874,84.0889563200493,31.32471224270389,-65.31728467464374,0
10.747397728953501,94.85044044978537,-11.70284774931667,98.06677996436702,0
12.097382750976386,13.615249158732713,10.570213478259431,169.7317452972986,0
17.94289202210305,44.298764492516966,-79.55165933666932,159.63385185010196,0
23.34952252175703,355.0859722598983,35.32742555409596,-84.24628582322093,0
16.973357649114906,113.47802545582299,-80.49156399285539,-98.51821976250504,0
9.020584689824078,41.50839252205776,57.07529044553691,164.69659116763958,0
17.223013341100703,38.51685402286439,58.49044730290034,-14.893744524672279,0
20.983157433228257,259.0055883611899,-47.32608823988137,-105.01281968951098,0
11.951085478403089,307.6447190517507,-31.74069941355595,74.51890690695055,0
14.329914166635412,92.50282782304916,-3.364131859507209,-77.60868339463504,0
15.073440973645985,7.527424440684589,17.399323247846667,-83.79108897442116,0
11.0755084345888,80.31240664032809,-38.27634088644059,136.5296555080025,0
18.241402169219295,20.34564868683264,16.647552833746506,-121.50750478431476,0
14.395259256961092,37.222177186814946,-36.398326818726204,-156.8185392721549,0
17.097662219535138,155.34292314515125,-80.01167020720908,-83.09288153819259,0
10.5625391109895,82.77061351018773,-89.54504103025639,38.50034862175337,0
12.812708498382948,185.7405162691524,-71.79280957468285,-135.6883727748226,0
18.611906789138857,91.25775117258853,52.60512602952328,-10.22591798035425,0
13.135834239541165,338.59342839706113,83.05763622900068,45.84135975311513,0
23.634819256167027,326.1398284534552,-13.146084129380533,125.54531733354261,0
13.001819071926988,204.05019780376776,2.2831116209896996,-97.24694716718842,0
16.12342362875943,127.59263711545901,-63.5673295667833,114.2446764178042,0
19.662954159365448,137.2128775325048,9.185643482428263,-95.43374599275411,0
7.908171335334842,148.2668219320189,-63.96211763874417,63.63595484627059,0
6.195955940096121,261.9285559685799,20.018579615789413,-24.95751426631616,0
7.371718427149526,162.59003838678166,77.9865601645537,-138.71475274367873,0
21.31292051713591,308.42278074212305,-54.774262925452874,77.13484661586554,0
12.240709270537767,339.8741229349312,47.62146925027836,-101.6054573223536,0
27.790996428341263,120.94061521641619,-85.76956389270167,-116.41556663114707,0
12.178762006713058,201.85001329524485,-22.41049656210822,-51.00374570782205,0
15.922756515985185,34.2203532597232,-70.06526859050837,55.18448811341406,0
22.710549762839378,72.16885719588923,-26.5544205127741,-95.761267635374,0
25.030464440795615,148.84767601565764,-58.763354465000965,-113.88184603852113,0
25.30751788318199,74.23297772464039,-22.805101777880264,-176.41669474318883,0
21.041831152965713,315.5617766839383,-14.845894900644538,-10.20848504337951,0
20.120312629057313,56.983052181275305,-35.893597899434695,-25.68759504653422,0
17.962634746005914,164.0378957591131,28.191950905163242,-95.80761229054454,0
18.89180538083319,218.05172656555524,75.39336922660374,-160.68522095651133,0
12.244071418357333,249.071006937904,-17.892832661050978,-25.46788514549871,0
10.909005582888463,137.90497310154242,-55.37823183449614,103.75383998578725,0
14.98312771294524,312.87566474090227,-41.269903524723,77.50156727778372,0
14.149076887375358,204.59489438805318,63.720148229346414,129.8861603496613,1
12.733859753363625,158.22280096111865,12.895150188626621,-176.55023242326396,0
18.481937237283578,24.206628258733183,-8.09801418474769,167.91095404965546,0
19.776526042852556,167.2882086402594,-63.06539012839319,-57.0915890541186,0
15.442034431459236,295.4649026936629,-9.049084501719252,176.54320659310733,0
22.387650405276307,221.23476655967357,-39.8714393956704,-89.05699418336113,0
9.291554429332475,299.5784833424826,79.76936301360286,-10.246900471831877,0
14.03170270360141,177.84420141575004,69.13261969483163,-52.58603643289068,0
11.415888396985975,42.646213834013466,-74.89754247092436,-51.92614260205106,0
5.6673169146347,4.910344500917185,2.9976280670237188,123.22155554935769,0
14.586596570786504,109.15903681869283,-49.48949780735903,88.71081830544195,0
14.391262458083583,251.27656973920529,-16.060123885627693,177.1745166828173,0
22.567248716210656,284.49356541900977,67.83263968526215,40.86528577830451,0
18.154058422773886,106.4710204633186,4.952613579938065,-13.227622417979038,0
9.879065878353975,178.43541151796896,-29.84124719326323,-147.5734093391192,0
24.27046283167094,151.60280559626938,-52.58009626110053,178.76211102498846,0
21.105168477626766,147.78820236651404,54.05847469316806,18.551035055621835,0
17.91048851734308,83.28553675205417,22.413242765582485,72.17188908845105,0
13.867579505750841,49.09359781060501,-5.748217123278383,-33.5727406111279,0
10.202803816382602,70.80788096323673,-50.85281630466395,17.177654944524914,0
13.138966119644735,19.919659378804596,-29.835652651716362,159.3279834814394,0
20.44374309852093,71.32706705648773,82.77181681293334,-120.08900234462301,0
24.422931529673043,3.312323145136604,3.6161887690501793,-74.74586964110834,0
22.716217641360945,225.81302422895217,-17.874129376214473,-125.25849799990836,0
12.555752891068629,113.89514665956584,3.855967622698302,105.19772536971888,0
9.401912833554944,350.3320961136871,50.21793106192956,-157.66370624814135,0
15.70443123455602,69.73813827946724,-28.780391429483622,-150.61260605351822,0
6.157803172185742,124.49828531145381,-57.832898232130404,-72.54211939654726,0
16.615838570923906,128.82281711095195,15.288501301028603,5.107745131564054,0
14.261987068506656,3.0425385824857942,29.736738626592093,-33.741071798548845,0
12.669817490658788,302.11486309420525,38.289240532538926,-163.86612815850938,0
7.0264846636660225,11.5180056519569,68.75776633790333,164.69696083354256,0
17.568000532848583,338.4647405025269,-23.188658275959654,163.03302732891012,0
12.336495801690443,321.14676639370344,-76.43611867879947,-79.43172363332644,0
9.15041582144856,192.78788979094688,82.5027450535696,83.34922149668934,0
0.6386889335917534,195.69440696806515,-11.697853061254467,28.287148097960557,0
14.862425474746818,235.36005226421628,22.186351741163637,-94.50838979797534,0
23.86125798334872,139.33800429655932,29.93495816309261,-85.61824137301844,0
23.30629607273935,233.00002202322798,8.372467566216635,-3.1848572482378312,0
12.714518717068641,16.116619927855275,-53.05364464747138,-29.074701060950353,1
11.988939698191098,19.457145845901564,45.925749020905464,-75.15744183674488,0
17.34387128037512,164.60295106303596,54.67535537473469,110.7041746698536,0
10.008072804058543,197.86402839817256,9.535605483139163,-6.673349650541431,0
16.50895949909733,319.61435052089485,-2.0589910947285195,55.74530246008602,0
18.830401391923452,37.677828206842655,-69.49112703696264,-111.86153993956484,1
21.13466611942154,296.15325378980015,-74.88870093003891,12.062758505935225,0
14.499229617600236,75.61704142514505,-28.87832779856483,-65.52862219921626,0
13.981631249115171,141.87011346361146,-34.04769200686921,9.508899742156158,0
10.610087066217195,113.97687653786865,81.65816117338882,101.09730002793414,0
10.8655982298007,144.05589823154364,51.05209363981736,96.8087556328542,0
13.867605540492367,54.1783793061308,28.786373146630787,-52.480555907660666,0
16.83682753408089,181.28522678527978,3.176656023168911,69.93976214867008,0
19.567923131166246,288.5913323392922,-59.87384446920276,158.86438214193973,0
10.984105246598276,158.9522437364029,86.1222009931711,45.240958772966316,0
22.46344284479761,176.62088732335167,-22.492674316762194,-126.57235558225062,0
13.644381994787157,305.5563307012731,-70.75339155949594,64.69510654047426,0
14.89316352825782,254.18092126969108,-1.116198771165704,-142.23442091424792,0
11.263941604260882,176.5635870671225,67.31964209035498,133.95974716548977,0
2.878798698635292,92.77043334810469,69.7123803199193,5.997778488698504,0
19.42022698180525,318.573628864188,-88.02613510983949,-41.34933492783137,0
18.684219485462165,207.72734460860102,69.53323405525195,-159.47762592611073,0
13.593362214408932,79.61313963984962,-41.13284085002547,-42.917855546840514,0
15.33495358612436,96.88311094968373,-82.98497448568385,145.15440044968418,0
17.579696088520496,289.1279120170485,62.60224866531738,-172.44612133693084,1
7.187270715567287,15.892402351483966,65.49601607787748,-9.126663198550231,0
12.354736613268527,357.1531873303752,17.321594371623004,155.21691279982403,0
18.971323398109135,46.92660469732504,13.398076313344507,-37.85724008459241,0
8.728552884153753,286.58466914289744,56.36164907185549,-25.856752513625857,0
16.467789660833148,142.11911403780584,51.535719487850365,28.281619871683166,0
8.217090976882975,177.19782598348806,70.21898521968673,-13.34255991221395,0
17.332149912167633,317.03420788724804,9.494540567406624,-119.30339115448113,0
14.821792588512583,148.64802825211677,84.17647669190556,-173.32000593485026,0
6.924340920472453,193.49775132236442,89.30642956800092,39.532196872332584,0
20.823696772285857,17.747878467301177,-69.02197020024613,151.49037132281236,0
11.327042116009755,0.8450905922831353,62.917876719741976,-141.70891211022038,0
10.948737814928096,88.12795428062132,-0.0319936052539771,-104.05702106900878,0
16.002845986154714,245.00991345075622,-20.23805910603022,-46.71738510300954,1
20.743186747143575,43.655361609289216,20.3530157788887,111.14720244760309,0
9.920890905108015,40.95430516963779,-79.92619969283874,-83.06628607044807,0
15.308399249239859,147.9458188929252,1.1630013780743798,137.53958554035665,0
17.144082501652864,233.22133389896155,66.7603026048,-160.21516512597609,0
18.46552803631572,256.345917209255,-51.576927094985614,158.74438365321654,0
15.882207776386126,64.24224267541493,-13.249818941503477,21.868948034555356,0
13.16486080458339,28.65173305393528,79.10655978867759,57.15996425557363,0
10.862048896756402,338.5429322203959,-12.858509194974488,-47.63177188691288,0
15.430719415231874,93.83989772235662,-25.493826180168302,101.51794278398171,0
9.639304940071966,307.2047391391406,-10.703403337791919,-120.03614996961382,0
0.39324758252696324,310.8569221666146,3.5014979731601414,-162.39174289974466,0
17.182799020788337,278.108133034516,23.758441943664394,-37.61390048127943,0
19.519674205430977,60.780098394925226,54.1247041650116,127.33045703317421,0
3.185337822290808,295.8485253315121,-8.621602962423434,91.77366118957008,0
9.951346476450313,276.9302013269712,57.146568316225256,6.176149376024882,0
18.095771305025988,214.82027643823815,6.069719043374513,25.969588979527252,0
25.287477348558493,121.39273266082299,-29.073508133764022,-133.23858253244805,0
15.103968538377039,94.50309753595587,28.431149061494555,122.64534310232958,0
11.35998529385433,43.88011634892923,39.19000585382845,103.3054858671109,0
14.085517794475798,183.5125440843137,10.448815613307755,56.329341799299385,0
21.874382095740923,210.69391518354473,-79.80930483574978,-12.171226921582164,0
11.770179104377323,129.3620365856834,-59.42108247105152,167.20533658062448,0
11.004039966748731,171.12926436511268,-38.64641023975892,136.45150987552958,0
12.586282389089838,130.865204652936,-39.12739092873124,51.99497766526268,0
10.233356958706437,230.76218063545247,31.2157440444367,-46.15164082177635,0
15.613351579973978,324.4533148067628,-86.69724089874613,42.48802032534446,0
23.123392292347802,59.01129433690016,46.02271986891358,27.158733551039532,0
16.615396365580146,137.30717156512443,-42.23835453475203,-38.07288437943011,0
13.738232489368562,50.71269742231007,-34.19606768110157,-69.59737019229262,0
13.540943655422279,224.97975734681953,5.023769029906369,-33.47611479456394,0
7.184045956516715,262.3933834158945,-51.13339183098765,26.608106172023227,0
19.415548885735795,335.4885837350841,69.20483644359496,-25.87145590400601,0
14.61081401493599,100.39389345394737,-74.63361972121825,-85.11318424750182,0
14.097600432046871,342.07603411155486,-10.011174785808324,93.94679439389114,0
30.965537839224304,22.774561855442926,62.896008501880196,11.328298544668659,0
16.49376454182843,217.08499081125174,20.85190099582244,-155.636941238784,0
11.241044749524079,20.56777896359879,-37.38068714832598,-47.406057974594816,0
12.868212018972283,321.7587075943001,-14.26316260023707,138.5688445963177,0
20.742228545983775,190.73126054521947,37.20498846165263,91.88515123198269,0
15.566352052688822,240.96540627460658,85.18693380550188,-63.63115778015745,0
7.808610108413166,299.36661332776293,70.76496930829802,157.74593473602326,0
19.59614467287602,54.11182409422875,-28.36209449117218,-152.42295299104435,0
11.65927957230503,13.892962297728184,89.67561827181436,166.044493401188,0
24.36648888108773,316.39721252862677,-89.36916056440951,-91.54616670551677,0
20.400240328573243,113.3759618852157,-85.02664395448528,-176.72609509112905,1
12.763390521706244,46.4324068537795,58.29129273081489,-23.829106853402358,0
21.405081808675565,168.64604535135115,-54.096716370050636,-50.77064531267688,0
15.339277552637016,215.39018725056675,-79.06153168867664,14.072041874445773,0
19.2638683756111,11.149417232103644,-47.3133468174296,106.83822980514435,0
17.423664086472375,98.96243697255159,-13.301972283445163,123.27508877416095,0
10.768216725045633,11.807954739682565,41.50192867801287,-35.55720013979095,0
11.78225083841269,151.32074011037963,22.38039477921699,-25.255532265713928,0
20.149804087905807,322.23601046384795,-47.22818083912432,-126.65601708138948,0
13.326123339467296,353.7548681376849,0.588680658105194,-162.88286080278115,0
12.981757683790017,229.3371192613059,76.71853897174238,50.837396484608895,0
10.224387103253235,58.18956976245305,56.70139985707639,-156.8024548010308,0
17.117995327967304,326.1057803997501,-31.82583873027719,84.17884299172414,0
25.312624596215723,185.84921635202176,86.80762104402532,14.0724522080091,0
9.662335428728635,55.34975235705051,37.55167207832358,-108.51012783860998,1
15.12109728336379,331.8216010025981,-78.75911597997928,14.228259664553864,0
22.061102777077146,272.6888582603171,-83.67107160804504,-114.12082202324441,0
14.601793043771425,263.41389818033457,-59.6865691781946,-22.054605296251676,0
17.261858981248672,255.30505336598569,41.014056249026424,107.8417138472024,0
9.688032359265602,72.12233559471923,-56.92699334836298,-13.709054372170527,0
17.141535486038244,75.96240901470938,2.0676184575900325,-126.46824541288264,0
14.064278674977256,247.7854794338118,-73.21317836745028,80.57832545626025,0
19.928649978399314,79.10019003974287,75.75950840943513,-112.76337014279682,0
20.936930257823754,157.9218108490976,-28.087089554957842,85.8779547732394,0
27.947818210093068,281.5206572138189,73.46377018091354,-7.433175882300018,0
17.898165866067878,282.22290651522275,80.07761554389798,-16.652966726051428,0
16.628981582910832,163.17423810930947,-88.89684348353745,126.51661362869092,0
15.97192150788668,285.1883777790882,-6.455666304228234,75.09726876264075,0
13.234168535946559,301.90384663130044,-85.56190997275928,-168.15211309622185,0
16.692419217308455,235.7192704623337,73.56469793452305,-73.37724674342314,0
13.522992949304854,82.23330683103126,3.3133580522236517,133.5314379059635,0
15.842304881348072,98.64424093879711,-76.51007771427058,-173.4025793237285,0
21.5879876780398,113.34281594714473,-70.15018891021796,16.29124065430933,0
9.967287173601795,42.04947878422272,-20.968375591306973,82.01724090261979,0
20.69939280564523,98.33746333318024,79.2421547171201,43.8681907744473,0
21.585575336699325,75.42692075251156,34.723647282254554,93.7915927575971,0
14.409657365044607,163.91834993109677,66.17139591404384,81.24906560930849,0
4.390725504957027,327.03751723401535,-24.03780365880366,69.1310502551208,0
11.960890064527838,37.61291403142491,-82.2215340810003,115.75434993323476,0
21.484972732805545,259.29645262106243,85.37717469679454,52.44864064183381,0
14.885659688505589,247.421881588726,-86.90886168077348,-35.129342067486455,0
10.003488838525445,34.471511518808754,80.57729755459602,-10.112720430748476,0
12.476125393858913,332.126065766088,-23.638063707153954,78.0209217653222,0
19.203100132522763,204.64999277645506,-88.18372709606133,135.4701706800458,0
17.733667841006895,130.94118760884632,34.04830171041149,-82.00123169768075,0
13.805339504151528,272.3538900583104,86.49725472564376,-56.852353450414526,0
13.165877940926562,92.65156502458825,83.81263011076665,155.06618269046857,0
13.04120925478089,249.66354133667534,-61.03133798356468,28.26424526740034,0
10.387949077507487,14.296034726009,-57.375394908092105,-115.57374583139963,0
23.07687844734721,302.1868935393379,11.797004631538819,58.93025000845779,1
13.3883976539433,161.34150492767466,24.714868757098397,176.67437599417667,0
21.085792604127484,229.209449168859,43.095224459855814,116.44328320934403,0
22.606580259612258,79.64561513040611,-57.41093511501345,88.46680915850499,0
19.9915544907398,243.74653655704125,82.6212756175982,-105.10320446414308,0
12.841898436409759,278.00649932157955,24.97306613206282,135.4103224862426,0
17.018650451683047,170.35674727838355,62.46844539669987,9.28398367279672,0
14.87902196804542,222.38169266224594,7.211828751150923,140.14440794590402,0
10.48149069634936,164.2773325760635,-15.430167433821133,-61.26198140704345,0
16.621796408608017,321.87289293282436,85.89292318709927,-157.6616210512442,0
9.104801044200988,179.2329049851549,14.78184674757049,-8.648651282491397,0
20.93839694230782,303.0511352503748,66.03724490385221,-82.85846226556404,0
12.676913513508035,288.4867409772895,81.59263134593219,77.48254431946735,0
16.005798279364196,147.78173568540836,31.56383286155866,164.55835902817168,0
16.41643935773071,82.83041706869102,8.80896213336149,68.75069441456301,0
13.705475131479613,146.18956772151756,-89.36804683608288,139.29621469531327,0
17.933469007376374,297.43825527907927,-82.79646466697892,-16.911355103565707,0
12.625481716887379,81.94771289498125,-53.84678111079906,97.7906653903086,0
19.356486487286222,188.79708450878977,-56.51848226592085,123.49563720181324,0
8.270101598766257,290.1948292658691,-44.14341686402784,75.91522593007527,0
15.63189789773206,127.25189104621637,-35.11176521442105,2.7998229850432654,0
24.694644995291423,231.19546932097106,-25.188211160868914,45.311799461532495,0
9.998343376972127,88.42736665757323,-14.303215787602223,72.1825184443969,0
11.611275147375743,39.34060033253757,-72.20405907791736,-88.88961484028631,0
17.569539248294575,285.9783210334283,-82.37485224849924,111.44853392939451,0
15.897908909697989,35.62870442713446,31.310000833144215,162.1168340282184,0
16.753150496367795,97.69730222865046,6.720268471753988,-12.513846535223042,0
17.445935650738317,307.8393919190784,-10.054043600378467,72.38418591955585,0
18.17360734280885,124.72894334832019,24.199189410303422,85.32932608452744,0
20.548499209781117,350.296325825098,58.98229329663729,58.409117107732904,0
17.049093284642563,352.7043605185895,-13.01527635908317,16.96143899830879,1
13.793711726907288,96.57936736328041,25.401503709356284,137.3932636469318,0
18.362868506013655,14.752160009960562,81.64300029032857,-18.386384663198,0
24.499409674476073,253.82278231393647,61.13240925508093,-158.0029356648227,0
14.336831268087133,162.35514095340375,-13.319854109566299,124.04029525637769,0
10.127353476646793,36.271023825447465,26.049030806653736,62.63325803395825,0
20.535403346434865,254.70821483209542,-58.12723405513084,125.73310553987277,0
14.39809418023201,11.222967280291641,10.893993281116177,-130.12292071991004,0
4.136652269929819,313.27080857720716,86.6390924049197,-168.9289414165021,0
19.23710838575211,49.91491048078934,3.2967207364540085,156.37483453770048,0
12.323359070230387,45.832276348821004,76.97489385422651,-126.81780989379325,0
14.547333588479196,63.24202726869043,-16.679714309413075,111.47483954536267,0
16.659901652845075,345.695889057144,89.79206889323362,116.35557918502889,0
15.952498398895333,249.54096969138456,14.25960634096041,75.13387219764108,0
18.5472590856952,288.4937527669092,-82.39158103753178,-132.74560400656645,0
12.822568147150783,143.1485948637911,15.615863404449854,60.26350484189072,0
17.565528990880413,121.072581901784,-40.576914777672606,140.07116999767163,0
13.702266612080415,84.41424244194118,-84.15336203353895,-26.808607871682035,0
18.694052404437514,173.0332901924672,57.7535948450394,-31.133932423704408,0
18.076837420065267,198.65834407230065,-40.36866534346393,-20.571008551409133,0
10.322806489777024,227.43894371499195,53.37873972836973,-150.38211935656568,0
20.42991058087516,92.56266143953002,-38.12083506794394,141.12920485079044,0
12.32018277442976,341.5154691250766,-55.02125630272063,132.90583103298374,0
19.040288991405724,61.113059354568904,85.30840333879694,179.24735584450303,0
16.836436567006704,347.63514291590843,-24.903841004096478,30.66593093942884,0
24.19091838397561,5.348204102701364,18.24771805976888,90.42898912249888,0
13.88267008814074,173.2052490540644,19.79666870660488,-107.03811372937031,0
13.253416019409013,120.0124217219626,10.885226791230323,60.310374560701035,0
14.902901970561338,161.6844290148903,74.64523383381864,53.90382555266064,0
13.484101085828625,205.43924843308406,31.399392846036328,144.43514490298048,0
18.99970950971025,156.81209688457525,-17.328059261112568,119.08538022206669,0
6.918446957817061,149.3448661085742,65.22846921436933,157.84792654239473,0
9.731587904268228,263.7804295487904,-57.40867815912641,132.78005017257868,0
9.660985392104035,246.91545903112728,7.962616369875142,132.7298021635867,0
19.75153795986788,299.97766153290524,81.09906694987615,-157.05960239206144,0
23.553066862909628,89.9852332462184,22.571573378474284,124.5463029705441,0
14.477753907312643,219.4302635114629,57.05432108547772,38.69222202112253,0
14.155891384049946,210.67012274142738,27.640930598134712,-43.03999736425397,0
15.350260815565907,133.10561191416795,61.08675543682027,-159.65473522029757,0
20.80939151304095,174.98071508496514,80.00781837214386,63.96255891649681,0
10.36323432904713,112.96157159006235,-40.87408904410738,-61.84736980645771,0
16.191844913673926,51.06398314211467,-59.461005373790606,-11.60054460502749,0
19.875988148912146,76.96843583858382,-2.8816649401428163,65.42223733984835,0
17.505470849699226,37.98491270443239,36.33523682835885,148.23883692869143,0
15.947908082993717,245.90504706844467,-49.1055744272011,117.15728961779944,0
20.005230462835705,237.86186151929454,-89.26173892256993,-17.785033522704058,0
1.4838385350038141,342.2182937687542,-28.27167914939304,-40.39806331930359,0
18.38937659765454,262.68422891300685,84.39468038420192,-93.67929401614292,0
11.729621584362881,18.73650195220732,35.0941429090524,-45.92636957665143,0
5.846835515717715,318.3282626144235,-17.76142009057969,-140.02330057491662,0
17.556012997624904,310.56305866046125,-55.336302477568736,169.5979830113116,0
21.86829272581479,159.59531547817153,-25.903858724145543,26.6102798254484,0
14.312757426861541,210.91069819005176,-59.42890200577537,-133.98989659372336,0
19.764372736014693,351.3881996901068,-70.86495216366875,-52.98983666427392,0
23.061391289943227,191.62957098533985,73.21362706305969,16.934091703436152,0
21.574572267920235,325.9158582153923,89.57706090758523,11.838829190713067,0
23.199822646856965,29.893952811667116,-60.45940087275775,-167.21878726129236,0
18.71063745535946,68.77867273512582,-80.18593940190965,162.30277232248008,0
15.377168194507965,158.67177963887443,-30.648400713681777,-80.86475466901993,0
6.990170940514158,210.5124510014297,-6.9013474629452425,-174.17351918451917,0
13.769687559350258,293.8420266706081,-53.132175526346195,-152.48015677789832,0
10.783767023419044,355.7743614515473,-35.74351587625948,28.870165169271704,0
25.85471358748907,139.98653873068193,-53.84326757550161,-130.39721255696514,0
14.120570937838316,17.069629010430575,49.36690231784123,-164.97907457273882,0
15.616024033922429,288.4217411863169,38.26402978450694,-43.33447209142391,0
17.75742688020234,217.5770588698109,24.291272836976713,44.194029242467884,0
15.218012231862268,71.4754291925526,-20.300785725743143,-139.73767025701954,0
23.475255202153765,178.13824438371125,73.62736943656247,-67.2019804255264,0
11.88675319132774,267.23168839214077,84.5158574763036,-29.6061582151648,0
15.973037276186213,277.34824334471176,-58.74492372742584,-122.59436479676381,0
11.28764707150976,179.86262831955432,-49.857724545861956,2.1866034480156493,0
8.399887443896471,109.87723084638928,4.613585040066537,-149.32292871536248,0
11.941154545473573,350.5473295338577,-73.57489752919585,-163.2533413157753,0
14.81481601475794,238.81053994433742,-11.439288211839694,7.140732175848523,0
12.8534888774137,146.96550696466753,14.722427659987826,-90.75708980968477,1
11.53789510063072,100.96676071367487,3.9732428047199586,-145.6654291567101,0
7.968412681640831,263.1970738812824,-30.43645504595531,-27.39146850445238,0
14.584472136856526,87.18604041375637,7.640245093897229,149.4506662262621,0
7.476398129844989,61.81559603052774,82.5841717665926,80.70928079549577,0
18.80027981844801,190.7402000263453,-52.91686722755231,113.62172952492993,0
15.412198764672516,104.39546135189107,27.869644510920654,133.88903595310913,0
7.712242502675347,226.40585217250143,-82.18859505191067,170.14598690271083,0
13.453954614750682,42.457922954724054,-78.04504719334172,94.76876646510229,0
11.239217972047085,235.77879764423577,9.329080360245303,39.02685189821268,0
16.5958725520959,101.9867500791728,-71.1109475409691,-48.446683091191005,0
21.70225223011572,0.08745639642458336,-85.97757808316568,-114.60843483922221,0
5.624137651771277,45.6969807627035,-59.127660423356005,67.19755463398596,0
15.575130395737085,336.1015360206339,11.672850779923397,178.18199500389906,0
14.199336022166799,312.24767008152884,36.60137181340784,-11.750873537189142,0
18.356700382252328,84.09925153304526,-53.5538584545516,80.52457251341075,0
16.065983141188447,280.21388563637686,30.286698697471408,-1.766718002463783,0
11.240153341305904,219.08577354263073,-57.15426040213872,-24.503967589148417,0
13.404730321666909,349.525696121953,20.422336793626283,-32.28997911843055,0
11.019870715982554,134.49803743226127,-15.847257618756208,1.6648858554111357,0
20.38003569299299,245.32582050618166,27.683911680051015,-47.91756172846499,1
15.10655824335971,22.872860072610692,89.10949544626452,89.5583958558508,0
24.505953428765036,142.64904485390613,78.80705374186115,134.73792957294597,0
14.696695930926897,346.974358027745,-89.22928358950135,137.8387103922663,0
11.457966165447687,194.0331148020434,69.37897758521503,-98.02846316670266,0
7.4314280369358645,103.63662120054404,-78.03165686854203,142.52728994333668,0
5.984301618720274,43.29754672629847,81.54838550877209,-57.04155653216218,0
7.079320284972551,253.27020246535096,-39.27137776205675,-68.64924042529285,0
16.335633255057417,232.14817563470166,-21.23373052597123,81.63218066336492,0
17.54362511614967,134.61793689735887,-73.50512306836899,-70.30931756893581,0
7.094046489839333,342.3388866717003,-69.79090350079628,-160.93209398050436,0
19.475191570380577,7.993012675626114,40.813301741277535,-45.49760196828912,0
12.584694741582803,109.3405865874573,79.97980243469249,79.72761612900563,0
15.733965059927748,331.5850150678493,19.934729091775708,-62.294968702736455,0
23.061103141277123,115.53675779499854,38.85300279482599,46.64126015825274,1
19.48419657932766,90.81102018786135,47.15455402748763,57.642999934726944,0
13.657346760470839,192.31934757524903,-42.69343058047049,84.14496422148822,0
10.544038872923563,296.56862997139365,-81.85866643436131,142.9669678719371,0
4.240922993353475,37.13283391620998,-89.66290609454965,-24.276780263364685,0
11.404233403787899,339.487455472465,-26.883129068276645,-120.08445240151545,0
13.944348805861528,286.22623722521905,-46.5364389241411,-65.18674244451981,0
10.064102364244082,65.2500919985587,-78.78280949114658,-24.419788137365074,0
14.343715164538477,256.32286603133855,-57.684907351139984,77.00092895812071,0
15.38425941479384,138.58514014952058,-67.5901983117694,-175.27603479781195,0
13.875720090959607,144.82608410747474,74.67810851112667,-66.31726196164358,0
11.749987095882702,281.9844332779919,-64.7519015773496,100.74332916695406,0
15.843273359833638,346.6025308730636,6.776723517782253,61.50877319905034,0
17.209703247847045,45.59611422498981,16.759071920189623,83.42639049081785,0
9.54800461278577,151.42688527637497,7.828102387554079,112.2518769981101,0
22.05466189873135,173.13897891034927,-72.16984184112216,101.96485879606642,0
14.507059338578692,135.47225410379914,-32.61629488490078,65.5859398150001,0
15.094248114724238,130.748084537841,-80.7713401566324,-21.721848346587393,0
18.541072116282788,18.816720322174753,-18.779415462663117,174.0953983961354,0
16.166080656317508,246.79390340254437,-56.05219237111344,24.86635041242655,0
19.765683169566227,157.03719016321634,11.093855991188361,-107.00308462721792,0
16.43562082600912,70.12576895181364,34.7055108928381,-74.58737216227762,0
11.93781312679781,293.7720608287446,5.781574836847165,69.68248414936919,0
16.80751762603051,288.92186933458606,-11.837394609948767,152.90624347180687,0
9.281368963396691,175.10098611200178,-20.279984245795365,-115.6607534858769,0
15.542798528882615,107.44223801319379,61.504518257460674,-150.35526153151693,0
14.833850046777696,229.71338128672286,-50.513748288251385,137.3511772951222,0
13.959415713637302,103.7347688798651,42.15930111519639,149.50007240862035,0
14.357312442805346,84.96285491653633,46.346818453221424,-80.50343568627619,0
5.590754772511804,262.98527544947757,-14.543998691267795,-44.17713922635365,0
12.256375461295193,14.517086299542253,-36.485892139384916,57.66767909922902,0
15.464224505705573,34.116649572453824,-5.302532511724458,-61.22519249670907,0
15.799281959987002,2.4437426484923197,-73.22149333931426,135.77713497721905,0
9.86162429537021,55.059547131153415,-81.7325941987638,-141.27166702300943,0
21.3285392043235,24.836403135765405,-69.91142409865948,-166.32640045432973,0
10.669125758927496,358.48885240077067,-56.313894336799294,-104.94496557259578,0
19.847286002633684,103.97158918347225,0.7518276608477414,-77.00839984621116,0
17.135971809358423,53.73648456092902,62.84459450900198,-139.346427136005,0
11.768863450780986,86.75865287853046,-47.58438024005634,-156.35144543736718,0
23.876554463047558,337.00520575444847,78.32916193442006,92.01877686064736,0
9.0318158412176,187.25768028878244,81.88342360830062,-120.86043627518735,0
19.595770868050007,131.33451467082847,82.60282887213694,149.01199166386945,0
20.002911590214893,314.420924847319,60.76129224173828,-47.52012187868543,0
11.646898954616775,142.19649739765168,-24.51149265641029,61.41809149968435,0
21.962326500321645,120.60308518477048,-76.91689601952785,-98.85523868323192,0
13.749767427005237,74.6217081179048,12.38737171796908,-93.48380334292794,0
16.443468146399287,136.00685660738813,10.562659908702072,26.895313032327117,0
16.301609193856102,114.00636816609337,62.9956380797272,21.831453052555005,0
14.32845629264726,243.82942534733075,89.27838917029894,96.74252208434928,0
19.05404136579891,104.24977368146176,1.4683151808265626,92.81279004993576,0
18.967443602761065,207.7919087121221,-27.863274412838834,61.447595278917994,0
6.257340133809096,23.721179411510175,-56.53769191987194,-18.312996278343245,0
21.521701214390763,68.86409641074518,-89.13603153287326,140.63053906102218,0
6.687540059821629,146.66589778008554,1.6404646479982499,44.12825647966755,0
20.162731021708286,337.3017314071304,9.993360006467235,176.47145656644858,0
20.633525684137915,135.81071485765034,58.48892636713154,114.9731344563691,0
9.54516784892401,239.0666836319403,0.8238542207041077,-164.04846795420255,0
12.945928560227076,91.83140007170333,74.96430275989017,-64.5861934510856,0
9.47147665757032,45.73208735036342,23.055025782858387,25.875257929542613,0
13.925394848556323,21.073176028818047,61.26052287979497,79.72903363373537,0
13.459828579071294,109.94885947539049,-63.30568773460552,18.121139194298937,0
18.898302661346698,56.75796964688687,63.960503454416646,103.00695208638544,0
21.551543730598045,62.643761285804715,31.52589379989271,-78.24396500735594,0
21.978419053949782,273.873351019302,-59.358054161100505,-113.79166155618297,0
12.18915986710849,5.701705540154718,-55.842559533718045,-160.58999383568278,0
13.95389063127736,200.8116452647564,76.77011142795983,26.392948045747943,0
6.58280903889525,136.60609701364731,-84.20123511893289,67.89582744317829,0
10.970649667519057,182.357999967077,-6.743710206772901,-62.58610183702983,0
19.824258165487286,202.61888539725703,-33.57444781186172,40.89030654811558,0
23.07791411774116,112.81237000462015,29.71393919971705,-161.22339689280147,0
8.82825564060039,106.2391896663427,61.133289762418556,-144.25439533315068,0
12.037678704235528,264.02466576056605,-25.131938119817477,72.63171801305941,0
14.867971215205365,313.65971572361656,-13.157624281889307,-47.494906121772445,0
16.40080579409803,69.32938768507003,86.74520121025455,61.680251197082015,0
10.951982400391769,35.14275379265362,51.1049717422565,119.4196033007705,0
17.12030522232045,323.20649030112935,71.49674356772245,126.94407749140208,0
12.630803264645419,125.96236691306352,-11.022800282706648,-118.01964763279766,0
14.927738645608605,198.4742606386131,-47.866283282859264,-4.937193953515258,0
17.7314212400185,129.43553202720125,-15.864576230438697,84.21362050769513,0
15.03211134905469,45.28884108457847,38.896545209672425,98.63301465608774,0
12.818070547367157,212.15939218118208,-70.30252712952372,102.48335306239592,0
14.451950980370846,189.05070663706667,-41.31556098902841,-97.8597596229896,0
14.558185203973323,73.077681308831,-81.60553791691373,-110.6874656194416,0
13.14994485058936,162.67285607482003,-12.17740709913632,32.404488578530525,0
13.706019686664488,286.9011014456325,58.94023247633038,86.79088718575909,0
22.993235852523586,212.55339711884088,-85.56053610635806,-65.10977440769042,0
17.804597239706194,34.890237744118146,31.55823482528988,-142.30614352952824,0
13.522598409854199,197.28773900248862,77.84925741247314,78.02869784762791,0
18.484772022553678,252.98578774425127,-47.35298492798719,-72.10878070319838,0
13.33090255121995,285.37322608107047,34.854271330976665,-120.10941924778014,0
20.865623187933206,226.48232830833604,85.51834219803607,-126.8195297770326,0
16.84821096099047,54.956939234682146,83.21005082744338,-66.63256289038213,0
14.463489279978855,255.66237597245785,-47.71274525475421,33.36410372894838,0
17.238584629051388,243.8430645893459,-71.94041042182764,-50.975194070226024,0
7.145619239657504,8.793677858627959,-63.30914317873513,-172.56173342636464,0
9.366162655450974,148.22916033248754,36.36642032678559,-145.112963515988,1
9.030374968004724,119.86208890645439,40.6365975815896,-75.41883100849714,0
15.714715473818535,240.98834313131164,31.36258109307582,57.49361357295307,0
23.66257499742546,77.80889243193145,-29.505890206397144,-144.5345735513278,0
26.15650073096316,212.71389227073306,-59.440150843538014,21.836467260245463,0
18.190255507203787,328.754146253102,14.536996551405561,-136.84108650335847,0
17.504222374722286,287.20885399509876,-2.937519763584029,-103.81848215422266,0
5.9947113292363055,331.72478503795094,41.19014648201462,-118.01213007992541,1
12.28663100132989,352.2621480957684,-10.55518583658814,-155.79769119450822,0
11.061081240458805,3.841245722218596,-29.044854956435692,61.678734259172494,0
11.89576200874442,224.18685949589192,-37.17385607537741,-13.174722941027577,0
14.159280907076052,148.62218319320633,-51.93534239104562,119.17923872304176,0
12.639547111514364,309.5476165206438,-42.16565228640094,-144.3992976063659,0
5.103500948121061,90.65329272328741,-72.93052100806176,-127.896143998294,0
18.73955128058767,353.1706160814274,-27.56573803279988,-69.67521671383777,0
9.636284871300967,220.93486903574902,-83.41743377466753,95.71175529797092,0
16.196234320555746,285.67346480237916,-56.44550751006118,-69.92682366394843,0
25.370413348749867,30.815839016196595,44.41868003149724,-32.969265300470674,1
10.403077042067883,66.04483851319142,-31.415582038207923,-71.42271613302076,0
2.3485623862683513,273.02532229231315,30.28266305592189,-151.11925495162922,0
13.569978890599446,7.915147934156499,39.03915160750992,158.19610424262746,0
20.504798174992857,294.0760749217618,14.613361691780435,17.47403714562798,0
24.79173727110297,5.021646729088123,82.56559344577171,103.61994774677883,0
8.852252027737915,236.5627820620584,-86.14082400783961,57.00855318670657,0
17.483496116182607,131.43381128345013,42.95747710586558,5.131540462311026,0
12.673447716099734,220.1381469789117,82.58159590927345,-147.71582760262316,0
14.470258228479322,250.57130651608094,65.20891128352908,51.38407629730957,0
28.221716735085174,123.2910789070695,-59.779315475097604,-124.06667186274044,0
7.485148358024234,38.8664813199008,-31.172344874688225,-30.82205903174042,0
16.268698307472867,25.072512389375632,-58.95866882223623,46.48073165295492,0
17.338465858827167,212.01696812251723,18.235505486646737,101.60244016996442,0
20.428931624696737,187.43592734428015,38.19383675630861,66.61626325510304,0
15.489915767354477,267.19236328360773,-32.92672151464952,61.75207045966638,0
16.54025269752051,183.50478360141736,7.111183317173184,-126.34480469692531,0
13.041757162891045,152.0804844111165,34.3657026128151,-55.39372557422836,0
16.345634706225535,143.3113841650431,-14.158833010011296,-164.5515818423301,0
13.284038622512947,9.520884935160288,63.72279548198267,79.01168154352725,0
18.107859449280255,120.80059261079657,48.87898835180708,162.93095327427088,0
13.15194831978183,351.36725670881793,-78.36020210689728,-84.92025953553272,0
16.885501969510933,314.480007441752,21.802553836349226,-148.42918470156866,1
14.853685931575109,118.57610413231836,-47.64140082724507,-8.794772368684708,0
20.63025125386084,211.60634582389397,10.35328764010955,128.4113603259248,0
14.743031382057568,305.0268283927778,82.23991967393393,18.710710297840695,0
6.134837658965592,158.85876123002473,68.23116081940502,-163.1602259315592,0
21.309607503569957,6.4648309500543455,-17.18704743927629,170.73800659006056,0
10.471338495686906,26.823766254710428,-37.52750549801639,118.31396758653625,0
11.731168306755901,183.74137968553438,-47.80696600651338,-132.62613226145635,0
12.021693529782539,348.9981752433162,5.852676556173613,151.84719234126322,0
21.872190465854086,249.5554351987924,-69.43527841354987,-17.7522161021321,0
4.32162893010652,25.52982891788503,8.869501463084745,-46.11672339302116,0
30.688742668299973,68.1699152850706,-89.75994489165744,-14.02080101021224,0
20.28028404533026,277.676331558066,-31.707066465747932,120.44590447354099,0
16.1161945706458,302.9183135842481,-50.411823510495374,57.41268418324288,0
14.725529996918569,222.3700510278927,84.81938219294076,-158.6705571360981,0
16.427770374288286,231.99234106673399,40.903617522596214,164.73757360182154,0
17.605612141896692,10.201482138018472,-27.062391516797213,-126.79771194780561,0
18.226077929750286,298.2708934493431,-73.28788442448831,88.40446262472638,0
17.778022330017244,283.77907494149866,3.024107044312321,49.009150954127165,0
15.447903406276245,93.25265187720498,-51.579381361312386,-112.48990273923809,0
14.013307898463369,255.1236191875825,6.557318261704401,-118.53645259930214,0
14.24363358173244,77.34765831299931,60.36522375220065,133.31793373368913,1
14.025458598236595,14.518857978544677,20.842659378249373,-28.90982754014503,0
20.668850484335323,72.40915533253582,24.081915518100395,55.647545102689875,0
17.96778361140431,64.30639563154782,7.385452031306066,1.46556138840237,1
0.2980568266785988,121.589278824545,76.90781387365365,81.84726614734542,0
18.279503882648804,150.6418189831649,77.7424831957086,-7.472744985841007,0
15.973680973593874,183.07400093917485,2.2901761932393927,-76.54323050799537,0
14.906456217770513,171.63139518299815,-34.9632923141692,-49.18198644126129,0
13.057407734555571,97.44285814750417,-7.274338941700098,129.26797000212335,0
20.62056359993007,10.501440686666808,-56.419575804789176,-11.507510547818267,0
19.737632310614288,217.83658400537425,24.54197675725608,-103.15824039194067,0
11.135611660881954,142.46813874504758,0.016620440801979885,156.45793970781116,0
17.035261435622676,107.52197665951789,-71.40591399360962,106.7761643394157,0
10.14171632729357,312.0987754189844,-54.423399398469236,-159.96018741976832,0
8.101909176055349,268.8275908073375,-3.666247884085174,179.61946631298642,0
11.866413877050174,308.7955974140792,69.7660183293945,70.17361071843683,0
19.311967361913794,178.19380609648596,11.950329713597533,-122.30402434538871,0
19.765625226880434,47.13525076563989,32.67630003752474,-94.61963473250528,0
17.565427100486463,250.63971700365806,-28.97486104609625,69.2803732469569,0
18.625478934239986,74.18656077738308,12.85405074796217,100.71397990048392,0
17.58089143557479,158.84268087301805,-9.471631925147864,-93.94706046606979,0
11.79259202388524,23.40028402159986,28.643384272168923,-87.4912125962625,0
17.159612723369705,297.1110248722737,-80.89639810577813,-69.4365498460581,0
19.002047626138413,45.33863077710021,-1.205961076987354,35.28661134118922,0
18.771456649067872,325.1151025377515,-36.721327474085946,-118.1461758115403,0
20.944566857373214,311.12301681416056,-31.286688969976336,-142.4724484014801,0
18.541519236005318,167.2497951981286,82.96513768045105,64.39107207078487,0
16.757241037707914,267.9725535494366,-57.1149337119511,100.47525832554123,0
20.350751191582138,223.0002265745352,-33.975854535852555,0.33458558994196697,0
14.867393703754699,289.1072312415881,1.780663631556918,-49.02022430338127,0
10.59062674386141,155.44983628292835,65.34485066693226,-24.464623130468503,0
14.184665180281181,282.891054327966,-14.99938502285332,-40.17317980609732,1
11.275486775967755,166.48445414345326,43.89575055987079,165.59456696556308,1
11.624108625128093,338.7476836234058,64.14733767866443,96.51236587889048,0
14.277406646422412,175.09395629705313,-34.19705595206719,-105.0886026539603,0
11.037900395000193,166.54293789614263,-19.30496696303221,-41.691905260567175,0
13.460192351804798,282.6258701628646,-25.81987973609587,15.844424890719528,0
5.5319266652310715,295.76796903390164,59.9140455512258,40.67491034292784,0
16.066468536864694,199.6160811556215,-82.0175648483518,-11.45379742964385,0
15.00602737681112,64.72721285822715,-34.484204010837594,111.64558860430529,0
10.914556844659046,168.3929631447286,32.29354036712338,96.33816700496341,0
18.296228342162024,348.5061010474842,11.779829921761682,1.8568507061400208,0
19.68785068813279,271.0750294941067,-11.46791532713503,127.59457924142295,0
6.9622006781551296,292.0185373964876,7.190680899849184,90.39223095925892,0
11.186376107168929,11.817179574926445,-54.43477455090271,100.28946553943159,0
11.154288251063509,168.42940654829755,-12.471008110558131,164.30428059602997,0
10.300484494455677,232.78360811671993,0.3065371517428317,-84.07190116468703,0
19.147374209658743,298.8117661061069,72.21404195182829,-83.64666154793429,0
14.030869306135983,17.73851528979773,-43.049670695284256,140.0228120486304,0
13.677425793446947,306.8779988310743,66.20913038968786,98.0014944188446,0
4.980688177966233,197.42433722708822,25.963452148676744,153.55639491682587,0
18.177090151046134,71.03302940738158,-86.33865040783182,-157.2731422831969,0
8.803708025732638,114.211877921892,40.433640641890854,45.99254781417477,0
15.299663151331641,101.49463863056187,-83.60066204117008,-127.93379827555893,0
16.38688468979096,191.1092523438513,89.52860282648635,1.4029913853297415,0
21.803292979193255,18.606844768007456,67.07460378441561,-123.93110453276007,0
8.455898004404439,57.07301705997247,-36.47812544279178,-133.89173676544345,1
0.0,292.56949561528165,-43.665978564593026,-175.61939566246807,0
15.919247723768475,47.737436668851984,-21.340605220990398,46.88597245784557,0
24.002555907554267,84.0226570049257,-25.889946243400253,-50.75185799156902,0
21.19473176469719,163.21341801749662,-22.97919269063141,-142.1322174435702,1
16.048297076373128,186.16351972079897,-32.71022169849353,-63.778400016728455,0
12.541819071839763,274.89977266109713,21.804013232699653,-119.18012707742942,0
19.035612983186553,161.0396735998276,-60.43254053028769,159.0101393405974,0
10.132269001477656,284.351263572794,62.27663264028237,-64.79824112591469,0
17.381788846781095,222.6046705363647,56.23244712563676,-59.77673161581964,0
17.527350795833133,40.715906192576085,-4.233022586051323,122.34888122385082,0
20.3010495374944,56.27931782142189,63.49139375013857,53.19207406296152,0
28.798300194555388,157.3321411619175,-45.51388739454721,75.66177866508048,1
16.962079835893835,142.88018151205426,-86.83821797328595,48.960649436025804,0
12.455181871462507,267.675937069426,21.457426505368144,160.63066222148353,0
14.872128439040027,209.06537032704668,-7.576306746351231,-105.47970063910374,0
6.154620475554409,139.72790916080976,12.089618333256718,176.05412703208646,0
11.526434344554708,61.473702042138825,71.88109362331255,119.14422392034474,0
12.95358780943448,81.66135683717825,84.58660324186982,32.03013199548319,0
12.379558010327038,207.18036664886122,24.201565156008545,58.45378478264963,0
15.76177436016861,152.43796976392528,47.530006173438906,53.577315540221065,0
10.887900338088997,185.37390318984194,-74.91448197231043,-158.9773593387046,0
20.605153336622358,61.44387670880412,-61.07119471952899,-101.5140605285021,0
15.001035324590987,238.6462508440437,41.97686489153578,166.1295184289097,0
14.953498394306868,306.91394670814816,-12.35421785015965,12.371194389376544,0
13.36052641743541,92.8582224432842,-9.726251327206974,-43.79270282571167,0
15.775953419294895,176.94512129945758,-34.45061730562141,94.333846820067,0
19.125491323338174,351.18983844752466,19.324149025993883,8.826819356091441,0
10.664348921445498,119.96702659826195,-56.67029182508353,-175.26140228451686,1
11.709417554623716,214.21668417255404,22.84493027650121,85.04553481744244,0
13.481369856116677,32.47045207208797,-58.716205715656855,83.59832161903007,0
8.270645382633926,218.16540089259954,-78.51131375225155,-120.54646364040921,0
10.90371070139251,32.267438389662445,-30.535616034169017,164.3976318327168,0
12.618895632276706,345.32475671657596,-48.39473843822742,-99.39307264519884,0
19.371945903563635,257.6385547460321,70.01849494013982,-15.210227742408255,0
16.312806645009626,283.7375237288543,-80.10837830364721,-138.69505394607071,0
15.967949556837723,253.47756987778928,-58.209535336657886,37.18163500221183,0
19.25448981083986,212.3024529875277,8.7695290049489,-44.837596779403505,0
14.313141058003017,161.96860119078192,-3.4079056474547476,-52.85755360450603,0
16.952324249644448,309.0144167139825,-81.74663669255372,117.71167579954101,0
14.483891235337518,344.4608403155027,-88.694562957274,-176.55778337382785,0
16.326811746998143,179.65302224546926,87.85222955300698,107.2608375212721,0
12.08620671194209,335.3526176958943,28.590246064590872,25.721483669308324,0
2.8059142086178546,209.9998475958663,-24.226896437719773,174.99546485287166,0
14.328604189068479,193.81830728271595,-5.322195420616563,32.19955941752965,0
22.1137406804997,163.6137838639284,-42.02097831822835,-160.06351170673514,0
19.63107701120796,75.34359415084315,-27.922718935222242,-161.76768248025851,0
19.826987422955852,1.3390778945013082,26.828004108278513,137.9350750938595,0
21.18065360903109,86.94224166818205,68.90612379612674,122.83709238397913,0
15.443287954807188,183.50034177728347,-56.85659584538672,-55.479572790471636,0
15.986578537027981,136.78558281351093,61.265070969357375,42.49169430520939,0
11.91174052282825,161.45468208094817,-68.11980668671157,-3.7471114599838895,0
13.41963571986475,353.0333590430578,-51.30139975408958,168.1790598489788,0
18.07885574885571,126.09805344095793,-83.30844815106373,161.98592431568096,0
21.019422185844082,162.78585816963883,-64.6538648232601,174.18204307467883,0
14.302768621595002,48.065598487015045,75.1145661835291,131.92156102833513,0
12.749053675742942,17.264783677315553,-7.301025608691855,147.43857267903647,0
15.002639794282986,279.1474252532981,-76.02014487989636,-101.77963964383089,0
18.006033744645574,205.4459430259123,82.75083084701303,119.16244403631883,1
7.780725919332291,273.8537301758022,68.21861539655703,75.1885607535389,0
3.5190952343138093,53.95060759915859,45.84285375626543,166.60314317810526,0
12.247315752542082,205.85835762576875,78.0251025505604,25.654258239342987,0
8.896437870429207,91.3112907628952,-50.37670424956245,-149.33981998419972,0
12.459299011763445,82.10225408400717,60.54647274181554,35.06360082737506,0
14.261098405912643,4.149365059074692,34.19841534377511,67.16913408766361,0
12.733757954884933,46.92266048486588,66.5566649221839,-100.6844296635258,0
22.262337672353727,111.33652013989033,53.44408183367336,-38.11918193541778,0
16.6337238230116,42.076353812738056,-27.6308886281715,35.46122905860478,0
16.502371798054142,354.9090385479375,49.391736663106,-45.321934566058005,0
18.11103572021701,111.10775346862224,-42.75786546271974,-45.018821794080985,0
9.305834411096154,46.91662081283814,-30.85341065495013,-132.08880989779294,0
20.195558937101342,71.66963261806478,-70.57697089986429,158.66882030795978,0
14.621178567322701,211.57316220293154,78.31379087648438,90.17797841823476,0
18.352403086206063,23.055668591323865,-37.61939458794932,-179.5523620082033,0
9.640713834799223,310.47628685081645,3.7120437308613297,95.62078224797948,0
7.231206169919679,346.139884525373,-19.56008943608532,86.32619735682916,0
19.089448290125144,88.82907144025711,82.78706170503027,-176.49685434401172,0
16.882047630487584,162.03429669270938,-29.691149231073165,-46.94245285904476,0
10.489742228212448,7.9684023706189455,50.13824785608402,38.42916851719104,0
10.651684593626529,230.65568090179974,63.974907833612406,-17.009765331107086,0
20.627173922073847,149.01338089893198,-11.590830453426136,100.07500273938261,0
9.05294053566336,97.22104779656006,-21.929073398472376,-26.83500025160376,1
23.213364766279817,74.46135982197904,44.594247767873036,-124.60933099661867,0
10.496896326760655,235.44830795715376,74.32127645512213,171.50962473857828,1
18.191959628041914,149.8381311716332,45.887711953002885,-92.86560260062322,0
13.356907621255077,64.67734405076833,-49.11725419346419,78.36923179487964,0
18.015937155411716,248.07926933525664,69.89539453878696,-128.4637278009341,0
12.279429989429037,203.4260218932097,-20.235299861370045,-61.555459037784246,0
14.18603546963853,309.1219397746186,13.721294120028173,-20.870060965047443,0
15.204595876978606,42.29132359553744,59.65841147268799,-110.79647837025699,0
9.989062721092637,282.83997670000423,-56.0889418679114,-18.01455250730058,0
18.704121727100627,242.46604325421325,51.21182442195956,-123.42138372297,0
12.433932167642075,41.403937258115214,17.30930362392195,21.242354034920453,0
13.857000423299906,250.13546275381947,70.80149552896948,58.93677090726983,0
10.02825312695744,158.95702399673894,-59.045327668162265,-157.5236577499161,1
2.1883317060234475,340.1945228001035,-14.27719733263288,133.6075635895805,0
14.044861186999155,50.98008622244375,59.91175671603074,-113.34928138486721,0
27.06307710806458,231.42002069366566,-86.53829337778316,-98.86952688468344,0
18.923021439490118,137.51281636666053,-69.80375398218429,58.085942429902666,0
14.903698101328027,344.453281412716,88.30173829621225,-11.24961824361094,0
13.685545853958661,118.79096230449953,-39.529047853736905,-0.2175842984163534,0
15.112329464060231,346.38692741704807,85.59777487031161,-133.86420555727224,0
17.73559557587605,324.53490639626966,-57.14432081843869,110.06489587550696,0
9.095935923455777,97.33796471183628,-25.003000258679588,42.1395285975156,0
20.571608473344362,289.27503965751396,45.516500010642716,-131.26246440859583,0
18.57690657720622,358.41751264926216,28.40011330287213,-45.360227870785444,0
18.59092862853967,90.95868078166164,14.602031987230003,111.74757578461086,0
17.192378694048635,157.2397809563951,5.381851644901361,24.607816555183444,0
15.09808328846995,187.26506516403347,61.81927985965324,-140.88643951214502,0
18.3643061798341,106.17520888939116,-47.70925868998931,-45.800263515856784,0
17.95907066870689,5.4953422725707135,-10.355233141166684,-92.63001655593554,0
13.22979644529488,79.2465279111096,-62.018587411837686,6.287599315341494,0
12.131991135515495,101.49727836303305,17.26948723152679,123.61000639391624,0
15.509281476309933,159.69589247454738,-44.902003631162366,-22.943831470408867,0
22.745100757475935,61.59689222882467,-29.908428418190553,-23.99686906740369,0
8.804464621730496,314.3715684090021,-5.174871007764937,145.92632483773332,0
7.6623736712378,253.768007783281,-85.18129457343699,27.426748502618064,0
15.823804206182583,30.672171921478313,-73.45117153424923,23.828791463066473,0
15.25443850928009,234.0332824103753,33.46725972747953,-85.71243892485982,0
15.866708321852041,235.31633150602335,-12.785403470848696,38.780189221365475,0
16.219765989542502,344.239622511706,65.66223995998118,27.327768270262695,0
13.883988726825974,1.0875136882180492,35.0409606559559,-37.13347067692897,0
22.449317193010412,89.25568193009059,-88.54183050348196,176.65040372370498,0
6.995480107617422,334.00493257511357,21.00821953808427,137.48074738131123,0
10.85751487609877,335.5682095433819,-73.12952410925105,89.8510644276536,0
14.483726199254763,259.41111097342946,50.56797236228897,13.444411828680183,0
6.784055944229165,275.67479557711437,88.47138389013035,-13.65847131793311,0
14.120727977839644,32.93386485467296,5.615782963472071,-113.43693771964823,0
23.30735082864009,184.9953005201641,32.900310034943466,-69.93450935473547,0
15.104432441479808,83.36987686403978,-47.28345103894472,98.62588793635567,0
16.153504528593416,65.23849570090222,-11.232406124317158,-16.650376582481485,0
8.699176174137099,291.7091876843997,64.09715980254906,137.6170259650205,0
11.918192959802612,48.61372920499707,-59.863869405674784,-126.75199091560964,0
13.124018098380315,168.71458931869867,-42.20359098952282,3.0049545649091325,0
13.41142451621883,337.8881662509719,-9.821938448514569,52.90764624767114,0
21.408218975018844,66.89954000352331,38.204800531922515,6.065444270853351,1
17.78845530362562,352.07763254576446,-22.340888136778712,140.12168097059538,0
9.44271021531484,357.94367487398125,76.9918103609407,176.24278145849033,0
16.232523892160025,200.02217568566505,-72.99773077163054,-138.2995229971069,0
17.491108742483927,61.251386463776846,-23.25524444192745,-133.21623453230845,0
20.700745192606334,113.79775965872243,37.61174221711594,-133.0833191183564,0
22.902703432841868,152.81741976355266,-49.322382180931356,65.22375458538993,0
9.924529040860657,111.35672076896026,28.15436416134113,-45.83660562149835,0
10.94571244394831,101.02880875554568,-60.44094751907773,83.99327805572618,0
8.71211070542692,350.0026953178887,-79.92354872489645,-34.030269760687666,0
13.829900704465095,55.211337869668434,-68.2171709852432,45.93841967954291,0
17.331791872231673,263.99804713807043,77.39726096414424,97.14888204440166,0
19.93667258294551,0.14770419810295365,9.315158929119239,17.357727835771414,1
14.620244881787386,214.62576098485567,53.342239586336824,14.221292562002184,0
13.40076238372578,329.73948142345887,-30.12218983709078,-148.2356428971716,0
15.758789961243702,103.65627387355885,16.678556619380394,-32.11857255260347,0
10.824285491849885,66.7893510927789,-0.9086159331015153,16.479775160977532,0
25.447693608473866,234.6047261562337,80.23283269241291,-13.686902760092412,0
6.961694864409706,256.53650662742155,44.56343448973986,144.28152006783316,0
15.923702894478621,247.69098682271328,41.49767366938423,146.35102756301617,0
25.118031096148197,114.95407680769465,-81.65641150182968,115.89025701195422,0
15.03399922279999,90.79286477735911,8.940540420664394,-44.89269286567681,0
14.049804824992528,344.1307679863359,-5.941538297673327,78.22769460751236,0
13.212772885947864,332.3878229771746,77.011607989115,-37.696154014940475,0
14.098041591187961,164.63397956141532,-43.678442125884196,-96.26630436872675,0
21.864242373382652,304.62979181557444,-41.42997840760302,-56.55504832168261,0
3.940690443352466,162.83645194834656,-15.957675201329929,-154.45273201720724,0
22.667168506481627,152.78004650610373,-46.19345158685231,-60.560096758327006,0
7.880214237749275,56.434661135746076,-66.74689479442509,-14.132801785978227,0
13.666738353827926,153.5061803371102,64.33467239714415,163.97312212109878,0
12.85377789850669,193.4700978959305,10.489774392704852,-67.17218896093503,0
17.9427663488536,8.101557874327128,65.04528941218203,144.88327411398743,0
7.009378240581262,159.88068186314632,59.604257772665264,-97.61102070354106,0
17.310863330409713,281.2882386222721,-39.232376137859205,-111.25119680667021,0
25.121548116434262,244.81658029473715,8.592739978369313,6.838364315579377,0
8.184129977035948,228.6565159910166,-75.02081350678732,62.10409294706614,0
15.948530838051978,327.4399542373929,74.74533912553652,-164.04038971117868,0
11.690089111016954,6.491523537082804,-17.23271128827244,-100.41628858300199,1
17.129436030965177,200.5371310292043,-19.138286899976155,-15.953880059526089,0
15.09573888707876,283.44558542749456,-35.50403328876842,-60.838439046054674,0
11.792565454778451,194.8807377724562,-7.080525952073313,76.54358856539586,0
17.43936142435537,116.6023989289365,-44.68331042181935,4.01781457487405,0
24.021740548933714,49.05020343311203,-22.52659089657518,-122.27072198259593,0
14.045481041363507,319.5227058538289,53.99046874527873,142.00753655343257,1
18.59878971074091,169.47446125953707,60.165990645330936,-74.55395682599057,0
8.533635210644182,316.1214709148525,-35.24715402686709,83.20719922719245,0
10.217818115909957,210.9067640759406,-5.577402500498176,100.76968047794756,0
17.36203138940189,242.70916198140029,67.2875597304094,166.73677209219676,0
22.420580142679825,289.534015576242,-80.51880027065451,-0.5373120513235019,0
16.7780667439283,237.29599605604838,70.04609315924138,41.70078556719558,1
13.434709847384228,143.29974264441756,-50.5468177825803,-59.444534347367856,0
14.99645702711677,184.90801821431435,32.13706395858765,64.14454562834395,0
8.747961330151412,289.09638888331676,14.859305349228045,-13.1819450881249,0
18.022576631776833,134.51410669427432,9.529334674065378,-22.445148699207987,1
19.411665311617046,139.72372443665896,64.68484045550784,127.96831048179797,1
12.739548335834598,34.448441780880415,-71.71701414396097,-161.9392163404721,0
12.649789261202493,329.2503966798292,-27.534955441385513,137.50647401947268,0
16.329391148260243,32.77307338035902,6.885494342057809,126.7451416182805,0
12.816401319797022,233.35530388148013,56.03199371028716,2.2918512822440773,0
14.669336926870887,148.75001236900718,-51.04024498589913,-3.526972485973827,0
25.498608945832576,146.02298049195926,54.527371447369724,-49.74934750722353,0
13.764871496270016,244.6386611661662,-18.065073151091568,177.90256500542438,0
13.208299239893888,24.15374374675634,-55.99550584193483,-139.97904020861716,0
11.762290971824203,213.73408186251646,46.61755927982687,32.47748482629852,0
18.720959857499682,277.9314429500477,-73.6381977345814,65.40537244047013,0
14.093879133909486,298.1565928391739,2.6581273335797273,156.3588029581,0
11.75313480839287,61.390940181759106,-78.50235890486009,100.87325886843414,1
21.60652016136506,323.07085802814254,-25.84478607159824,51.78499301215686,0
22.098015022568188,236.2125930650792,18.19382382115068,-137.94756594763584,0
11.997882171306474,317.4677282954458,10.100797467698357,-45.45593394067174,0
5.667300243196919,174.7010581596714,-17.162024777160024,-130.0170086827253,0
20.03756844918461,195.13200423499273,-12.771361085019176,137.23658368758493,0
11.57685087119998,330.8537797303216,-49.18148039686202,89.86361600291146,1
18.953127995813844,323.96743560768186,-7.9411340836614785,92.71324324700252,0
5.149480911440821,161.33791441284072,81.58587402975016,54.812346398475874,0
19.462986691496546,98.78854738884543,63.08152520108227,2.5356732972154816,0
8.944140353596094,141.5413564431351,-63.85808356625812,-126.01041859314101,0
18.653820595332622,139.5951582707099,-84.63945828223423,-61.30984078618137,0
15.07136533918217,103.27207499380582,78.03437628899351,-130.7103147083194,1
10.230302903016776,96.68865755986796,4.8149549785345735,80.96873142684356,0
12.964818435366098,309.982657132699,6.810808166875391,-122.3176406320782,0
18.431592284783505,25.150291446478207,50.529239227174024,72.76087806180679,0
15.529472265576171,243.94002555585388,-33.35598470316122,69.2119402545257,0
17.922064902362422,62.21521852432283,-3.2566376095196103,-14.650387563135997,0
24.882202922577427,124.02212162186277,84.35932436641276,-131.31768451750116,0
7.178791941444743,22.155492288541268,30.986763647833286,-66.6717025917468,0
23.08606287484312,97.19050926796633,-62.32589424075853,-64.76648073280148,0
15.521779687616064,276.63158560220717,-66.0191853628164,72.13864793158564,1
10.50607975838436,318.6055168370131,-53.23234350005903,-139.05251301105923,0
8.348431871305051,79.74977468485214,48.008101395729156,118.46471263779267,0
14.054398046114832,166.87722213321186,-36.83213930868911,93.96262446692903,0
19.608250559622295,169.3166572573943,-86.15000759848564,-112.92950945726139,0
14.362254398112329,314.4871100735043,79.95138543101913,78.8991774404002,0
22.55577465123674,274.60765903528994,-59.45158504891608,60.66474532841585,0
7.744121549742205,184.70779861249795,-88.27952649334766,89.32348803993347,0
14.939555260769728,241.46899216983843,-47.31631157100186,-111.98572003846999,0
8.738032777934405,305.04781940737206,-47.69481831873593,-123.2674840236713,0
16.81815941312484,3.4340234491961796,-14.039054847769851,-94.86576506780848,0
19.4344369504865,145.0404111780175,75.67016967000663,-48.286186866368766,0
12.896191031594734,326.60754021974833,68.25328520023763,105.71939317288843,0
1.9789307168643289,266.5126911038225,-7.7589801031629735,85.652617492386,0
15.994740733982473,195.42289476026687,-16.03801710147483,153.16257322027192,0
17.183692758667547,190.67202973264804,9.901635565473226,-158.89335872449843,0
17.021473774808488,125.1972351375976,-46.178277845082164,-175.83973883489318,0
21.17891095911077,187.38739211094523,-80.60670144605469,71.68997869228768,0
9.644731601754756,235.93795180684316,79.0603445108172,-79.45650151410035,0
18.401080527252248,150.61069383436552,-56.39418272210891,-59.73159760782569,0
20.962537562389876,257.09513270118265,-54.28786873577105,16.848729329224398,0
6.107062079967416,310.0436018137389,-4.957140806289429,-143.13127567435254,0
16.598259129594886,55.68654534655002,-1.5095979287404737,51.369989957297896,0
12.479100844961643,162.5569282142728,-86.68184225386645,-62.94691935678592,0
14.59238663449177,146.8872328626292,-63.36814702068528,47.77744474835699,0
16.738382417691682,247.48732945790212,-21.93213265906649,120.2424887064189,1
12.563857179432238,89.95228749285457,33.07152483189703,-118.39991999852532,0
11.62145960419194,230.49032938281945,-48.88467777025155,155.1143134492273,0
15.170762087440123,315.8961270233357,-13.857399676482721,11.047730782479759,0
9.563770305685988,150.52737592570418,10.322111648964029,152.2539954626286,0
9.570874355574073,327.9656519925192,69.94664903219257,-105.21717040735987,0
18.396866414782515,357.53894601605225,-31.307309581117803,37.64255925752553,0
9.25602982420672,38.193137981262744,-65.95951214457297,-34.600637763502306,0
18.33156250454606,83.89914767454911,-1.9309993384305213,98.71998881616476,0
17.312956464269757,342.1367105335535,44.409888303131176,38.12721955678669,0
6.370966356047017,344.99796713329926,-70.22524373050798,-1.97443549500536,0
11.612176738321725,35.17461913923306,-13.556971494547128,148.67474631516313,0
20.97054701523686,5.399460135769205,-86.79867457275299,-44.23785689819512,0
10.094172344301592,57.99600837231201,-83.9593473034948,-100.80712623665467,0
12.677978688453061,358.5646020176094,-3.0683946210001922,38.91642726675301,0
17.31030446625948,64.79986197984726,-36.3244863328327,44.65023738221295,0
18.91695254641298,180.91713841992834,62.119313820974185,-21.925936234124855,0
13.742305569777521,305.430381514984,18.38777510276177,-4.820384271822364,0
12.012449026541793,7.344579847754282,-8.292066886261736,165.43922914796397,0
22.111849308492538,217.6160336130454,-16.571633210226658,83.76684890284847,0
23.694498318987893,99.72916159306476,-0.49581356587861114,-140.18336946627227,0
19.894290253908977,310.44056991830337,-82.72101038172096,-103.63317448658005,1
15.42659071282512,102.0460137350685,70.7028041557188,171.20758839680124,0
10.958671391795368,247.2320593014872,89.6945680321125,81.52759936567126,0
10.847777967217173,242.71906768106288,-57.33231752543424,149.41624541207514,0
17.61257052632879,79.73767758947041,-68.33106634056844,-70.60987296406006,0
17.09199110444342,12.527711952606042,-64.15605657925286,87.07206963117324,0
22.007992964732146,147.32984656274303,28.984870482186086,77.04097506846412,0
18.252250462680696,104.1095347077131,29.05935092113945,-73.91160524182497,1
7.484598491200909,291.2319898609351,62.62634921011397,18.293877162253928,0
20.259738088614593,288.1311078439243,45.328749916725585,45.86944005730629,1
10.009696863427935,164.52862278934518,-9.055858793518848,-6.792548102112588,0
13.080143640238242,218.3444011163588,20.31396508175739,117.78433439688459,0
16.251001031258472,217.53342575529305,33.89124066624142,119.83285504727621,0
24.97833744891982,297.7769334339444,2.292564651340532,126.21619738856043,0
30.549592780026803,153.0008690843511,-4.3828227987054,109.23248487533861,0
18.033615295680914,99.16080472458327,26.117540215677586,-4.289948209027936,0
14.08401690639806,95.4125705305971,10.345418815617673,-42.68221266635741,0
17.672528242402752,193.0292205415935,25.909614960463863,119.2954621371734,1
19.43827712936918,161.69335298359653,20.313859313405494,-3.527474919743936,0
13.396661872214041,158.44347755457702,39.45538089245784,-91.30629649392654,0
23.97605677956161,32.8094420722946,25.70463158091769,2.6436716359978663,0
16.15035379595701,258.69734664847044,3.5536475587081107,-128.93406410907284,0
17.48871544545697,76.94520767348786,32.723426031189575,68.98661661556758,0
18.329621260272308,70.90330687513969,-9.093246266622952,-59.06833861539372,0
17.10793305307228,148.59299529986166,-46.49917932493181,-86.16283255891645,0
19.19470250234806,82.00020298240851,-89.74472037589521,164.3431486445082,0
11.913734067265382,210.18897623088554,10.793546486251774,99.67715847299074,0
12.208491230269848,133.72680216040973,16.31794078955538,103.34502098061537,0
9.499228835141526,161.60822013340444,84.96881365962858,44.53990894050604,0
17.19750615310113,193.3809557774504,-24.9338998630304,122.10221178370696,0
18.89468251756057,73.27278809344975,-19.056016290903884,93.29849321881726,0
17.288864330759427,56.07058423159073,-53.67607535840576,35.55853348810195,0
23.372462166737687,316.9518850344977,-77.30382685728206,166.00478466661824,0
14.972019905854767,156.14053301931156,49.10480871511331,-111.02581811360771,0
18.343708277962563,148.3536994677141,-45.0574084189215,159.61669883811038,0
9.54149561930343,12.820374098222933,19.602874985406828,-35.48226168040862,0
13.064501487627995,179.27146893146156,33.79914639818667,10.22363402453518,1
18.47768878782889,199.50109977996004,-5.177396287503415,-135.81384496404877,0
19.24551055371572,201.18271354367994,67.74338034489449,14.438678011844729,0
13.53016526167909,254.53122095623837,-10.116928623648821,40.034430668949625,0
14.642003740709665,63.89346059676424,-38.716447852482275,179.17255505106863,0
7.410631266595953,90.80032832302277,71.28279413309203,171.06926798574955,0
13.214853995966953,291.8629674829486,65.08157116499217,167.9030250747434,0
19.45191581759893,340.98142206362184,-60.47280952624566,-54.58029836325935,0
17.87602508053283,48.93578905223543,-85.32701669629422,176.85593954821564,0
17.50332860690605,179.15383962187855,-73.80259985706827,-16.027865425760094,0
15.2488684359048,77.10345098625126,-38.42146826031293,126.66105315428418,1
15.035315793140882,21.62634060779368,85.00676431350792,-102.12481115317009,0
11.698394302632765,117.18120172540876,10.532907568948506,2.099944676376846,0
18.494142101012674,51.72754506631659,-22.812888234731613,167.76435460593794,0
17.10486472194695,255.57590643632867,69.96889703029434,160.9313028924339,0
17.460094239963997,192.14114892172,-8.435460333870067,66.14455601571362,0
12.369825786662098,51.78040955651192,-33.257046887816195,107.21315611910154,0
4.233285400643778,3.326971825985172,79.41951517421833,-116.48638922313549,1
20.48576355876848,290.9365376487166,62.91317991468204,79.79707781429667,1
12.60581271995798,63.42998621912911,61.86030757549937,42.49829100073403,0
10.686121179784397,218.23799119947574,2.2112537490383577,-147.0413751295514,0
18.467394559569968,121.2918887076284,52.0989117867819,-139.26275762771655,0
13.039936800404352,210.77493779341282,-57.716395332380664,-140.96029760954573,0
20.29968192023311,113.63530571363665,13.180132360123855,80.76849653874083,0
18.08502974788349,31.2982418492115,87.09226611255822,-128.98252503087392,0
18.41784661600239,80.26200308079129,-37.6274825067669,-11.616382398790632,0
8.17022144399733,67.70108393246721,52.983419264581535,-51.48654988400721,0
21.059719926932,154.0869668782718,-1.7138867025478977,18.18149067727841,0
16.30625265616928,236.98216203341664,-82.83497702002428,74.33153539898501,0
13.153614303768984,94.97018698068872,47.34349160682014,66.50011339967953,0
15.716942336711256,4.345176708222462,-59.6575540094197,5.587169729175585,1
6.1188238355084,186.8174511353125,23.665242083895027,-12.83944550026122,0
17.043264057403356,218.07341616922994,-74.58044507154487,-36.786385755986856,0
9.853142459089643,346.63337784065146,80.43613154927367,130.2875813895766,0
8.236648570782329,212.20948911356885,-37.48970030753504,-60.893350245847806,0
7.388204068910545,169.62212137613108,-49.23635549806892,-86.62830437970186,0
20.563441874949625,206.42458532317337,-66.75544726805983,87.59357771589765,0
11.853683031536056,334.04422675032976,80.2803948010286,-50.485153789178476,0
22.668638549582496,298.21613241659264,38.14267363943493,124.91949591261664,0
12.320992684738512,116.27234401097088,43.49895996925596,-61.96006129062789,0
6.463210212035266,85.41157091656942,-0.10717895155597512,72.70013684685175,0
9.417377800256704,94.54810045178651,-4.548998651312983,-163.760757737279,0
21.179058100034695,181.59157429747668,-70.1961762615342,-41.19736316028479,1
14.220509110316662,267.857802442288,10.771397205118516,-56.437137011681465,0
12.258563517546996,181.15891458586634,-45.555030880417725,114.00434613933241,1
15.800091129263938,24.40670249812053,85.88615990407305,168.13994516219162,0
17.508913680837725,260.4890521583931,53.384569202726524,-14.082740390533889,0
20.5869940795123,290.1492463215434,-15.661429165280234,116.9410597753529,0
22.24249614946463,104.21923144309908,-62.758573435524056,71.89009234465144,1
13.20115677105457,239.08526614200613,51.359704404981116,168.25895555892956,0
8.369761569589807,153.57308437958162,-68.03032192536313,111.9990651634169,0
12.932674194383619,320.0829680618794,-55.91992437052731,-152.10789625305702,0
16.30140253291443,304.28120093786634,-51.926306806039065,76.78142005760503,1
10.181205368946946,189.15551939147122,10.240314889156988,12.779897552054504,0
10.214245425524785,248.94199649289402,51.67019771826593,-174.08301914436223,0
16.718939407749428,318.0058923679574,-33.4233218295554,-89.52733485884028,0
14.756738242147744,178.45812362817918,-74.7594334304479,151.83188820968147,0
15.163984977057932,112.77026657597591,-6.383076565604546,153.38209420323105,0
11.207523326499652,271.31980964744923,44.65984340878839,107.5861656722284,0
13.847996428971163,79.22385172248904,-50.10050824427011,173.4406571800762,0
10.378834278658479,139.87121328217515,-50.41358135291264,110.35628086471375,0
19.450992055623935,311.66180535844575,80.50086492240794,-176.32649257731174,0
20.176246673618763,260.7920424969534,81.74767088145202,-76.37963749145575,0
5.769060688809531,145.37196188909974,88.28383177108375,-168.97529439440538,0
10.35244569903795,77.30802086700866,55.37872828346042,-146.1211312544786,0
7.517353724549604,128.14862069960515,-56.1268495497698,-101.21730589772062,0
11.749880327965508,102.27749372187587,-51.843326256132954,1.2810766771880777,0
14.582810151048196,63.392143659787415,-28.759456525969444,125.11152124632639,0
7.75177390150735,267.5998488836364,-32.73614435997165,130.3080322165589,0
10.390700934373434,90.74515926606175,82.17499483404164,41.83266908062673,0
9.980213139592509,163.50028926039496,52.03331691870485,154.1433380638446,0
16.03633664699472,138.90940086099926,40.3215825890797,0.022437572474918177,0
15.346721685181253,353.5478563088271,-56.526619669536274,140.05297588795258,0
11.391312233313734,140.79320789335938,73.71460068521932,-16.53650772047564,1
15.88410436069699,28.793693806831726,59.01666831111129,-80.19899732812237,0
12.266599577063673,32.33727092595025,-60.54446856097373,149.90865051615395,0
13.641724448369734,212.67133968710334,66.81065975297504,-40.34337275560705,0
23.367260451492687,215.77087862577562,-40.99544345331517,1.2254791840061863,0
21.70230525895174,150.7532365737558,-75.44344575022092,-61.61017228895621,0
8.502093815362011,155.46372923233068,28.228015172557804,58.62153610466273,0
19.148662089395874,19.415729822713637,27.684838689179514,178.21124100217276,0
19.05698277245796,185.9567437401344,-72.91223827818874,-170.81512240868292,0
9.258683556236909,181.7062111369266,-32.60667439141517,143.94528216255654,0
19.093888218774303,53.83775468050003,88.70660320599694,-178.58661948386447,0
22.689659592062764,37.38217899993393,32.11680006157264,-48.87796278736401,0
9.387275968777931,44.48609661581658,41.41352998859925,-119.30154973577486,0
10.412485894928682,36.37016873685307,-51.67488859122498,92.64304104211847,0
20.08830733421751,219.49495039323352,-75.81922721929543,-161.78009732741754,0
16.35747655412824,70.7337548650507,-40.15769584663122,19.254583290358052,0
17.757381376197618,90.51485478748684,-45.19829066522545,-73.82659181568745,0
16.702946082002484,62.4859718945183,-47.78206186535044,-131.87871040870724,0
16.95347960464072,344.8207096014611,-55.304222060332876,97.85455635695068,0
8.367639358444585,307.66228673466077,13.45602431797278,-101.72993966810759,0
20.23658853310724,82.97814144654751,-30.941374348472085,-99.476923660222,0
20.847949962138866,117.92386581196536,57.66210270855548,-80.97235735034772,0
13.85304627965986,75.56142322979898,-56.88946478747088,31.23603497808986,0
14.782615250930688,177.07534540589654,-6.367127243661992,57.47973540866938,0
7.344462487221387,7.059791690731294,-87.5415894433056,-173.6630914675158,0
17.571273780089175,241.69248320284646,-3.2971819580654316,-92.92693099903549,0
17.86028720857072,188.33693393435098,-79.94912024223461,-24.85049669809818,1
14.689044915003445,323.5100141883972,85.99023213707585,-60.488297221956074,0
20.621766799352514,59.18136635822909,52.306583157074314,138.30143706391897,0
13.329613845100297,289.4793285820074,-1.7799342054380318,103.57514311911076,0
17.823029629468003,285.10596520801766,-74.41427552771695,45.320477593977905,0
9.901678306539422,45.785228118079296,16.64017934227457,-58.304730241065684,0
14.88223924562881,143.48132069188594,46.57747512633795,72.24204414461754,0
14.128228710485821,61.25495081202608,-55.67089445914585,123.70968462448599,0
16.126539610204706,91.69938016471761,12.27750134174835,34.13893584923521,0
13.152365355833208,94.76862293899597,56.55796170891624,102.40612808161649,0
14.34263702164166,200.2451018492782,48.28459997633694,89.67778610390921,0
19.13023585720753,148.10793543376758,54.538563216087525,25.825432017716,0
12.816178813808913,341.18380944226993,68.27821647654957,-67.61404194425606,0
6.967114496306603,45.493251100921846,78.78277838870464,88.48157688045785,0
23.747919521027104,350.52916854607156,-17.00619206336353,-105.55330811126167,0
21.907270393452432,83.02991047713502,12.378438454117909,100.61580472975216,0
8.538686524471906,278.2346170974671,52.31871468820995,109.6368091713119,0
18.448539026225973,122.0291734222157,35.48516651024097,115.97215664533431,0
12.485126147243285,51.50930235023301,89.19364108758819,-9.75025044775526,0
16.317436076655298,308.84010668864636,-87.53802280116406,-110.7069236026482,0
16.47112064506747,111.18992372512676,-26.07602124315768,-144.09950397621526,0
13.82796099841839,237.18794552166318,-39.41497327136356,87.61005017565272,0
11.081171672068017,203.91972663118557,-42.783146970203774,139.05409843073275,0
11.547294738418703,169.83227138071476,-49.94463915020056,54.3018091812864,1
10.419040422593788,178.49501015347408,37.64229134674123,-128.10237826018695,0
10.840888958847776,263.6056490732235,-74.74329481044207,156.56272146632665,0
14.664108549753223,31.598249084438606,43.4895901098009,176.07672523415505,0
11.421200054446242,240.54503830484586,34.816651562929216,-23.9837004234281,0
18.410260328563098,322.49235650348834,-44.85525614983865,34.13710413855763,0
22.436230776679636,20.803750927151093,-44.489919030270975,99.80226720059679,0
12.099733793149785,50.63520212412003,23.19490536201039,85.10032441801609,0
16.197022502676884,257.9874972127313,47.19079898706201,168.4033890960417,0
17.49842555151467,157.42139336806233,67.76741035572579,-138.64208721163598,0
17.360011354596374,145.27750349292782,63.385121493805634,29.060951811410057,0
15.379776339580436,49.307988435924905,83.67893894949357,69.09531108231317,0
18.71341209179861,182.43721465840372,14.64928116057201,140.4354327075612,0
17.411244763403285,45.55631203069581,73.55800104126473,134.67946597853427,0
8.811687888363512,171.58336427179455,55.53238918687394,172.07992568206438,0
19.345780321946364,274.9015076261964,71.04017237652245,4.348243417564452,0
19.43645418633371,92.97516883937887,-87.907211768634,119.07391205276157,0
11.183569479107092,173.08302054470184,83.86253853584597,-26.178585074162033,0
15.18968917723801,357.12574898286084,-4.7645706876339045,-27.96700397182839,0
18.416644964055347,247.1941524074534,53.672938123471724,-88.79458878977076,0
13.953430902103193,302.8884376698715,-67.10325851919944,114.56542332692274,0
20.36489023883006,149.34513836179647,-18.730602753484668,174.8934380928656,0
26.819362473096803,276.4299323253079,-41.137080656221634,-87.71697779498716,0
11.070069836825088,14.583302258875861,-37.501421309831336,-159.79262831241397,0
8.094776984231126,44.24802571520819,-67.81398840884128,113.59527747084265,0
16.51909297802438,73.10541345122236,55.03748985774126,43.28281891251222,0
18.607812525630717,144.70269286147905,-88.33638337540593,165.4915681983616,0
13.845668130776154,304.46815619727477,-33.749017742663554,-89.1938811322972,0
22.26630331660517,124.65577828365498,-58.6061022210453,-154.43004311953882,0
8.306971001383756,235.66362966556665,16.027009309501288,-2.7207860880594392,0
18.464593115158056,255.35314612925401,-44.234567529382105,-149.2322317325469,0
11.970695896205534,211.0256474718029,-43.38027818494206,-85.75559960302532,0
23.596889531036485,128.60710854124903,-2.0991340808426306,-134.6479701050994,0
24.96257676584059,207.73920301687593,27.484027081366627,-99.31241532237166,0
11.166717061083261,123.21561340430864,-68.16515317827054,-141.78792498429894,0
12.2522143204571,30.194545878724348,-58.407938556210695,163.40615979382272,0
19.29793943489901,357.4094321469652,-45.50854597298683,-79.71742315809523,0
13.064346751052426,45.78568330770393,85.2746785412329,-20.196869042676436,0
14.772943910338808,26.045418180980647,-18.51255001027434,143.50025074832004,0
15.12694210271205,316.27106971457613,17.818216313584767,63.83577166613077,0
5.401634219011719,108.66047792144225,-46.52229371112398,42.49349300223876,0
14.930811269528814,234.10691066646274,-1.7172854716521746,74.00274852990137,0
11.55136112967913,118.44206267840383,-76.65854861052755,118.37601255793746,0
12.53438588800114,140.92353748600962,-83.74641373398116,135.96093642663394,0
22.218160017344072,94.36066992604674,-5.627965172137166,51.35028143940953,1
8.717465528603718,123.49584208548367,-18.24132824668583,140.40261888986078,0
19.066025933739887,147.85214421115552,-65.36154245547102,12.743109873171669,0
13.605185348340957,259.34978487324344,33.76825720573207,-80.17529174336757,0
13.601199157520828,184.15302992452504,88.7226283618676,136.82761519818396,0
18.951859480258555,339.6834781765117,-18.78357218459176,14.93021786871136,0
16.70025647284445,15.076941781959183,22.420554465131005,146.20953152420435,0
17.853064986097653,181.10459614753015,83.33566962560742,-165.53958697779075,0
19.840923302664304,210.32092397941852,59.676295040437545,-36.89432944515521,0
13.343458084083386,331.2709149867386,-6.560599805516565,161.20980661048856,0
11.938816327461248,17.69706850371393,42.748107202785484,-90.12596660701101,0
9.57424736721101,206.45985057667778,-66.93569275490567,158.95304857385733,0
10.872947350105225,307.3067742700645,2.1786939834838592,163.40488600652998,0
29.745472126543625,87.09398212292517,-39.76915010761142,137.57123312130994,0
21.223397903683935,315.46524546861747,-60.990536178691,22.920496233587535,0
8.244628168959894,6.855627338745056,-13.269436874183727,52.89820166902986,0
8.38771021628215,263.6836664881427,-66.4173802019494,133.06211944195292,0
17.40933030859246,335.9207596207151,35.8173194714074,99.32294966010639,0
17.736323986889833,236.5911581904224,-7.876792070399608,46.83378580394817,0
17.74441917658682,158.05052783296128,5.606033861639488,173.61338683345295,0
13.725221032231511,16.15716593017849,-63.652331039731735,66.84358908012989,0
14.3727286999855,331.24097279614637,-64.84110100317099,171.173517281194,0
16.639397620796785,169.3066401689669,15.014778346822332,-159.34014914144734,0
15.429465031466652,10.438827960941284,87.30175460930033,-129.9742665328035,0
3.9034981362623244,248.33558567835428,-72.6748950172094,-17.47481543982339,1
13.851001847124031,173.46141128745293,-38.56834285815937,-41.44339408164655,0
10.742967828698433,44.764314279267865,66.50264097681976,101.78454288853,0
15.87605709454256,77.13785135169344,-76.99103779405735,-122.17895047108665,0
29.92629501301705,23.21664496410466,67.65942984605124,171.3942644801359,1
16.837408327371524,206.74567429508647,4.371477007455214,-66.57628490607095,0
13.43235156913801,223.93061253072332,-16.511980693243345,-25.587465213542608,0
19.60900750988626,182.06722740795996,-34.257498416737945,-81.09178832159175,0
17.413439436046062,294.15676788094135,-36.51891153698846,28.57090223755702,0
17.100472452259208,309.9631756708849,-34.95553515909382,-158.89366784786978,0
18.034252966078355,221.62478280592558,69.26455457283524,-126.11609799463844,0
25.28271782414771,4.5923326946749965,40.283141431461395,88.48717323074071,0
9.34555782337042,250.28267606918484,30.550141409607104,-112.8597899742706,0
17.368160384057273,150.47971809132656,53.77484681136014,-95.21479743960138,0
10.368094350092308,203.6006939614993,-43.7193606592539,105.47360486094158,0
17.77756323171124,233.6690167267984,21.24770617471603,-146.4115757913887,0
10.406567442569528,126.08518115774763,-7.188076987568827,-22.509423802497274,0
12.913165931974579,330.15546186184594,50.83949433603481,-171.6971806809983,0
13.524550428810468,48.230952029921234,-34.333900114808614,-55.14933624555462,0
19.879083596723547,241.74425062117348,25.772151036581235,71.6333049398716,0
19.59227221971207,1.5694487843689542,68.79823412711643,-147.56281930179782,0
8.771413117768077,332.8743979458651,-17.61291428491283,139.80046564035362,0
15.274670554999243,40.50148796571294,-78.00802427385693,147.4196554586578,0
11.452100726254137,34.15832285312687,2.8891480215227006,-142.20346495495136,0
8.707475446623327,119.88274789880792,-27.72495219473533,176.6636770952796,0
13.914914747878148,134.483862974069,31.000568498491493,-72.88936077762399,0
13.457586057720901,77.1480260362363,81.18592645474911,-149.72339839262182,0
27.13358243172761,210.6437979337649,-2.590502760567539,-178.17583878098557,0
17.16479912680348,159.4490752951069,-6.085758572003908,-32.93175752500947,0
8.111912496228813,12.30321205479147,27.825264034462847,46.73159485420236,0
12.176129979145289,115.07474241190823,-71.37044935315782,-60.41547003480722,0
20.106916477146992,291.75584888634137,-44.368885993497365,121.21825157086418,0
25.442213864349625,248.2925525502727,75.41627859007173,77.97825920341803,0
7.070083438810208,260.95350728875695,30.589670405477925,-53.94184849150824,0
5.600378074304775,251.32209267006849,-87.58007208298507,84.35147997909768,0
24.35482587685891,111.95028769789198,-53.16741493937643,158.57558530892993,0
16.94807088685452,35.87901194763931,32.91070788520183,-146.48544052451385,0
10.658536340618168,98.08818625191456,47.591856461263355,-69.80257434325793,0
17.673145430612177,299.44270806665736,61.174723081327535,-13.202661917990417,0
1.8212613049156112,352.9694872019056,-37.40817539123192,-0.7235540082833092,0
15.016877532985806,177.7849253069621,77.58514732996127,15.190432158986509,0
16.639105864215427,3.4921277722951993,9.530440844020632,-71.77431364608653,0
19.62135069768915,50.41613236832245,35.37702402982072,60.21347255364568,0
9.930520238537312,115.94900711385567,17.412995300383432,52.230421270738695,0
15.428435807016795,208.2907254934619,-67.90679015856831,28.015742257781,0
10.372876869702063,27.03371248991303,83.36063868927837,-139.0457801840844,0
16.276918778371584,339.6086275355574,-67.88239561905252,-8.291559205459977,1
10.52326838818488,131.43012238238427,-44.12124784598695,-51.75832050382479,0
12.959495804198896,328.5303184529363,56.45301844013643,-3.2261508582758625,0
10.020923026048855,280.98784899252786,21.34745307019826,151.87191678540935,0
18.255681209118286,271.9574181056092,60.866849767744256,-7.008716462973017,0
19.29225558328333,218.41904872160353,2.8325139073280803,-174.96691493777573,0
13.82689715021293,225.64217413866405,-22.141217634005724,-22.018774289712866,0
15.191189974800142,229.68116467784932,75.9321899186013,115.43334481777757,0
7.75704292683228,226.33969932920957,-83.47458284733693,100.82193235854056,0
13.501616759966065,199.34216330341005,64.10343966354826,4.8204264701451605,0
14.748976914791276,355.10904665384,-48.45279866619931,-90.0831553706465,0
28.103965455149876,263.6246042732506,62.7725389957142,-12.568081350763766,1
9.440164871129182,279.70069982130764,-64.94460958496059,22.932798990548996,0
22.32088619376219,314.0866134301227,14.439413464297289,179.95371777868817,0
19.98429386732904,77.6303145813057,69.85942542206496,51.90411246097584,0
16.403182022450682,30.169497274221882,-4.76286355819971,69.93537482254085,0
23.793102420975668,173.84199717549552,44.38200128461072,-3.0765083155012984,0
16.860527363034315,185.06905042293835,54.840891214000514,-52.38376171828925,0
16.945795978339643,298.5054407819704,42.56895756902025,112.66307411299417,0
14.734396734912274,159.76208854164085,76.5593526374277,-1.8243632378749775,0
21.117844412093138,205.50708919595257,-9.569838506412843,178.08844678722903,0
20.48234616905442,189.745537864845,-58.83742095027196,-15.436593263504129,0
11.871613562518938,13.75300215266078,-81.39400853355365,-155.51989788687214,0
8.403764027006163,221.47736277488903,-45.63722346524908,65.72812935242979,0
13.985096813021714,298.0955828787308,-64.22444930155642,-163.20907766670803,0
10.999807178011768,56.70019730728938,10.430773458206486,-89.81942512150681,0
14.682377126923225,213.95942421357447,-56.70983930188824,-52.654228999234796,0
21.187190673420695,213.69979600070917,-82.99193268791319,86.21409082367795,0
12.71349172456605,59.106587060289144,-83.52183080363979,-2.075066493259383,0
14.785883093442125,44.44688654306497,59.68250970567509,-169.68746472830762,0
15.290113674041976,352.8186994715345,16.460987659744468,42.06594645933198,0
19.242154411026423,141.7389010750935,-25.54464565919193,-31.88295452640155,0
3.765553330076974,81.87182234047054,70.96104769324444,151.86042358815857,0
11.966498526173519,61.676836003574984,-77.36460994661155,-0.15756798951525042,0
16.056418461397364,240.33661688996463,86.45797309100867,75.23105253816203,0
21.000394782134308,219.40030703782037,20.932522245802982,-101.20734276136314,0
12.540487762468974,231.6787642754703,-56.976434285607276,93.95048323139515,0
5.61723646979063,31.682169904122812,32.23243781585434,79.54391177412204,0
18.098557229830682,321.6724500594373,47.408626761041276,145.46941507487097,0
11.823188055871853,140.13590285125738,-12.718298993260595,-167.82420898108828,0
9.051666704548193,112.81298631492885,65.09386912419853,-18.899748857717587,0
11.87827305143388,166.45012100918612,-62.86816668663535,64.49594498626685,0
14.077373211720753,140.42378366914616,-39.809234956030494,-145.7409959711226,1
11.976276677308936,310.88772113009253,-73.17137491488184,-32.182535826391536,0
3.972169714504654,334.5339510712412,-52.04198869067661,159.17277710383033,0
19.48533098443566,109.24315792185824,-47.028813855993896,-23.063583279193836,0
21.374375206393612,311.01689068558375,75.17397436590782,174.74572205302732,0
18.25760995669753,281.3483266319042,-75.94025602479188,-159.53793801126494,0
9.311571647875917,335.09076204411423,-13.0652783662123,78.41871941072085,0
13.99254233026241,88.47011238691962,5.831763700844334,29.165845049377012,0
14.967393423852709,207.70529404355247,71.76474968438895,0.19428376756515764,0
17.993971947809552,98.83605050656007,89.58531935901843,169.50506453460338,0
18.341702443590403,296.6740165743747,45.609860685570446,-133.32585582319368,0
11.329131006107522,1.9167086055831328,84.74237830242531,142.55962260512882,0
15.409977782067802,203.3348986391026,51.67820385645728,68.8465480091797,0
17.286402023076207,122.11323525789048,83.37647537485499,-86.76141361213223,0
22.279111610733832,116.16613454801528,37.30873067000193,144.6008924276256,0
18.522532699123616,232.16627659137012,-75.6425834188072,-25.453829570035225,0
18.945283436877595,306.5344017530378,-17.65436634131823,113.1218381063055,0
15.419133139646805,219.31034090159744,26.38751108444467,-40.01885386293601,0
22.05229572601752,307.14227231282007,-26.870668298234822,126.33509787596677,0
17.048813979797487,95.2549602771708,-40.79089473951985,49.18648264021752,0
10.694560449132148,187.02066771539322,13.931868083956376,-129.22321190985824,0
22.016849850625952,162.19315406414736,78.03033780643828,53.87873884902993,0
18.489516362695138,4.192163821114638,-83.70326276709235,-111.11588542732586,0
12.78477989435759,200.45237153066645,48.46161663745879,-31.70785395810144,0
12.602535163003783,238.14875669262295,40.09091004803288,-118.69358966926785,0
16.48287772570381,213.0891855908652,83.51161656989167,-172.0741983598373,0
17.31592397633792,265.06076356203175,77.52802001985783,-103.7208457980153,0
15.986461328156034,205.68223024310777,47.20186116795472,13.093928540685265,0
16.556543367214427,24.03009174627249,3.6735776428677602,-6.63805160015543,0
23.499786872881902,41.920388670496116,-53.231840417966424,0.538954392982931,1
20.35771576117443,214.73084791582286,8.142429298603389,-90.83272375922353,0
15.953177956325122,98.99250911051047,47.763358905537686,66.65803222110702,0
19.706552903837416,28.6722464525157,71.22045827482076,73.53478325532448,0
9.837380482362303,154.65698764147683,52.14816165789883,-51.1315827985204,0
16.989635249734043,199.55613531011593,-54.85195166561029,137.22123185070276,0
24.04653174866555,118.34855580585835,17.943536561050692,51.848357988797225,0
13.90977052303813,259.35613280128007,-30.208777284355737,76.69413909310744,1
10.761830356904575,231.75741891644807,-88.34297986968426,-80.1576295419818,0
11.739555557034697,119.81460999300191,-53.96023155804011,-179.77981134398865,0
9.551834813288059,271.75411040708184,-69.62028301197913,131.53522035675945,0
11.076190459361483,233.53021531189276,61.68944223710434,116.07277844873106,0
13.147459507049856,229.48033633844474,-43.468874613393844,-135.65092030458112,0
7.97216490410679,199.23397228334449,-38.75436560024001,-45.322151415729664,0
15.078091669748016,4.100280511879006,82.78858292379917,58.08215101988972,0
19.511385868933235,250.7425860516801,-21.764389851206612,54.75990859874215,0
10.461219099265398,135.37504479929632,-88.27458477400899,129.72612053108034,0
22.596419618208845,339.339495657116,-38.907693297695424,-129.50346181124573,0
17.553960442637973,294.4745175877939,-68.52607549167377,-25.221690797357237,0
20.152902928120287,211.5700090312724,-71.49445888754629,-144.99920954648707,0
11.710827230739314,90.78551345493699,-76.05228777556509,-39.74571056209387,0
19.272626135333077,73.33826157995998,16.78670463156791,-174.56131958842641,0
9.540330498023435,122.53854156391769,-55.917409746625445,143.3783034396457,0
19.451237504182544,171.56445968880666,-24.97629707261812,9.73583885832519,1
15.859196698967656,106.58358361402095,65.16318890340301,125.92881388884732,0
17.76625609992392,185.3746183412938,-13.619134836670382,-158.43430763878905,0
9.122026971875743,59.533353184746936,74.82444300929477,-98.11508022974857,0
10.524650788616977,351.97661261717997,-0.3711503887908729,-86.62320172037498,0
17.986141091266923,38.85283978739779,-18.209409328843968,-40.79106193003631,0
10.258259978878996,335.49989027557393,45.07000687632629,109.0318940631166,0
17.316031460495616,328.8880841049702,-76.82848222175963,-40.83916545666265,0
8.164310967698771,189.1297734550193,-73.89389106316487,-106.32472932732229,0
19.24087106333334,260.96769786099037,27.35526850613292,-156.60350627804337,0
8.837383426157455,156.9773872701316,-2.3506716169353137,-151.38297059303252,0
17.761499688397617,226.81244791527774,52.27474505745784,93.61699414595186,1
18.128154668230007,122.60733747160273,74.92875072183566,-19.870923226812117,0
11.516140907852126,108.41724712276033,-20.09396201912144,81.4252039200055,0
17.910132835423635,208.16272302102493,17.353804785236328,65.62336383493111,0
16.30221131666778,179.32668270623293,0.12539300315577817,-131.2695137663072,0
12.305790719036308,208.6330928939932,86.68991801563791,-128.5603436907838,0
9.95722657961896,103.19780926332828,59.59519332418713,91.92312555628821,0
5.186871541637105,132.10481945411829,74.11278748992365,79.6565856547502,0
16.748250236498468,30.20326582640735,-44.21878423603125,-43.90892392524827,0
7.175986143189724,18.81949401799406,49.05475616926698,-152.12798520017756,0
15.476720997206542,91.24456668228585,-42.2148195004232,-175.6447121885572,0
13.682758919588755,26.728869358996473,-52.42634398288982,-76.26349819377185,0
18.39571387719098,37.35889510850665,79.96790873799915,-176.6799815085983,0
13.489772502550679,292.65422594181734,-86.525204990784,-97.17385640266677,0
13.352761068264543,13.99453092600815,83.76996665941734,-28.979733523918124,0
18.659353521441478,237.2194058165074,-63.13285854201488,-136.2903244876965,0
16.675290145420586,98.12078957354419,57.498854722788266,-142.46000718064334,0
16.58077978591389,313.7564450549255,-40.33394044774144,142.71747685874516,0
17.34633794904263,174.59722244789984,-26.87358106246907,30.76921044824013,0
7.322139383964471,110.00752535801726,-50.98361196204271,156.40404723460134,0
18.78394339993491,186.35001684819642,15.392527646594335,-55.50258103715549,0
18.06234397006801,137.50488685629676,-27.342801448582666,63.77217743849873,0
9.916584357117515,203.14838328113888,28.33074710903938,-106.31099713615546,1
13.779597631628993,41.231832597485365,-87.18348277042813,42.602514220778836,0
14.803463561861845,358.9165810125184,-78.41252096729286,-133.34913719640562,0
14.327516077991337,153.2001159708183,-72.06099250837525,-179.25096989653713,1
16.669299832842672,125.36303029465272,-14.581136644158407,155.35144850744845,1
22.156833909155917,255.67554539385534,56.663311078795694,19.761975423075352,0
20.408833638364143,131.00378633831969,69.87202386810888,153.6986386015342,0
8.438904032842968,299.9787498103528,-45.934066789037864,-59.820651467254066,0
18.110349951530242,163.5374607697531,13.38655036302252,-61.99701510176756,0
21.64466659767705,259.0410287755566,48.30569868466809,-35.764199361708584,0
16.934042603446013,38.68315791907916,-38.01070261447043,74.17475422494059,0
20.454902125929834,304.60290679984024,-16.378607387470822,23.69110830702272,0
25.061352228503825,264.85847524011956,4.315356483428507,153.12776655568246,0
20.118547730534907,76.21804024630765,-65.72252764655141,-170.84127559232184,1
16.246542978208645,52.302963508483195,-85.32318712935954,74.95053767011312,0
20.225442370423767,113.86524554122478,-62.49495432270901,-61.08203182804044,0
15.724439165484457,351.38541097148556,22.83365182563601,-115.11588534535397,1
15.119515216424777,92.4593668441411,-76.7487129239373,3.7424241072356246,0
13.242928821431336,164.205795220788,-55.854654326976906,1.8229623047985521,0
22.817066794160542,10.807281258241073,-29.18630057484533,-130.67602967216578,0
10.907856670289993,143.0019106438437,-75.98338842485406,-107.31741979215965,0
22.66183862339058,205.675205555917,-55.494131190905804,-33.060720635440234,0
17.499320618701855,343.1248605028674,74.02856201703199,-32.82789153876648,0
8.003469125990293,186.0249761784232,-86.52615619914275,-65.6790697369135,0
16.83824646495711,294.8786374239676,27.617746351385183,-126.52374545640686,0
4.49986746174188,196.9659513248042,-20.806392435266716,-178.42547552364738,0
18.12754008415518,14.682604836786517,31.076773097826806,169.28462247408743,0
19.426157414944957,113.40297906831866,15.96450966541282,159.6597226934137,0
12.038220221739731,207.19782281919717,-49.77022421616403,-5.885863496591335,0
15.61773847977791,342.21382773520475,62.49770776320994,178.21863117900207,0
24.770787168751433,309.286929510444,-1.4507311303157966,62.51555908160756,0
12.471266478690316,82.20802110438515,58.05648340442491,-155.21128646128506,0
9.705462064716997,79.23953880689886,-16.917743486120543,-137.62144833025414,0
22.408317012312995,72.42226816100427,87.24339970474303,149.79990379306957,0
24.812935952653973,332.0996026689011,48.68808453023333,46.818792773866235,0
15.018478359239237,306.95981511661944,83.87103692026322,123.54610559664641,0
20.05731517704178,278.9580356110616,2.5787662037745895,143.37707386818394,0
21.707379577654404,141.38464112072194,-4.735596187673914,-18.74087593834101,0
11.28757883730808,181.57705354755606,45.98168567854641,-162.5306574323905,0
12.573470823160658,167.15942812625502,68.45242734241744,-112.21907439696406,0
21.154372565773674,91.22331872137416,83.54624325580045,-156.03409897112337,0
23.425071393542545,181.8100966135561,-31.580656914150047,-112.05365554853736,0
17.814404300871775,10.978757226991608,53.76682329167501,-32.20814647588435,0
10.600928232489728,47.4517344590853,-52.08379242560339,-137.44914821460526,0
24.935305558497205,319.1722546208207,8.203382414180144,-119.97603079007642,1
12.345145510940178,270.6047161313124,-57.627333286344154,-19.504158454195483,0
13.324311094142741,152.23262726127135,-27.468474884939006,-57.538457860143765,0
16.711689172448107,186.17413042219582,77.64450609716266,-11.643075292305248,0
22.77080210357387,133.19959894559187,-63.703674040844504,-25.498070006737663,0
19.269879882761117,266.68075217784207,23.832161124335368,52.012089352758046,0
17.074327501809552,282.30738452354865,16.731769126932598,157.3882375953076,0
17.31644265059053,274.7826684731373,-68.26709651238244,-141.1688381600727,0
15.21757334321733,260.14022094040183,-31.323772121613814,-144.26634624868984,0
17.79069757259253,73.6215619294065,11.336670812747833,127.01019999272472,0
2.352199611528485,121.66919252657236,-56.307850382071756,2.3028136748852823,0
13.516962704651009,169.14435659412297,54.11225815430677,95.9058084846392,0
16.206609674583905,119.08547691395601,84.98817171625497,-102.44811470137869,0
9.244929581902465,271.77847205699845,-51.34330800675503,118.39052634031863,0
16.9316165890578,118.56726872998368,-56.355846337696335,152.58478470937052,1
13.977643895069392,49.76355124272138,-8.111687076459965,48.77388559673576,0
23.77737849157745,143.65456273738945,44.597749885205786,-141.8835522694312,0
22.865098626074285,352.7691958016569,-39.311890157654744,142.30613309628197,0
12.670972154409185,81.31730865608732,-86.42161643448952,105.29558185322568,0
14.245811442166524,220.37711721956248,7.41971304592091,90.31599954521634,0
14.630262171958037,155.87029794229426,82.18810219811537,-166.7778519938704,0
12.741702619201886,25.568844353757587,-19.5701660267498,107.62650909250964,0
15.975124920140633,175.63557815930142,-14.375780247041925,-130.33763623139149,0
11.208589655562049,252.7791583133925,84.40230908052683,-99.94097656912018,0
9.346923325312368,184.75919129801474,35.02937009281111,27.768540552932713,0
18.113556119501343,313.9581829487692,39.45094611158253,-84.60692174992211,0
18.147647921109055,104.01732599672975,11.286360966792174,58.08535427229109,0
10.978421201700039,31.04970166942737,85.42965795538349,38.90536117166937,0
19.476777153812996,337.1636201968822,33.9959671966001,-141.06614471522545,0
11.842111354173342,136.15068583015884,71.10589528893051,56.16524865294228,0
16.265826190189905,207.50599852330802,35.88819583197981,152.6237675369748,0
19.10172006306228,285.12112540687053,42.32084847127127,-122.00043413310007,0
14.831937176481436,116.75291899520901,-37.72603401439563,34.94232753943947,0
17.273704560705674,257.81923374394,-35.37383435751258,-56.92846610279013,0
12.417851780562142,48.75078593441809,50.937236923685255,-14.539798161502574,0
14.017667082859514,104.8657489939819,-36.59286794941807,-76.67993553157083,0
13.970702845598298,52.09582900914717,11.298612744275694,-52.51297091482971,0
11.267108267298806,292.04300102448883,-45.11658403679365,-169.59174362403937,0
14.116129184421089,80.15372468164273,57.05700854563249,173.35862565019943,0
7.256908505681267,258.2652799458757,-70.1097567790158,44.92797194618937,0
12.544231264289477,339.58742300843494,59.3003951570996,0.2540125777987079,0
13.575622533151646,189.99799526479572,18.49136409136833,-41.86247417988238,0
13.719101237523098,194.41050921384758,-56.35628373112609,14.174841176649945,0
13.792512770646105,165.97208451521234,7.566369391101273,-43.16184046231057,1
14.691179000699355,117.32045162171138,-39.150209367478716,-50.43314610227762,0
17.39720759043032,171.23581113297016,-31.77587974851061,-12.979244980075283,0
19.372585370662613,217.0107116160334,-26.72495251256154,-80.64610787837131,0
11.751173865758664,354.95696598143735,-78.60253554498223,-115.18203601195724,0
8.983995723054278,337.5952413545607,87.47310319225514,20.378123344905656,0
9.789777938784486,310.37506498552386,-84.32376693637966,123.39555701410839,0
12.563985394025364,320.086992853749,29.249437173170115,-124.98185601867877,0
13.240393410917454,168.42570598513547,-23.179023403662498,-168.21563738248128,0
11.150019669012714,236.67995778388735,26.281852370405808,-91.14777174454699,0
8.519416678750527,322.22402025703707,-25.875314444234917,172.6994316433719,0
12.719395862629058,141.4622753968871,31.27511632659457,118.35290654760216,0
15.907133100569856,346.2344922043688,41.262391704304946,34.51177927029476,0
17.975147329177823,149.6829823449059,34.29947527193607,154.52960948752892,0
12.212884734458394,216.38975954155762,-69.48684335553259,-19.69951793859193,0
12.935010889282829,255.5296967780539,28.240782237843234,173.9810169270626,0
10.366508455763446,342.2131247073378,-39.60224109826248,-73.33126375705774,1
14.842804148126119,88.06185865881578,-84.81575329751996,-93.48993017426193,0
10.757856829045927,268.6071521659112,-15.330479059988289,49.69735241292396,1
17.865639066206,187.49361101186958,-11.962241495315812,-43.86457153787026,0
6.070667540329444,96.68057062343078,-5.908655996559629,45.49159511145282,0
13.20185163773769,279.5784623267006,36.868349770328926,-70.20161341103312,0
16.50553669595871,198.80002086258477,-34.40811435435736,42.450572461676785,0
15.919172581612521,237.9505754338833,-33.24950764129394,-80.73134618938691,0
28.46516831990248,116.24438468804436,-79.1005938765731,-161.65005522519962,0
16.749000122839536,173.2586226579378,33.62781887861327,148.368924692346,0
9.979727015789951,222.24753035570416,12.208696451925112,137.9538726744464,0
14.522678764554636,145.76789313714383,-27.103479715118148,169.4873337381619,0
6.11876833266774,71.41411434517248,36.93401620512384,77.9497834397057,0
14.597001253516195,346.19057723350943,6.724394860837892,65.77962398470906,0
10.834719714996206,184.12831441534226,-5.53590974330286,21.24110522693907,0
19.57695137780081,264.2113333035722,2.0384178590027613,-134.66073011309183,0
12.252298627022325,147.97698968018094,24.542662548070176,-111.87528805826278,0
14.416170421023766,127.84743504925788,28.800468823427906,-75.79091207788697,0
11.822210792977984,146.579147448165,-37.98759255467091,140.45629052642198,0
23.694256759266658,147.31079176283393,-64.66619458959242,-117.73097114289295,0
13.393786169410442,195.9048417391033,-61.80584738570663,152.23434281564062,0
24.16278521739601,195.64915319329074,25.090359462540295,8.202863898510184,0
19.070758810591332,178.9753737178338,67.11719143808267,77.60506877030598,0
17.41033363667693,48.522882570277716,-16.290669897800676,-140.31198479499605,0
16.8436657365876,178.5871722601912,-59.486371140696775,-83.14792244067208,0
16.968986491081257,60.87740415143453,46.18844969289383,165.06669894531348,0
5.36163710327195,45.40888306647546,59.84810539550074,-84.18601910529671,0
13.605583029246217,335.7524582428204,68.50483976177398,-73.2521806591874,0
19.225789855921608,217.78200473317352,19.229657204471977,-108.86494145721139,0
14.755514082629473,237.41642092485034,64.93114068985524,-133.53348048954138,0
7.974050765982125,144.64572132001095,-87.22530747928661,-96.02724907656074,0
14.737977747112653,327.23312108935113,-70.69755568148577,51.237681102287425,1
23.520527581277456,229.65497624867956,-73.33630793062223,-16.067615938717132,1
21.234458577673596,276.9011530284915,38.26884316585194,19.352101081643497,0
14.689979953169841,132.68248884997698,-77.47527896215577,-135.94866164423127,0
19.757246385290433,345.60427709488516,-0.6544129560647316,108.76192097864403,0
13.167464898159741,295.3660644569934,-4.912758245467959,102.27409220874527,0
6.480642065866405,307.4214466852357,-34.07336575951663,-172.22763198863686,0
10.377670059352228,61.98993627327154,66.67293058957797,-41.934565976290216,0
22.81444384254099,97.54675483363903,-59.32202366160072,-155.2425832903868,1
13.630034590853478,102.82557588608775,-26.55669880813683,105.15808058938491,0
13.78308010312491,97.52732036887362,49.35087000412724,85.41708592525359,0
13.500809018625597,307.9469383575437,-84.52398340920884,144.71571394553618,0
24.520682947865033,11.47852627509316,31.131072044346357,-94.89457477687874,0
23.129794576810315,27.39599603307875,56.951590745082704,-15.733482073992398,0
26.09390116724067,98.60935342676534,77.8082109908701,-113.58436422081681,0
14.204773947999744,71.95427087379971,67.73339528846729,-46.355423589316985,0
16.478122443735476,83.46946099782541,-32.51085896993667,8.007570564078241,0
7.416787252896045,287.259548131188,15.54554543813146,-160.80091565810798,0
22.384672130591373,202.72557380113687,-76.08717123291615,77.35334784385867,0
9.161102243660325,2.0774380654684776,-43.58339936135845,15.585609733587082,0
16.083877818813146,154.5561956535103,-73.03997182544867,118.4252461958424,0
9.513487361835779,146.8385736661292,-33.2662877722865,-82.159019571169,0
12.05566586630652,41.02029700003567,67.53369842257122,145.19559789693162,0
10.813687844751499,243.41104389652457,-27.509968858627328,179.5299310909596,0
11.96062369662091,252.7549878166168,11.141658540256751,150.9474378159628,0
12.304386484255106,259.52155885875516,-11.991447339310653,100.04129129993548,1
12.258656025374615,262.24954040109316,-7.395025626227644,112.45276903456107,0
19.166669558901535,0.019017695626848408,84.52296933058048,26.547927316051123,0
9.4756860346874,343.41148938481996,-36.69219571250557,-111.54460935146022,0
16.102707135069334,293.1151561396787,22.91840451417084,63.73464665317823,0
21.089795761527792,325.4334107721427,-14.388719475699531,76.59108074157535,0
12.43401817743302,5.631586310676289,-78.99368741141649,174.73865049644604,0
11.410405546261991,336.1891664828662,-1.9204503076375268,14.868473852275859,0
13.847376874098746,291.5238703277177,56.40179922811949,-82.30715459097969,0
20.89862604180355,301.3988914651315,-72.22446563729609,66.12210782622243,1
15.970538154766789,33.583458499908666,-77.47346746866438,172.57529507992365,0
12.343928526962008,265.96009041069516,-62.346326329212,-116.20299302312615,0
17.419383255940197,345.57000827115274,47.59202005007509,-62.64074932718304,0
9.488539250817883,244.27704291053783,40.319169146052836,15.077143358165191,0
18.40679755221474,205.40210566485834,11.703198403099899,-118.72273144247826,1
17.043036538508836,340.4266839896389,-5.719247263326171,-172.0005697728222,0
13.46095764430558,159.45736382439696,69.89864664647197,-58.68607592114978,0
10.807071007763845,215.74568387177234,48.00560829002685,131.5334885403809,1
10.566595388582712,171.4817856579718,56.14960523432494,-164.35137624346265,0
17.674086681729552,335.8246396897077,56.38721424311777,-25.58553875390971,0
21.14490251244531,27.390501635582613,25.689087854200444,94.39227825338969,0
11.813461264856025,180.40309229712534,-7.557367623129744,163.14573488791868,0
17.29193351775742,247.3028788987578,65.64199546541707,174.77114364159561,0
4.564864906989657,285.0863538320053,76.68133516858512,-28.091022980852998,0
12.076911346714002,209.8867130798891,-85.71491221349825,162.1383459764823,0
14.84470533564549,327.21038788372346,-80.72012281207476,-167.24916961888906,0
10.451582915090832,339.1169208781938,82.57379344351871,88.53009767948026,0
10.317468126052022,23.154920349690066,-40.11108950804494,51.38857246810065,0
11.66110221765557,144.85339423489478,67.20649913689537,-90.17213126898517,0
16.460963641631867,8.445247819615599,-20.016878586947527,2.6346602446736034,0
14.063354907968126,118.58999665479945,-68.56198963031599,-133.36065440622158,0
3.8088438333751395,193.27255846941677,-75.52022396231983,133.77497434256196,0
4.396499236824669,327.8861749835816,-61.82857816551783,-51.15668920356674,0
11.965674110714124,304.75955608754504,-45.01922492387435,45.37600936765796,0
17.28843293026776,45.89990160191486,-2.066696292451282,-122.8405369365856,0
1.2624757863738267,33.49093490672245,36.26962210184104,-105.78065593276544,0
12.501349119241848,212.13624195240013,87.55174376735398,177.10429348913473,0
12.368760717412894,191.56247008516175,-10.52878620794921,91.11110199887855,0
21.94168889104224,95.89595091480858,3.273289621759774,166.30987311866548,0
13.074890941435681,323.8031104393807,3.9268262489860106,-73.49358052366411,0
16.914944923704642,333.8519074061592,7.09818398782849,-120.75736441686466,0
15.706285700437316,144.94011780245856,3.1933182788032077,1.1046468523791386,0
4.3471676009639975,320.5089205608673,-88.4205440888548,-1.9194183981563828,0
18.841036083158688,138.22160193467013,-89.68953202022867,-117.01925504712437,0
16.07698252728144,265.25405945869204,-72.42006273729787,83.95904504930768,0
17.54134319837295,171.3391983171807,-71.7198113827478,-49.76008760205574,0
34.63118853218163,44.12993634258588,36.88144361186329,-112.90851686501378,0
4.579435302507058,334.05631244532776,-53.11511414712004,-60.48597796441618,0
23.62348324880554,163.47477361591316,71.04853885601031,22.91713186860545,0
13.562762402998223,264.4153345160653,77.14913932386351,81.52953558495956,0
16.436644522015047,132.18257319526518,85.66080082126177,-6.519281019305567,1
14.77243877349379,6.797116287444478,79.03463487966363,9.214196338214457,0
12.878818333009782,36.190929129060926,-41.06010205466556,-129.97946306061058,0
12.150835358806207,178.63901261637278,1.759832046632246,149.28873289496354,1
16.647543677865045,248.38716856549047,-58.41810536455062,154.340711277136,0
7.414131516641604,120.50471756854047,55.117737931037965,66.03357255048132,0
18.75289583760883,250.37584530395412,69.9177069259373,-173.6526927837511,0
12.91902797557373,251.50881219550416,63.23199107355268,13.346717725197376,0
9.349653304798212,253.4169266380191,-11.993949234569719,46.51882995190088,0
12.749935710020932,177.30786744738302,46.561299243620574,178.07552026491962,0
21.285746084312866,329.3590140437414,-72.4357494762715,178.58410387012685,0
12.323324564918883,176.1107464730216,-82.75594128853487,128.74004471720065,0
16.7922680910481,162.09546965878974,45.58255457557696,-157.02084287059913,0
11.345218621422633,71.77709484382572,-13.436050620836934,163.17950068034278,0
18.7896092496181,110.75583144828114,89.19886765312245,40.558048974719675,0
18.42753869395102,15.240417306589205,-72.49424114600417,108.3192373725046,0
24.243044166482058,228.0727057018213,64.01298267634206,-33.410574113092714,1
14.122180272503922,89.47286781375344,-3.6030482047814893,-64.91899035554768,0
18.343274023789533,109.49589161476743,58.887035190697866,-13.232107625829123,0
15.490337697694724,277.49322779915565,57.08291079062607,-127.12517533122231,0
21.47935890931507,117.7996259381234,74.87856024517393,-51.456190048809816,0
11.405838061956349,87.19052112473119,-36.3869979685015,128.7422999165803,0
18.725026564386404,60.86078968813407,80.96388362316056,-166.33782494608266,0
14.026513519416591,278.94902478550415,-62.69994713562835,-125.68390314314239,1
14.67905911445751,46.69425287640968,-75.2456200331717,-134.9581825261852,0
15.458762422241865,163.35135369012727,-12.309206872977152,-34.892804627917904,0
16.261201982133386,182.49484178779,59.09813435553167,178.9152843207102,0
14.418854784390211,247.46036856685726,-4.784196485979793,-117.59114512390224,0
16.07356591585263,227.98205363987836,59.27160195549254,-127.62624614426635,0
22.890590287810923,291.85944226026294,41.34362504297494,149.4200627194156,0
19.92724842807609,16.110516213445734,-52.30289049499196,137.53818610774766,0
19.34577296248448,106.71866092058299,80.79869248190349,-168.3934668012404,1
12.722302369880646,100.84828275913671,-79.05938964670739,90.6141456645534,0
10.553795858858377,52.56608601315896,71.69034735788308,55.967652531514645,0
19.776502791188765,104.10417138831953,-35.20017918173268,96.38669154697523,0
19.380233962648973,111.51551309144523,0.026654969591872746,-1.979116273468029,0
22.36335337875491,187.87840629389217,-13.976662913867791,176.8965186413864,0
11.980096870153853,238.93361241345218,-59.069779754955086,-164.21507326405325,0
13.852256723198265,137.19618490025306,-25.533564047695236,-95.62622889462993,0
6.802579187372829,259.00928327281724,-55.271801467296854,-37.24344468949857,0
13.037644469695636,121.0195218886488,-53.300434417105706,-18.07994103634686,0
19.982852552897235,104.50212383331373,-56.329769515251535,151.69226497182672,0
12.66752310385901,194.82770010852877,-1.9768715376130341,21.601571067813182,0
18.20239897600412,8.537889710084618,53.627646152036796,-163.7600416126582,0
14.047484470010943,28.724084508240132,12.41460607702338,-33.16933316676173,0
16.620285141107804,150.46903569114974,70.77718593915154,-30.06345154713483,0
9.261543050921663,339.44857610103236,24.578007943810356,167.5767378376025,0
15.426047248169505,259.74424074363253,34.081220813868796,35.71095276759895,0
0.044320145496383745,31.72556502020079,30.169301350860568,48.834385617217976,0
14.065519209190075,304.67448460111456,-9.09734522692659,76.77109125045749,0
6.8476337814243,263.6282774189452,34.080987996014905,97.21415364556437,0
21.02997258273408,219.94074925295513,-77.45260563558699,48.618385272896106,0
18.887036763822557,295.30546581930383,64.77326494481936,-94.61003359178322,0
17.333354909830405,145.47954518746457,50.00618581990513,134.6565291628191,0
22.6050311357969,79.74037830738699,-45.858607518297816,83.56312814782686,0
10.255417395875813,184.32842007915335,48.24584176573483,87.07337463490411,0
23.736815989577792,197.58303201365058,-87.72433174799667,178.7604261245097,0
19.660957821301924,193.79749392356834,-50.895616953441525,108.90955255079373,0
13.81722356390527,203.4265649328379,-78.27529703923874,118.49450513585516,0
20.67810073591472,341.5337705661051,50.44084499122104,162.505985655657,0
9.468532437941828,324.8084243146433,46.0573472121097,-125.59176005439821,0
10.877429192361632,315.2581331612182,56.45448428432952,-0.8181444678955696,0
11.957051383801499,288.5100519271058,-89.19329520140481,29.004128492683535,0
12.355111459679923,339.63411861550276,0.22189080211344248,-61.46073747991525,0
9.717211786198735,35.45807100458517,36.87051555312057,122.185203802022,0
21.115415335476627,95.44437412046622,-62.027796826977216,94.47106379246043,1
13.705727998150842,178.22014043565056,26.962330952272442,79.51790682292466,0
16.762524841784398,304.7524175244259,-74.86018212425657,178.97379831294006,0
12.148243167931597,181.8596561481837,-57.36134590122363,-86.62270557297941,0
5.896983497257414,269.29250616297196,-4.3565733009718155,84.76461060315167,0
16.35028679195711,50.02556588960984,27.64172748259837,18.50561096612422,0
5.438725122901116,90.86897267156166,-63.743557148298706,-67.32389430220461,0
14.656829769572656,263.4393942135621,-56.65980045043118,-122.1887265396747,0
8.158424805835947,59.304243199580654,-53.19965392818066,142.518181344317,0
24.93637999615404,126.48813647577363,-47.033855154183875,34.363973774824316,0
19.556813610873608,95.35185281288571,-49.22030726526758,116.97618155068608,0
15.528768956357402,125.95020992009225,-18.873160470425386,16.324194240556146,0
21.318533388273345,254.9966576680693,27.682137150610124,-100.80825096455297,0
10.76842011267132,132.42498521140837,-11.15427903579546,-58.48242728388291,0
17.717396893350465,199.89479613885848,49.675303574979864,-42.64601670952325,0
15.999052168593568,35.97547573958747,39.468331070750665,170.25653250133283,0
16.32010040666835,289.806369564466,-67.22515547116637,-177.9720197827023,0
21.36176750053384,133.15990523332493,-81.2085078022661,174.8397682888225,0
18.66246051389901,233.47229725200327,68.02948151992909,172.96618863953904,0
16.443618314125118,261.1402565982597,-75.63040801868279,178.61428459084917,0
6.725562818858519,75.47793196021215,-63.298947470451644,-8.428255588931517,0
10.199768523602682,318.482994583206,-86.01601039953874,166.97122906355986,0
14.386455332021379,221.84073057850304,23.10054575375768,-37.58429453406216,0
15.466861871383257,154.34105103053332,14.826701368502741,-170.5340013593808,0
9.34898137663038,65.64066608815904,87.64265995834602,-99.23501290616477,0
27.058383377892106,339.2283376444344,69.64783133709096,160.30664817745847,0
22.581970276267864,271.82455348738506,-16.048228053436254,-175.04471039925602,0
18.010591601962417,74.88884258396959,-23.114548635743702,16.557888752271012,0
15.360184306418725,121.57587890072082,-36.56663382960269,-152.78342799791554,0
13.93895515049424,291.48273291170636,-62.566754393181355,-76.89723176607174,0
10.240407699888822,250.44395875752204,-65.14494181163838,-148.2865737437208,0
15.387402592594313,275.68234537766074,-66.18893255827102,129.4303036007003,0
16.288762700713754,158.83239679665567,-69.45934370637985,32.78545547317409,0
8.791197122591878,257.9314545511801,-46.707832367003356,144.75832765859263,0
16.670882086224488,139.13774023100893,-34.79964654363904,67.8071518344822,0
14.223704755876255,76.05465009775071,83.08421478700485,169.5704872482359,0
5.4609622106130455,227.76373254288958,14.125185180339432,3.5559557137463704,0
10.69807494610249,351.3650132155659,87.76723941239057,49.935809434634834,0
12.931972332891778,111.81634970231866,-22.955949391378816,27.47117516006037,0
24.43843828670095,165.94905319651426,-7.627206133900614,-5.666245399219414,0
17.78276562266879,242.64049358514728,-31.57584135024975,124.54537155228455,0
8.322592154500546,194.94226156409562,-57.080222838620514,52.02904884132967,0
17.430181447088184,303.63400645525775,-64.23035260003574,108.47241534797021,0
7.263480055308173,274.22737432902574,80.11425560540974,103.09101717686876,0
20.413455269435367,20.986993390448532,87.62592272377603,-111.2237421640937,0
12.644376740910607,359.43164421255864,-81.91629062842833,54.05887170635173,0
14.531819056304146,270.8648833390082,-62.937742548282024,-108.12671309471972,0
21.62898323771095,311.00519386588076,-13.76566338581593,29.995372167757512,0
8.56418215707875,234.4311763543247,-56.45997425800668,63.876486400668185,0
8.014409074435044,308.26264609683443,-24.50152914716101,179.00462577153127,0
12.082003368269977,40.457870974335385,-66.762657025266,-169.00488786609418,0
20.19189425509658,125.18562080135361,-7.827883790077759,-147.15273811906047,0
7.403269622615786,315.51153969761737,-41.09496908953333,-152.27038930635666,0
0.8392220094471514,72.59587605608121,-26.657089963441052,-36.58993694397358,0
12.744205707955006,28.167155488808184,-73.02372273670544,115.77181013489293,0
17.7587039995546,283.72281838027885,-12.936950872174492,123.86027980336884,1
21.001308748694147,300.77501603158663,86.98636997308257,85.3126544596146,0
12.684193189573005,58.55479854836422,-30.810051561385745,142.87616705878116,0
12.942866964419988,307.56455380177755,67.75726947163831,-63.77042009899709,0
20.769503671278738,247.23640641498105,61.77584549226333,-148.2643280691723,0
5.651291501522897,187.22976595797022,81.3705152934979,-159.06490992365397,0
13.057396124084955,298.8900694012986,52.219712208077006,126.76777906297907,0
15.952119449625288,150.9297297548277,28.727428870586692,82.95706596732886,0
17.24609360642517,69.837824240423,64.18519996094237,71.50151016400352,0
12.450966534045588,102.54696357982091,-76.38395748167707,-57.716518123559226,0
15.172205058529206,181.85904658559332,-6.6904817042146,-43.23413209743857,0
2.5583632329350525,191.27908536234327,88.0661229507106,164.92087040375492,0
11.70875793833076,290.0090975188441,48.5280272330518,-157.0302921247434,0
17.267543562772335,284.8869805148404,83.17356804670015,98.54342529760534,0
10.088529828726603,209.29196059364696,50.334184104026235,-68.53200346497847,0
15.294921107947987,281.0827740115715,67.47875413958596,-165.9403373714798,0
17.23436250401349,69.03844498572155,37.17533381457438,87.32523986728418,0
13.287253995711175,18.023229753585962,46.89036079510316,-60.871721155785146,0
15.852318854982855,314.50817614849205,4.172041771110124,79.97310674740677,0
10.18633717357694,27.199617754597046,76.36278614654393,74.75557792252324,0
13.966943601519766,88.80783470783902,58.5070039122051,12.523275155921434,0
18.051080847946114,250.31482186477845,61.8992938198138,99.85432651579757,0
15.78486480484217,147.4012575458313,31.14163817334942,29.173796701647646,0
12.067343652180323,315.4730291695832,-35.17560952429518,-76.81073297462615,0
16.121082021453965,107.27272607841704,-83.58663682977492,84.28150838319085,0
18.57304895318309,4.273684800969346,78.41792329371802,32.090333715980485,0
4.75029360711261,108.23603060186788,15.501662784989442,-175.41817859162862,0
20.795370324779487,208.1070177065394,-36.33426519333475,144.59190399731136,0
13.31872630659464,135.3378151451856,-63.15568058744319,16.431702596752828,0
17.12744966620115,192.55419207315188,59.31416979013584,132.70581557263142,0
20.98623461822614,315.5753227806067,60.573635000564195,137.78526203360806,0
8.14163151384767,328.4946195229327,56.61143426349567,-19.812003575368138,0
11.452794987862267,95.75066327548036,26.114884554021526,2.7575987224431397,0
13.557256520621475,166.37057037716426,-24.117230233462337,-30.32842043678331,1
11.081232394377858,197.69184548692243,-35.26734873955374,-18.202760889103622,0
23.674682879184044,341.68048447976895,-88.46014137872936,142.25297722982202,0
10.716139530866036,359.50223489917846,60.049360563883255,103.73184502844796,0
12.222266102565667,84.74660958294959,-74.26211445114436,-134.45075652639193,0
16.021945158014884,261.7127536844936,23.535899647338173,39.71080135443452,0
8.989252369619557,136.09118240395026,0.7334904312159041,178.5263905390832,0
13.02159644121868,2.9189508790367613,4.804084606743208,34.39825244369488,0
16.587266306250875,3.330908076924848,76.8083121553992,102.913785213518,0
13.335697978087445,165.80376272241207,-84.30929797117642,96.86213041722154,0
14.533065705500258,175.80056868156046,49.21060043317902,-53.88569068596172,0
12.353339437758144,8.125090766439357,-80.63056829388472,-46.1342510265748,0
7.427648454096165,247.29387003874888,-83.1323509316321,80.66751184454516,0
16.607966056696192,105.84121989418313,-12.632814334551252,-0.005928622259361305,0
23.77466535823621,201.56151655294178,-78.64646861826598,25.405455286939677,0
15.09200815391719,108.33086633955075,52.045911232724166,76.64608453134153,0
16.126320586237746,60.16835335295059,5.321356856700696,99.92700973405809,0
18.4636137755843,146.5825458955951,-84.7730191212406,-82.25403201609431,0
8.653347517266504,83.61841132458028,-82.7098764332545,-127.15424660269335,1
23.512573290648028,192.5283516909005,20.280335353106288,-74.95392717945892,1
16.01164398211401,71.57827090313279,55.10012717851288,2.7137970331471895,0
23.159284495445544,183.02615159206573,-11.19608437054076,-56.82912577306592,0
11.334835022380053,56.65626535279232,9.824520876412393,24.610593185133766,0
24.090309612789124,241.55089541488258,53.96930172898229,-160.75233931477376,0
18.875777470173915,271.41756639891264,19.89111132752745,3.5101481809561985,0
17.765200429261792,39.74192432997616,-49.54315722141249,-47.52543350242515,0
16.170122271765738,168.40886833344211,20.349364656506147,12.480031761437665,0
13.757356909627752,25.51381223575449,23.09030263173844,-27.887992241408355,0
21.00265829236936,215.34568039512087,42.1392565586028,-77.67869377048471,0
15.701799349240234,95.18554725467233,21.757353760224223,145.47884596474887,0
5.164651482064237,189.94480446193484,84.46358348244684,-113.4846041683115,0
9.414067691464986,186.28596337834483,-54.48810443092767,65.29160720900148,0
14.070771239036265,332.7675646297682,81.19632232207373,152.87209652966908,0
16.549994915827774,197.66996012474024,6.901108263002929,13.921185486755906,0
14.71705755550052,209.87945269859364,30.952105289084166,135.50705588861354,0
21.094853948968318,144.5951252751769,-72.09691245860583,-135.05346776401763,0
5.2444906798068756,341.66865714581405,-21.496330551940737,-2.236042707693082,0
15.7179396825258,279.7869273982595,48.488246363371076,-15.470899026861824,0
5.910103873064227,102.74590450902296,37.24398271781826,-177.07722946668184,0
18.798561477420844,303.91545087944354,-82.77491013022616,-20.427357110639587,0
14.527706427789987,155.6626896666324,8.386967429504029,-47.14928770226478,0
17.09804986012059,298.3201716720938,-74.1099252656863,61.12754199886153,0
10.680585197051169,296.2397045856607,89.25415725206922,157.79872028754667,0
21.397324658288756,67.99326723462758,71.51338593599303,-149.11520822566686,0
20.208623320294258,252.4108072980877,-86.20548112286335,-62.10850078273569,0
17.917721515059437,104.6314689503512,64.55692420247355,-20.136694538069317,0
14.352413765682796,107.09736119736056,75.49732810051337,-16.13326390762201,0
17.899286426475662,106.68530767700906,-26.361319938578085,98.93149950321134,0
11.465537160063256,261.20456912158136,39.510297908597856,-20.37756029996131,0
19.27777829510356,82.73737504531299,-10.421325682599793,-170.2219314766848,0
23.247404471619603,0.3261006885924811,27.941847223741934,75.63747405341927,0
20.35305279989593,257.4852672537479,-28.742867226325536,138.5386902524418,0
11.351987650962952,61.6265077806451,-31.939337406011695,5.0056965178822255,0
16.807086586365514,37.61366231082047,-13.601900005635772,29.199067811461926,0
8.534292281206762,85.50580341386164,-63.79780344254979,-121.34288197114341,0
17.861951555878377,136.76418803617344,59.60501359836887,-100.56745991557547,0
17.253017064312694,171.32627789035226,-27.234378834905403,-95.33871391513976,0
5.650918302339179,16.045214656547095,-17.97308029694787,-24.9328890427337,0
9.191080780438181,349.40639974584974,70.92983028638602,154.13227952243116,0
13.584305516281164,257.7826992310409,-0.6077134686291563,7.842516017358978,0
13.49570126429587,116.34986351676102,7.965703683155327,-110.84484772751306,0
8.952615322905974,114.73101262274304,82.16966245987773,-84.20841508717814,0
16.94489364676092,161.47531777264538,69.61074896609806,-41.754589298213666,0
16.25736804470256,225.44813619469187,-59.49599240008089,44.373231249407795,0
14.028654340107403,52.69430397202839,-4.821294614741092,-21.588064918558068,0
11.221042499208185,68.01473295538284,84.83332093713818,-38.719856096307026,0
20.243535632082818,309.3964498200783,-22.97406631885152,23.30229614363811,0
23.277035565441476,92.25177260006612,-23.11684046708399,-92.93940181639243,0
12.582192580767314,136.8701992710639,-54.894558277952214,-151.5948218695504,0
11.939165414225897,313.65786634204215,-69.42183945855746,-171.21084666400003,0
17.456038327059982,238.73321858393612,43.25486233607672,-89.54670115183426,0
13.209853101265068,123.0162765630078,48.60548436627297,-147.02686770799127,0
14.303013996683829,246.13183646086347,84.42233343054,-58.917370132523956,0
18.698265758623357,7.085957537308936,49.21527796296534,98.256074529512,0
5.453219562463536,264.83135760409147,-46.196551073952236,77.8659589752618,0
21.591511624263347,175.3257745858462,-82.77901590806722,39.93394420369037,0
15.363402621646706,292.74557302240606,87.37872918653883,126.90008779661235,0
12.942534277189099,343.6695547223286,-28.718874802150967,-78.45565516406039,0
14.553829228892756,333.28387781804463,-33.84512236216426,138.61935109078766,0
14.812146775102594,327.33541564392266,73.07193775488885,-36.2738989190955,0
6.343993482775373,184.38118413619938,15.317981738097501,-35.67840542401444,0
22.47469113726618,129.6511610900177,-51.32318870715578,-34.07341909481225,0
15.206628161353093,167.4127169030422,70.03732368892312,-144.68602815324667,0
17.215010652236877,248.36256119280986,88.80495390985381,171.17657939918007,0
19.757748852870215,318.23919967362724,-74.39785899285047,-130.1375599829427,0
9.894187712198496,74.51506908004303,65.20529309444771,-57.28113919109357,0
17.367359495176142,330.54953704621306,-19.70717441680908,-65.05188468236743,0
13.661794545506032,293.4648835091601,4.333040371206787,-153.11540418598454,0
19.233853876082467,352.38816546416444,74.66687563769653,-125.1863531597244,0
4.363862898242523,316.89063838140737,85.2082552395211,-163.8509989732611,0
14.504528498793656,100.7774386890864,-42.81049612641611,-74.73438231821515,0
11.985896721080191,38.14412808385717,-51.686861227215516,131.99649265040634,0
17.161314753170778,40.4067859169719,-75.50701945352786,-57.800805934541586,0
17.350220936841012,104.8403946881794,11.12361347918484,-135.4709404557435,0
11.46187052588987,221.10614063443413,-87.55120881887972,52.449792618210466,0
11.439130679119781,289.5553173949821,-15.858306430211417,178.7763283397678,0
14.446673157213352,323.7301105133633,-76.79087700263847,-96.36343576850608,0
10.51678886342396,224.5512183729238,-17.059359072719886,-79.354438066595,0
19.209918477260636,2.0272725892993426,-82.81220593219034,169.86493954108388,0
13.15396399776277,67.07403954667207,60.3391069095784,-115.64053648182463,0
0.4650589033917929,35.901433387212464,-52.246981091058146,4.037064285298992,0
13.125889716890969,130.7968112048436,-30.904432135575842,-93.72523211420584,1
9.807280895780139,180.48635770814852,66.60863938915054,155.6466832444478,0
6.843620922695273,15.622984288281906,44.32789103979692,173.34756524746587,0
8.812866808887138,125.45207128643591,-50.573094904429475,113.29122460320554,0
15.54704235916485,64.50468286511612,-77.05810464165071,-66.6778263073882,0
21.643204141241156,232.9452598531946,38.821279833961114,-34.7445088990182,0
16.5659223693249,167.1380529567624,-19.673540876140322,-92.76995388008831,0
11.967483058921301,178.31435289620717,47.89439984127982,140.67286812323692,0
17.279520975853515,153.969043692046,-9.846940972462123,149.24097996773693,1
12.704548448905042,344.1670957751641,-27.719565664990245,-29.20656159142301,0
11.526998154184277,77.30464504376276,-8.783026521768626,56.35190516508067,0
9.228186658835078,185.99913354379476,44.740617420721804,-120.40085528111021,0
6.240855966241404,264.96625261152093,72.39965157726733,-23.423075869172756,0
13.050381467202774,200.46398872844253,-81.0419046140564,47.33967840245914,0
15.790267449600659,334.4475188580484,4.340077420851925,-41.25487733351296,0
14.516881649925551,136.0686080308623,-84.08962276490203,-51.26417075287443,1
12.920165360263207,166.92329007834408,-5.68628189561543,-179.64036278390063,0
10.271269696516095,31.86803347730223,69.35090923744207,109.54564695976107,0
18.041230958424844,219.23967997869426,-24.91375204434426,140.16154032772135,0
8.414340400267076,103.75630864131817,77.84107579451579,169.00687063649957,0
18.880139569217377,57.71125422560479,23.509524897109692,78.93769862491759,0
9.988914905366377,196.03126544562292,78.14796188274114,17.565232453158444,0
11.237823813234824,191.63169481676783,46.28999257425354,-83.05757286886463,0
7.666074046921615,27.313790840657116,-71.3816700032228,179.74781134685944,0
12.492989265571817,251.3575632580102,-48.39275383871813,32.311027631558005,0
19.876562292389895,224.55798863430704,-19.049318174968885,65.21546603896064,0
17.578140442219784,68.04622178873899,-59.38076123782631,65.66621830391436,0
19.892110560140175,168.9965503754558,-0.9159111402011066,124.29064647258532,0
17.61071272966968,259.3162499322816,-5.153731973731692,-176.51788601510907,1
9.481650857348153,190.59686659485953,82.12665564492862,-100.71110144470615,0
13.346053878362213,142.37606742608529,-11.928981078724005,59.592240061205025,0
11.099004354412687,116.04184490913971,51.4128247718396,142.2524652568444,0
21.6528745201952,219.7417919918593,79.54389807326638,66.72196149168823,0
9.016056767868442,338.0791313916866,67.85798957531739,-31.14313506227515,0
19.468488446945553,241.82814257189403,-52.43982758791347,-49.84002148670583,0
19.464769350543847,26.908525309073582,-0.7146190343620318,85.66128298199534,0
24.148101008580436,165.84659045356815,-27.406839186733368,86.84557096938964,0
12.951567036852513,320.69668734382594,-18.025434875301208,38.540877302048536,0
18.561610797900812,34.00647328839128,-25.05477127576478,-75.07187132495866,0
26.408259182694213,355.9952563695156,58.744657831500746,153.0557346205957,0
11.911791615331516,341.6649817123517,-8.614970077959459,18.67677916271008,1
7.324798762338202,28.17881306275531,4.264979804043875,104.577248249399,0
5.599949830461181,336.0287953618398,86.84052426847343,-102.84902562174061,0
18.563560144306656,130.7277324934064,-79.20373100552705,-56.14531609869797,0
5.584248959707081,304.0953001473105,-2.1676248376652163,134.84862589944328,0
13.138404735310386,150.61800157677774,49.331107250300896,-161.96146922161137,0
17.186565935194803,158.70784057290572,-62.79084752611922,4.433512052398347,0
15.92587768414957,228.32751275191535,20.075687030659303,-6.586027256156752,0
17.12722432092086,278.811870939354,-46.89633968379598,90.44286800690956,0
16.11144927900427,12.164094341369509,66.13274038042216,-78.51824258424034,0
21.394329066566968,213.53615838976833,-31.122060227985727,-101.13594413054419,0
10.238418096306015,67.22387787505356,-30.76869295783628,153.40782195836414,0
11.615024307707344,124.54182643075306,17.674898133220832,25.815474705047325,0
11.13670277364588,125.26871981587793,-56.958676538416434,-142.31175541788437,0
19.150959059313053,168.8617224796153,-38.720044997449016,-110.50698160284442,0
19.501992941975317,120.28910827542242,-15.006266978505929,179.57738142512937,0
17.25612659659254,38.650002642240395,-26.345184634780136,-109.58076134921073,0
20.91746833444964,52.42634586916252,4.477899241004833,39.77118408732434,0
9.109795663118096,12.037674801995163,17.93522593241393,-28.753891561577483,0
23.336120557755685,169.28967071835154,12.000141675029624,138.81567414594073,0
22.61619310856129,343.6011701470759,27.75029615854781,91.86069322631798,0
18.678109986228733,41.64308051332196,-34.60508701059236,34.902502654253695,0
23.9089945438553,340.6552174811095,-67.24327911209495,-176.1339665527263,0
6.716883961611131,264.01014530355366,46.94535745759388,136.72627469764547,0
12.37775931868674,229.49956905629875,63.140468873522764,-19.91971049806214,0
11.323482696590238,232.29999191648264,-43.738878199962194,155.36795508668754,0
18.607396618786716,297.62195342266153,-16.723447891556447,-1.6059553724875641,0
9.749296301989272,38.49115117673569,-0.2575409465600509,69.92081610578119,0
18.787475746687427,181.71155648359502,5.998831695528553,-155.05464619200882,0
21.852680719983567,250.95280977387307,28.708230795777332,88.25459526964289,0
18.476014500419996,211.25536022648294,-82.51141799604216,-58.321428727707755,0
16.418755118307505,299.8004655683861,39.86587489212306,-53.510754840558896,0
10.060633295496254,26.01781524408654,-78.84521874370616,-137.2838959046196,0
10.765745169373178,248.65237421969974,-5.708057818883785,-127.13142648952719,0
21.24809452648333,192.2499829384984,58.98080440245494,-113.12673976576436,0
18.896745019526662,136.49791103277963,-8.781243609888673,-61.845779314287945,0
14.80490240311228,122.49899360425111,-63.163845221715405,141.10916859921795,0
12.910452271170547,223.49974779870942,87.30609210107275,-47.42631423717103,0
4.870960634443115,320.75833487193535,70.0713831733674,80.77057436275864,1
9.645737906577805,178.6233333964015,48.83645398050252,-150.2108985996463,1
24.557095435698617,296.9003390676913,-15.927911478142127,32.79556773791734,0
8.597722144987666,144.7762974638283,-56.907769159926396,-6.519156742641767,0
15.947399106105403,36.862006605543556,79.45401265533022,172.06486090362165,0
20.03721986597599,22.142065125109877,5.823202773085021,124.63479715642666,0
8.725386659988537,18.480373676523925,63.42398286974732,-16.26128192208609,0
15.923552373905416,136.85405110476117,-28.422898963303364,99.05139505632195,0
19.689577687553275,121.40559030090314,-29.64810292569529,-110.50605313424009,0
15.062496609536252,258.45732850412503,87.39728652132703,22.441077861040107,0
29.342015278333843,267.4157405705517,3.929948729072963,-153.13713999526504,0
6.657003705609023,18.30742878014634,-64.67482370506566,-54.68794838939409,0
20.293642649419393,79.60437464004539,-50.45855796095267,-98.68961461601869,0
14.135991313017678,98.7342660572039,-3.2500297093102604,78.80753351707594,0
18.859600774183374,197.14031429141139,-82.35523611208596,-3.5673511628298815,0
17.20653575849623,52.02548060650209,-6.7438826319059135,90.38537238528377,0
11.334219014450017,48.21883898400013,-14.590648425577031,5.506357547320411,0
16.1449819622967,339.76400011486487,50.280527757507656,-148.86560082541013,0
5.7104927430085635,289.51304662720116,-26.110446391936485,84.73235390370964,0
18.016237502856967,65.03576475282131,86.85877707712788,119.96253503561002,0
16.49079232995263,146.36441084597675,-57.461414525837434,145.27124132860533,0
18.19330084321551,128.02391973272358,16.37760329426428,25.917100310414938,0
20.290591625435752,284.7614666635466,-73.85412653851417,91.29072923981823,0
16.838099201048554,183.67664993212395,42.09551711891676,90.73596127774574,0
15.740447098991382,46.025905317648125,89.05566385115488,-123.93008647238004,0
10.594658316693538,266.0371427362478,57.444954795293796,-120.88055251455454,0
11.438896181754746,142.8796721609708,10.026637329654227,-154.4812179087146,0
20.933673100886654,94.65272914757294,-2.7465556680554326,-64.83109134949147,0
22.181677028529894,135.17950392745925,60.30539302803245,-9.536908413216771,0
13.809447818439729,179.19236289848268,78.47533524793037,179.2432269915181,0
15.23001373626637,123.52158591012339,88.05717464365674,-24.842396855458972,0
10.47692812503117,87.08607813303281,-18.622939038392857,81.44733186265353,0
20.863784226337224,143.46073036943292,88.36514546301221,69.62292945811247,0
18.32708411845889,6.902247869963367,-61.933274608710335,-106.38649790979134,0
24.706087182318747,278.099224594673,-44.361040332256344,-158.9374254782029,0
10.608384614101306,61.54016168433089,-73.97709754789868,16.562430552091488,0
13.109960504908914,15.80566090702941,-41.0870670327933,72.11001323321139,0
16.157229612627862,235.33152944582852,48.22875929124201,179.37064446705216,0
18.232447688628852,278.617006376522,63.526384472120945,-50.90002117877853,0
13.921661812261839,292.97848737342355,50.20067611846291,142.69124234919482,0
10.635194547731498,177.66330575781598,23.591840070185327,-42.50431588709288,0
19.407037644617855,73.9325464883947,2.5139722540762044,68.18821503498461,0
18.605676812727907,265.4019638099376,37.566772058456365,35.37105498613871,1
10.418629497181374,251.89670777556137,-19.649961131900074,-160.9276344110651,0
21.77721400552748,88.65746427714237,61.43550326994633,-151.78016629070694,0
20.85099354598302,325.22679211060546,31.894216915821374,-172.52492769919405,0
15.671482486238965,37.57372490981844,35.60484572899353,-46.49972954616379,0
15.397989311880181,353.76776625287727,6.468478763232826,88.48837755576386,0
17.770288855579537,309.6892119518873,69.34121715801106,-117.80805816333982,0
10.69148464871871,247.64351237246706,-44.637347937770556,38.10706861820249,0
15.150157395820411,337.94995978073985,-21.39342239501087,-76.02199918881196,0
4.238082276954098,260.0320205965348,49.975662541984036,106.91734463246596,0
19.38227822751468,68.56451893081653,-1.3051986967192142,107.42261364107674,0
7.192533887790703,159.17620972061223,70.05852241635435,99.14922538791248,0
22.517099142144996,25.741088759388727,-27.64812244268658,8.940064968495637,0
13.349399530167748,140.27667202372155,-23.520569612463945,-77.5559843712534,0
13.941665090344115,266.9770871053951,69.97244208959256,111.39985579630844,0
11.861330469577473,139.11960633509426,-6.413342367232611,-113.00379770187305,0
13.559805630389619,118.90590316852828,2.9024251564476145,-75.68654326968382,0
22.092656725740184,214.3280601037123,-30.10253123957771,-113.77882578217621,0
2.560956717324603,313.9936304396022,-40.19941040776526,62.71565773955317,0
21.384826930440937,17.129949316600474,28.07076795091056,67.0449701216945,0
16.69011740550854,138.76935649190474,-68.4286809225833,54.90359740323109,0
8.964891760713922,56.966667053494575,68.26907541292367,-30.383471928719587,0
9.62343803475381,250.32753026347308,50.25656461771942,-143.93843740748403,0
23.381965136041014,38.06084175520856,-55.6653125329555,148.02105042540762,0
10.272465600286344,239.33079308888804,34.92359024842177,2.7831470444057382,0
9.233247447020203,103.02511348724664,18.47392583141427,-33.49000983200706,0
20.686572711823647,71.6100529454009,-56.78369086740406,31.976961569385566,0
16.692764381429573,337.08692081699473,-40.82336891095815,-110.5954431051219,0
10.310372117318005,6.668847628544112,-16.38242932790981,-132.28243952224523,0
16.083124877023096,157.5998178802448,35.863692344185296,-34.010920275140315,0
9.871236581798614,7.785717286245761,24.97021358706107,-98.2005501240322,0
20.504106992113027,174.09349731755844,5.802272581805628,-92.05549396662076,0
20.30685482436567,180.37705600599057,48.31389776052616,141.30413560027057,0
17.660030994109714,115.79848970210892,46.42879312910987,11.073303786896957,0
16.808305306235084,47.57823990900852,21.21464773120606,-5.951136843593594,0
23.80594062433687,135.49951358441112,51.658215009268545,68.21265374229505,0
14.998431636941126,242.01465837572377,-29.832592539742343,162.55732092362626,0
9.090629372895995,281.6624911120053,68.62491509806901,-139.60851679059692,0
17.247369564161534,191.07021685973123,20.68381544434933,120.0724441593326,0
25.43023524768557,212.340381998312,58.0254324862375,30.246904752424527,0
9.92620253407074,72.22189360487496,8.330238862251115,-127.38047262773858,0
13.192686166530072,103.4389199619538,-50.68111590203753,-73.026245271963,0
17.08223019050726,58.28241961884903,7.633823162095553,-6.349890072693776,0
14.730475754971303,89.74632600166008,-23.19990052021414,68.82377204787227,0
10.088482098113426,80.95924088119143,35.54982648667701,-92.6614738967572,0
20.609289281152353,187.00156310084554,-4.357117487747557,12.55637356833235,0
26.600203610086297,202.56795208466258,60.500304886983784,66.48178586971022,0
15.980657295119537,340.1810714957416,32.053052217945,-18.453329694897768,1
10.479658551319996,70.4054329565483,33.21799794563831,130.6893460032633,0
7.255197374732624,231.00325565813853,-50.91203997160831,133.00527702254558,0
16.289879906105906,294.21333683550824,87.16495796843226,-10.551161649439532,0
20.519386716581288,201.6869269618989,61.501537668867975,170.25325574720387,0
17.375838732476907,91.80131490038725,52.02087922092503,-152.78936673403896,1
14.987980795405731,94.51808280720007,-30.56125947119506,-178.78954380374282,0
12.053641741053468,14.131099105559969,6.413697512501743,-42.959425030589145,0
9.53918183640955,109.95992155745341,-65.32142614662085,36.39494209410334,0
19.17375663162441,268.05732444121685,6.925675799287074,46.51205668187791,0
19.568858106927927,17.106392594559736,-63.739935633008294,-8.47953493422171,0
7.271351066546334,78.94630170173903,9.546811918128217,-135.04200723336737,0
22.94919489090342,254.2436994714415,26.769938427883012,-118.62089215635808,0
17.870356104470005,281.7545626162356,-19.764725895017577,126.77327418672331,0
21.997973225728966,163.91462762229423,-0.26192190036721685,132.44800742613407,0
8.289361257574425,251.3067618523136,67.61760978142546,62.603473629859266,0
8.170879222922805,139.66278071576113,-70.45863395349431,59.118470020397645,0
14.255153451163515,57.5687682086859,52.511920739937516,35.16556609001071,0
17.513922134475973,143.33381766824635,-59.26418082068464,-106.94668114728424,0
23.98180411463482,208.78841527313142,-83.39256309516689,-25.82974790643485,0
18.530394569075657,341.2991814670405,-56.5965715058914,70.52207452681633,0
13.786593615939834,24.750342751923835,47.70777419468815,13.410817921201929,0
9.86815396167054,182.66187378418581,-17.077306799365196,-173.3110797401643,0
21.150002863595752,118.41112015586077,67.05369303231275,163.2804504192354,0
10.176472871246425,182.99220993961004,4.447357412807847,124.13377892597164,0
23.14234277386161,8.631161055551404,-85.99493665326042,-86.20379492049437,1
13.578076751967453,112.68912769256927,39.00844972834682,41.92521665986661,0
22.952910363089252,295.1525331097218,-70.15807643017811,152.36617814214756,0
18.39465645029639,199.4190241876695,52.088334023146395,-145.4360356390855,0
14.315022552787708,162.20969741380227,-59.7415410350676,1.0906130868122244,0
12.403018140869367,102.78902581752224,-27.819650555007577,-15.752510695333978,0
13.2954606132696,107.29530820488813,47.028857332564854,-32.32619809792836,0
17.141583461876188,137.9165160926104,81.7616443457559,120.81189920145299,0
15.385782481088583,300.80545558724174,-23.141888883588177,-42.96738718891536,0
12.030942959656475,348.19675445097664,59.29203963580844,-157.08120003323728,0
14.17184294841184,157.91593728613483,-55.65739221434903,-156.2984128208511,0
15.392885148595749,141.60702194919426,55.2923586364484,-164.61194165114077,0
4.35632952792594,304.7582792951506,28.348930666125188,-32.707648125346594,0
17.290840573943495,153.6859154290693,-55.30616870177368,78.62625997140958,0
10.101393876415965,198.72654202643443,-35.54928713674592,-106.65991370501443,0
9.233337983971275,83.138999255548,-66.28124005253352,52.7286673553578,0
6.563278264446448,267.6609128804671,-21.065938008423608,67.3518499573335,0
6.030537510660548,191.51579457748147,-53.34324459781007,-88.12723535438474,0
8.222762484438555,291.252438086523,25.919631653485233,36.20075618182654,0
11.454895211847548,281.0637828103211,89.01091875970057,66.55260240966506,0
24.76629568763284,77.40171657721028,-87.83835064483246,-12.019095791234747,1
12.370601620523981,257.62879820079445,7.365566391713758,-58.782024979165776,0
15.888750531340158,288.0195868624937,13.25998755882175,42.89455856675784,0
17.002406932531642,124.59860668166223,74.55758214254614,172.0249514381005,0
15.655325931079243,62.13928064481883,1.0809602580487576,-26.33709262716789,0
14.612782696370031,0.9475760086517448,7.866255536085145,-38.97536533735642,0
9.023531182003776,162.32531511353335,-5.102495760890051,-12.863915126599196,0
22.25463774139606,126.87578335398297,-41.59722517893335,-152.56137835978265,0
24.035983218189426,199.76754017714723,-79.91475601519554,19.138780681700403,0
6.586706529386571,67.69479333196287,-16.441617202229498,-61.6689406017851,0
9.879857045568102,309.4795971599311,-80.53353517667786,-136.2880359607455,0
13.600948288114969,92.79187762611947,9.088644503865202,-12.14757319774559,0
10.177311025449043,81.51465783155399,-34.68714421638724,-178.78176483336813,0
17.529827767279325,173.05706033436815,6.0484322745770065,-35.35731174140678,0
11.358638987966934,179.58636854793872,-65.82654640886639,-141.93530354647783,0
25.82528033903301,77.43068236263342,77.87339383308473,-171.2546267760791,0
20.95274297171798,97.86986162132968,71.01382383898829,116.81101664802074,0
16.062870153161075,61.09388609588818,-55.80062834358879,149.84956918174854,0
20.13493131659866,258.64566419634,-28.18002900707822,-105.2371265907216,0
20.529502121786546,277.2320512514695,20.428698933356326,14.147374980334057,0
12.180262559708783,166.43825908534174,-72.77648268493687,-79.93506343284542,0
10.918913777290177,257.0713281666063,-26.177792199092853,-2.312122078014416,0
15.390715314848237,264.93674109748036,-44.7997883725789,-22.812724478102314,0
19.30818062248972,49.779189964011096,74.7930111690054,-83.14162017102517,0
15.695301993267089,347.8240889404332,63.45191453205694,72.14168866870718,0
7.115017589045014,295.5715009547152,14.369893428035482,-134.46325464470848,0
10.985877780245788,73.61404603049647,3.66234063688335,-160.89379841830782,0
14.63013568202811,67.01941286858529,77.53064301817149,96.3631558934205,1
14.621671978370848,45.23801240864979,77.83700093618677,59.734811239444745,0
24.862710883949042,49.81628251509062,84.47942256329887,-0.5305953072967329,0
8.07006028800501,269.33824765033063,-67.43180086052622,-11.59568262988504,0
17.527946209179373,169.07553250258448,-61.099594062629365,-0.9319033830865608,0
22.445565541641447,281.8563021863522,31.81260576237959,-22.67133260447776,0
26.35724872711398,268.65176196607393,7.458205789772081,-38.558773500775516,0
12.978012884080194,217.66057686187978,-86.67613711921753,-0.1113829609966821,0
17.457147263600998,247.09197836832465,-78.84449352188652,10.265461617513756,0
17.848801785993235,6.608060776491045,69.85446880658493,69.08483307010353,0
15.977408657766453,112.2399528498079,66.39674319708953,76.03457786424812,1
14.50577399380347,229.61598453338766,-25.691234040711873,-44.053531149547936,0
17.17987694750023,3.3641832550479123,70.38911104749624,-31.125411812344055,0
2.3387695739015735,11.871699725733627,16.861513391622324,-45.46901889495971,0
18.410347450313157,306.67967368933796,55.06301646340234,13.152878505255732,0
15.630889518309836,246.24895020914585,-13.06240719116143,-16.79272635088969,0
13.887625516108674,95.53310392332382,-69.58830107791643,140.25472672902967,0
25.23431097859779,247.66662244273525,-11.929128723717078,70.69005608993014,0
11.625329906047238,285.2844008901348,-7.6860363605583775,143.5162981516004,0
12.984620054674846,110.44594191963645,9.16995489130854,75.2893169613932,0
24.95776651102367,12.973455899707481,-70.99511167720296,169.55717346857307,0
10.839693475750718,335.80048488758445,88.45233534893005,48.86524017189687,1
12.249423585317306,124.26474178642697,-46.055372254756854,166.87804973869967,0
14.26487288284575,38.333434782494294,-54.260567363323275,-123.0588394526066,0
19.203672410647748,177.06847370153307,4.82452539406858,-161.1080349014146,0
16.039012536766567,276.64840643908815,6.697472291079953,28.48506667338933,0
8.536873264238686,79.7930332623213,-10.832267190016031,174.05755408791893,0
12.339157184364053,97.0164180480108,48.940586338545806,-29.662110971137157,0
11.963227833938943,87.37739524748994,2.9977921311484845,-103.66438961053454,0
14.613894773884772,357.0022990194041,19.745181926097143,7.75492170966503,0
17.129218293149144,71.06534414299531,40.27434937340141,53.56750484839989,0
17.09102877943986,207.18727810780464,-85.49548171850401,-66.53566961427998,0
6.119941229757989,333.09527099650717,12.71595285810806,77.31696905973341,0
20.319704937804282,52.88276479600053,69.15500482110646,171.04122253646128,0
16.262844229983116,349.50751123237205,-86.8700262734219,142.90672381582206,0
21.92266023796953,341.09180438242487,-17.067221315827005,-75.02926553560971,0
17.22099163645336,318.4459153409745,76.7209410370494,-62.37947406794461,0
20.50661478867881,77.24034767880082,-26.432207589143196,-46.24515919814811,0
17.332726557250634,228.259820163954,-7.428811643956646,-37.96099977828768,0
21.73112878101374,273.92093026604647,86.6774507479763,-143.8849802904194,0
17.611253180088895,354.9700541507147,-54.121705388896714,94.30662200014415,0
14.510423767785479,64.95257594929335,-78.25406595749894,-48.47786510014784,1
26.36217360223441,275.76932382694673,64.69606635503479,136.7351916139628,0
19.44518561139946,121.96842117376066,66.32376141822633,153.69862432323913,0
17.868722105022066,63.22552760448084,-5.0259897575976265,-171.2047286492323,0
8.61847791730832,151.6956988369878,2.557291405911526,175.86110517415426,0
8.558461912682311,285.7809283735019,60.44514653121049,75.60818334006645,0
16.463577410709267,167.34592933345877,42.940709660843126,7.341201357466431,0
15.727605988841203,193.50831607309746,-42.27317960093808,-39.77006098588082,0
11.92938717495842,358.25738767204365,-86.95919608712668,6.666527739496648,0
15.7049134980603,143.67934784067336,-3.6539707439617652,-63.13509936776,0
22.943134640217977,221.54427169532633,64.60421869721544,44.167612930757365,0
18.477012372751492,131.48791258153386,71.25024180422919,-146.52710047987514,0
9.294957451236309,141.40283267833377,82.12071547370769,43.60413704825167,0
14.442455864285282,250.43067124034692,68.32138277030062,-80.87585395016012,0
10.975167595737195,337.639311394158,14.407839953657707,-173.6514615411553,0
13.061500417957195,195.2492221772357,-9.970992137501842,18.97407581863593,0
12.931921671851786,276.6239744215607,49.47297237613783,28.241192106970693,0
12.611772086979974,32.114361174106975,43.16789418580736,-26.435158303847032,0
8.724323140133025,76.0168934754937,6.865817414661787,-153.97695628188592,0
14.361726592409049,180.76739073103167,-74.28107293947556,141.60346300950894,0
12.196961815763451,7.204220506358925,76.69464242164538,40.11509060204,0
0.3527565499886598,91.02779235452117,-7.9915432497008165,-138.34321215517096,0
25.264860122508313,186.2644643369878,-24.599919255072425,3.9350075738931523,0
20.44384827108336,5.386031372268256,23.322131130378907,-0.9884462585502707,0
13.11849637537502,95.23666304137501,31.290833010055845,-158.2553272345463,0
15.094095248702992,185.051095011313,-52.07617493454574,38.4694932970611,0
9.14172826341219,206.33372927324845,60.648992065792115,110.9975036117632,0
23.478614389054325,333.27060949991,-37.81132314077199,89.64289952945214,0
24.486443473865556,232.32442437021882,-56.396893335422995,-106.931010900894,1
15.783468641232623,149.30488891079776,-16.848026486190463,130.4253106395161,0
20.117653220926723,334.9264237679044,41.50081456154375,-56.68482036263367,0
15.876433894669619,282.55787401960595,83.78247211916461,160.7430161850989,0
8.316372805620347,72.00321160058914,55.67062758685798,-154.17073287874305,0
12.940883155181714,47.10325008557512,79.26270798063452,-4.964872132856639,0
15.659639833859785,243.29218886738386,-64.69095526622517,34.9647757839177,1
12.727261406282778,201.55793960771416,-77.18817620453818,-90.8459645491423,0
13.90673361282482,284.28250096539205,10.386857143200812,97.69686793928199,0
14.543002212454425,265.96981802832715,-37.74645305207382,45.68244473185813,0
14.595607510672691,225.0761521887054,59.04989513446912,-173.480602576336,0
15.261292452487416,355.0975817864012,30.957816852418695,39.0126926506449,0
9.696974668016995,192.0923028397471,84.73106951744299,-3.067835609359295,0
11.414919254360319,40.71807234061914,-44.13737596836524,-109.42948738673724,0
8.577078671500153,298.1784833337558,-2.55885941605817,178.46936174143065,0
19.889077748431003,90.66721044445524,0.22328593656358864,142.97839013794137,0
4.471765290798377,279.82877333181057,-46.948176925672286,-74.69722978953715,0
20.76795171658463,344.5585545600185,16.216811907841397,14.785531487501867,0
21.93174698631422,250.84638502716285,-10.208522505736886,-66.05922963229533,0
13.489097065086893,214.5708579419284,-9.590119921822748,99.17847058898812,0
1.984314560863507,165.7390232430146,-24.70740336495295,154.9193159507238,0
13.193447190163548,131.18755175834517,-86.95271656340368,-50.82170151082192,0
14.679079193555904,127.08171034986105,3.9771426446620173,110.01032969170589,0
9.947008900355431,229.0941740554526,-29.655389573940397,-0.5732846232462485,0
12.423908030958785,270.4583220975885,-89.76242358282066,-37.231717927832165,0
22.650975994316756,244.26614501438917,-34.570132620852235,157.83186675555714,0
18.324635811508706,71.42763642968258,-39.846900043843746,3.7456879388513187,0
10.377179428109502,177.83538485165684,-19.179332419745556,-11.73221990731264,0
7.012004152022841,284.9904259859027,-66.26664186418854,62.0763847064435,0
13.364913411951147,171.25346814806025,1.3830884343151983,-85.95568763341761,0
13.93271610324781,193.1843807047778,34.639263453263396,-63.074566516206325,0
17.48099593681658,277.608977341496,23.433402429823044,155.53650104590417,1
12.323416437161704,238.05551025543295,54.67589056245431,64.27074435729926,0
17.557497876809308,147.36417151766133,-8.638508162325394,117.58937319756203,0
24.675770200301145,322.34857602991883,3.4365114611510794,-82.39976570324534,0
19.077505112221314,58.52414471885229,55.872349354617,15.764468374753937,0
14.759557463346137,358.3859214925169,-13.013789252537064,169.70265611621934,0
14.084247644733527,42.786928251445396,36.287882981927446,-65.26659634984166,0
13.216634329100645,5.381989597526005,-11.771573630761466,-122.22846852586493,0
20.903204562260722,320.4068044135553,-14.807484987918727,3.9189629608790444,0
11.863432770243486,88.18326301174419,46.83701241524885,-40.38440805904457,0
15.226113544999913,262.69186588081953,-58.52935521608199,-122.55219619678313,0
15.255989509405426,291.965534975545,-29.054525050516755,139.87849777321247,0
12.49107903594234,309.23510077156203,-49.64899018555768,176.66060779936004,0
8.137672260579494,356.9739248391,-25.360210265832517,24.6895850483992,0
16.614872518088344,105.85429561439966,-48.53253197411568,98.88363661444345,0
14.694980140723082,255.6876030938133,14.293013595597838,129.25381303666782,0
17.50120234718285,41.543948981098154,53.67074447121214,72.35352216785769,0
12.331998467804166,146.4513448884658,51.59035101922234,-164.10382231977675,0
21.10410649406524,305.2698095925325,-24.38982638121736,-123.2516765819456,0
10.616131093940776,132.35689658127902,87.97687306096711,-154.44389118550086,0
23.560201420089463,212.79433699282106,16.89378564704414,-176.44334160885964,0
6.261817450858692,181.35843974086825,-18.10794567990694,-69.84129284739484,0
17.173850322784457,232.54255120033622,60.397070263456584,-38.75185422663849,0
17.377153412633117,350.2419801795702,41.377322275675354,-93.22929635906674,0
11.022214660295589,20.064789540504762,44.869560628338796,-156.74232668892446,0
17.121969689305065,206.6261463005867,-54.69491704790311,10.750712701203934,0
21.397593348800793,310.6903605301025,-5.701624673660078,-81.60504481542901,0
3.915905803229678,173.2977762294339,65.12906354842849,106.57337575088243,0
17.51372403745407,28.269786938966213,0.7268413731763101,-177.10105621489876,0
2.5336458983496124,201.79416687003751,33.02149381578906,123.3097384635397,0
10.17167598238396,119.54660069657535,15.828071946167618,163.7113244205445,0
23.145831824504725,55.77904272165692,61.62422178930877,77.80862273528504,0
12.09108983303973,305.6524247820503,-38.77904884291153,84.11186349452396,0
9.130600177955138,187.77582467680378,13.585550019545678,156.08243217698396,0
14.01031135507659,335.979508456464,-67.81775975823528,-104.73433729187431,0
25.33953169081776,290.16594165710484,34.23793980590421,178.0436045550876,0
5.841588763969869,249.46984575852025,41.75421090348817,98.45323321627507,0
9.743450441803278,1.8091812115122963,-82.28928218598028,81.56545499800573,0
22.487158415898133,154.01644438977,31.642373453037315,-50.00739156169462,0
24.288511717688664,71.09506139473163,-15.355772250158456,16.4798947460198,1
14.48284387854858,327.8872479775924,-67.66256230025718,55.41040377840493,0
8.804736487366787,62.8502344834897,-14.41664141427583,43.32343007419774,1
25.479217509045796,102.98161859734277,-55.03807265479529,73.79446985192907,0
22.972211958745984,186.0612363844197,-15.199284217803024,-150.34257393177216,0
18.394734938811165,94.81090283930853,-20.818974967465014,-51.96656418058916,0
10.9379882553129,75.55128382048362,42.91049464849034,-23.759994025628224,0
14.754853295809816,215.6757570369909,49.35880046994458,-86.17345276501207,0
14.198199594775849,32.01462819180859,19.2651577892184,-117.85418270307945,0
16.654256523077887,20.9403931395329,-85.91636840715944,-129.9861072313694,1
22.25500719065668,134.0083062669857,77.58401023277892,-48.101978787629356,0
19.397085205687016,259.43920362283046,33.521990417360584,-2.3609877974762883,0
9.613119615076208,199.73043297862128,-83.84481901418602,-157.32848154720216,0
21.882482250097688,152.23552864804037,57.389921858541214,160.72491405259782,0
16.565660700065777,203.67056312084966,-53.9520921507607,95.487596229873,0
18.43532897929458,131.5625344751785,14.259814122799224,83.10663834676797,0
22.332704296393015,337.01268075556067,-6.005813408966314,-117.7702110040583,0
9.442098752432244,19.765760727878757,-14.429019176086202,37.368276484388026,0
14.820872106467686,242.42093245074068,70.14846962239156,10.700980851120278,0
12.342727243203925,320.8617593379902,-11.274967518729351,173.68878448320976,0
7.1607028731727205,289.39849514469125,-76.43805883683287,89.16183722885687,0
16.733549888024598,66.25477253572083,80.39497089869147,27.27427813784322,1
27.55778275792212,106.5334856329038,75.69634162313295,126.29255992924399,0
5.799611277471236,258.1372579345577,33.197884124687775,-124.16606249014458,0
14.838596944752648,30.337401305075595,-5.779344936235504,-174.5220493112482,0
18.202714675373866,292.27021193973025,-73.28529487016617,68.48400002922835,0
15.615391008280906,258.8065000577245,52.33466134394571,-144.6078743145945,0
14.434359737421298,262.65839372472334,-76.41397540367478,-138.4438896059367,0
8.503918182770878,36.0868932963329,-77.65182271887379,88.08506151283099,0
16.163933714700818,258.3937961338431,6.729091639086258,-82.60745611176392,0
11.216180114920368,244.73452507918918,-61.17691676676476,46.30723760480144,0
4.050391475107233,299.1320966958662,-88.60855187873719,150.26649339338942,0
20.972961102568654,14.974544252329022,-13.839582420758475,-66.06916861037101,0
19.79192909921021,8.31984064840519,-65.30089831018813,-101.82810317762923,0
15.258304884255399,134.28255595628187,-61.107225249475576,-141.6373618532214,0
16.145373441028514,53.56378218569504,-76.15608502763976,-133.0335498888986,0
20.37159006357781,201.01841192527988,-53.08312432975021,-157.59982966361662,0
16.121698283890414,330.2456045424296,38.78715235939009,-148.44874362129354,0
19.520087773806573,140.93270292024567,55.60691529920245,-24.478348028704584,0
13.512588995630749,304.1821358181375,-8.543944074725886,-64.4885837913709,1
21.559918692869733,0.08671482643193063,1.1796868586551823,74.36189315627928,0
16.603928629663418,60.66527164530632,-84.12209377304353,133.28699696892068,0
15.97025971802937,10.952474275470824,-77.52307295316297,102.51835313125835,0
8.64969455643984,118.13298498542471,-43.63780938308695,11.029412399634793,0
16.434779271508543,326.948254450741,7.901715728366556,-143.12083815624476,0
10.840225412527744,34.90276449563559,43.11920677229873,75.51622221895927,0
11.80858636735753,218.30751962776813,18.90055104084595,-49.38165909832552,0
10.923121858419393,162.5385380829999,-19.416986102378115,-149.16585819045233,0
9.668825340503874,337.8485564516925,-68.70166685943512,123.28790659654524,0
25.62385701508481,44.106891313353785,50.539182279694096,-58.242053814297996,0
21.656695309942016,76.33002618080242,-24.518510712169725,-101.43042029583431,0
24.601837510721307,10.635108700137579,42.489722606902134,133.72274326278355,0
8.88552490222218,156.21668986729455,2.3361915445815318,144.76819264092177,0
15.356268749554463,100.01984384327554,42.95916964112854,-57.97049861103845,1
8.532461873979521,313.1661362005155,73.31212106146295,-52.27148905870556,0
11.52152561401468,217.7786927511918,75.78531288968436,28.66626992993187,0
10.409365082917127,221.0726656712526,6.319220400108614,84.03893777183694,1
21.197920032207808,191.48785087726887,2.071505657814978,-157.26628731352915,0
13.0188516094912,33.06612140251236,-42.1778762094893,33.60371658784982,0
20.34189666847008,160.2067261411279,78.44396967527244,163.01522224208938,0
18.02060444794259,359.82186829506594,-7.57454990406824,-85.64619701521667,0
26.518193760523946,300.6825447045653,-67.03357692827211,147.17779707489618,0
7.6027788843013795,321.6452595001617,-12.113115367221015,162.06060267471372,0
21.296166198933996,296.3614893287398,-67.13041495715929,-83.10468925040769,0
20.732204352003638,37.095009635153765,0.45570316627351115,91.5126717187262,0
10.133105809864826,81.88137146332787,11.029592674118193,-94.0409970049584,0
20.035666682365797,1.1237944883074658,-29.203962931154642,85.54001822356777,0
16.680724815131143,109.26364495612013,-77.10288943833277,107.07118966397732,0
13.86261870023296,39.09866484473733,79.83063641398303,-91.0059466641662,0
10.88032256514,170.2056043085699,49.20356042701733,77.71303568996458,0
11.404452742754069,243.76589588660468,60.99859449092178,112.35763399107235,0
25.24906047892963,314.82190621370773,-23.963689028478704,-50.91160604151177,0
15.003414094787413,269.71817943272333,46.94958540350109,-119.6270006436983,0
18.910650007657296,337.8908144802619,-2.6328788695450367,-146.8927557656951,0
11.045503091662233,19.403384541763966,-53.80497208691173,27.137413299579084,0
11.100735268891807,4.3847407499549185,-67.60379215670162,172.11532295365677,0
20.40992404624971,238.08172098103657,-27.890843522029765,116.26211520799781,1
8.252118942242339,104.16686768000864,-65.24061993447486,-23.097729983560992,0
12.923931160473643,91.26036579807833,89.68841571673235,13.18352502778508,1
15.17013705536116,119.11935156976594,-81.14598175823603,-79.36996125174518,0
15.556863009200262,97.1265808412511,-10.594152113566222,-121.29628775037712,0
14.104533574919218,184.1171062685714,-8.623165969730856,-6.450783036381624,0
16.979098905479617,158.4534410006877,-35.8862528552984,-13.139436179813334,0
18.464278779089057,184.47427849559628,12.843281827250161,7.894783009353672,0
18.67318772729665,242.17690014015702,-63.004135652721956,163.00965080301867,0
10.070980956660867,139.3669832296134,51.10422850570206,37.402308052118,0
13.579224510356013,90.47076737117645,-30.159410715425107,38.077861184054555,0
20.97381430938469,59.83219325114837,16.441666163755514,-133.91108537001236,0
19.47323593786936,125.81068303174519,38.81506249205268,178.73599182365535,0
8.135702742594681,267.05033108862193,70.027581184229,98.22417992448068,0
16.757399501761007,272.41376764012904,60.44173856139602,135.79320387384172,1
5.108873753125948,240.08593920631571,19.495625058640723,-30.85185174084213,0
15.234674510301849,84.25014311047485,-20.089227530900352,0.7661144828249622,0
24.488835083729885,211.71104850769117,0.57684061349351,7.950171298419533,0
10.26053641365507,205.44827816766528,48.372262808184466,-110.12596585574214,0
10.828384772542089,174.33583131950118,67.95819766070515,68.21609627770458,0
18.820148907864297,197.99243509819112,-71.31925292819906,145.0716205022844,0
7.28599242395177,177.0446277445205,-20.72587275125037,-121.06590547016916,0
11.836224850574805,203.56429178667895,49.7009877144301,-148.9254215449808,0
17.982205687908763,257.58214366360636,-12.302682733087023,85.75880599452319,0
11.828570761552985,39.4661499852383,-30.199002468068908,-81.64734059772645,0
13.820150063945142,269.86527077364855,-15.961914571811471,44.59051498223857,0
18.720928551575174,48.91901404593391,18.512054421543144,70.47300167718504,0
17.107730417682806,23.986079427734893,89.96492594408427,-64.11212511054416,0
16.33409198147701,351.3886870397283,-1.2613627611842793,113.45205507328238,0
13.304388603649805,344.5170367933589,-52.470994508233105,17.996033561118075,0
16.850305576344777,21.757156178603058,-60.68761644976295,132.839786862649,0
14.381336599501216,159.57123893098637,-82.37704545424543,94.78567892122109,0
17.289028049628925,67.0481777879189,10.587102285297865,132.68722753348337,0
12.51533987441011,174.72416296839052,8.022976467990162,-172.74190243755814,0
14.087155128102294,298.86380747985146,-53.05789317954435,-92.3377461341059,0
10.050211037239931,342.2202389074405,35.15929316146207,-147.5971414394621,0
14.82496194996882,228.33095524255344,43.39926749334254,-20.850113811834298,0
10.944995681855776,127.40604019625414,-43.36232303121997,140.38564378151457,0
9.429767749190034,217.19720363205542,-28.062042474647427,-11.685505583927096,0
16.293305739276942,112.32047019904212,88.28490102250619,125.89669604894188,0
16.063698879288303,327.53651069954174,-22.632395786867846,-62.21583431304556,0
18.914368674742864,313.3441667181013,46.94430091609833,-57.75477379010913,0
12.844372152124505,200.96343010067795,-8.509423206610805,142.40222291767594,0
17.04026423418378,116.9276095369298,52.802069014975665,-26.70582725578744,0
17.753987861368316,105.62028320987221,48.42418298087662,104.31557560607989,0
17.223869039157975,12.030478093821406,30.19608453573641,-94.80832276251552,0
10.87173158598929,293.6955063691063,63.86010233320427,161.56829868394877,0
15.746817411355945,162.13795669404286,79.05932907798334,26.848168751005595,0
16.820701480273307,117.04785422409519,14.396997681375101,93.35648468822468,0
15.03589233453971,169.5997277991914,-47.25559669990577,-147.77434807384122,0
4.567611708144577,294.74567656367475,-18.246786904066497,-2.6408787010096635,0
15.8024481198674,44.86111477470763,46.49502843239278,144.37385918424837,0
26.062655196986213,308.75615576705786,27.159027322296513,135.73390645558965,0
13.199803656215087,323.10318063900746,-57.996299058255225,-163.14697539567808,0
11.359614510723395,340.81484941219975,-80.77688259364355,-70.66855111357918,0
16.86674279855699,143.095677272146,32.93308683757168,-20.404797667531163,0
16.561891052332857,78.17054545356187,-44.805775674717836,-117.98466683191624,1
20.963675827082074,134.51069464801145,-0.05935612877038032,82.79939195638933,0
8.71065922045556,119.84835464330519,44.414419052266965,-113.57568158446384,0
18.65690126287496,63.41540850102962,11.280020518139963,-55.20971002684098,0
17.952110306257318,218.61600123653565,-75.00553503987665,58.781029268814564,1
14.28926731529727,171.5846977831064,-56.59555737896003,-6.4478359711872235,0
16.69343658960845,311.6523572366413,-50.52092687443456,85.88557390856178,0
20.147287407991787,11.55944897354097,-43.58443434392792,166.0348444402295,0
19.36157690014225,231.79245391984549,11.772610551090768,-138.0431924225289,0
9.284903439631357,274.66159626416203,0.7138403685708261,75.44437790330194,0
19.10079093377742,273.41516490779054,-53.43119309444239,-97.07610397243877,0
14.67655697483741,318.98662815438905,-77.84012817797633,-30.78837813327507,0
15.364370490077572,262.45214741861787,-59.142203194550746,-168.16941871374965,0
15.365984955008472,334.0116221931707,87.18863627134859,-131.07334237462837,0
14.248785056008703,119.75637593552092,-5.661549037534992,-64.88017594239611,0
20.958537485535324,181.1553900305555,66.12219084638025,-56.88511009632542,0
14.58141020075394,5.068678781840643,62.77544400039179,143.85067792635448,0
9.402269358084157,2.5047314291848366,2.0735203433172655,87.05264733594544,0
13.032350720151356,86.44558336254715,37.203787522897834,169.9858685473348,0
15.893473584052378,36.290590970070696,-55.30463812571179,35.66574372068659,0
21.146073921485254,93.6760924568713,33.911406886843494,-92.98305644712553,0
18.01547342474417,63.73558603022306,-40.97077573260789,-62.04418922820857,0
10.74732360626478,10.267208941913367,59.77117741574714,-64.85906761489186,0
27.42594958339446,327.3494927061778,-74.92965604039621,-62.462042041229424,0
16.3238765548899,2.960327300000949,49.16496111934995,62.26710232025364,0
21.376953689995073,264.98957196135075,-72.01135681764849,11.090854112549838,0
14.241427832113855,54.77323929102595,68.6140626409756,-41.24729588880805,0
17.666796223527246,328.402663919856,-35.24318673569933,-126.32768325766203,0
19.197342522592024,321.40653825235887,27.790805669503456,-172.02990134082748,0
21.09097355877128,235.40441269293265,-2.249589848349629,-101.21951606843066,0
20.286841526891124,242.00429392821786,-24.065433852778984,-141.31029457127474,0
19.360985000364888,1.9220911090878756,26.179529973029364,102.76021110680618,0
13.424566344029456,354.5537638008967,80.55413649922284,-139.50073518700125,0
12.141269790219692,316.0197372872932,-82.57144547256807,80.72216543046102,0
16.663037551620988,322.2382412628331,75.39351405895877,-41.16287168061025,0
19.665640361705346,237.3280333383139,19.634697903782435,-153.58377969224065,0
13.886396496116964,124.12329431563315,55.31657413842942,112.58281779537089,0
20.325859828571932,321.7135136725731,-20.902508381830035,28.667005285180807,0
22.263083727430896,104.94609413442925,-5.068264529229529,-95.12585536911371,0
10.418395404632902,202.57615560319303,66.39313532420952,142.08522275976046,0
10.8153964810186,35.903150043797666,-15.327365434231845,-163.7070070066015,0
14.298124705473318,331.9040268477901,6.238722014835298,-107.34494104880535,1
16.538063340945982,50.6773647976368,-86.36491384482008,90.73689401010996,0
12.377164931164746,80.96285006294661,-61.45235894915239,75.3760549115601,0
21.761013394335723,200.9282969261574,25.503571435463957,-75.86219025918791,0
17.120334307592255,275.0734800766734,39.05584219149788,-157.67104487299807,0
15.197235241203698,222.96647013706763,14.868168621209897,128.90810600097979,0
7.820452380657363,83.56820860805622,-64.20419347039008,-67.06885029483507,0
8.420920917862466,0.3394953098965203,-9.827022855989732,-109.54317062582452,0
16.405046251409033,272.5742089106781,-26.082942054625832,5.782256049951751,0
4.3370218692258184,354.67463732799376,-0.7809580736841015,147.68179174168102,0
20.06318704822036,291.5687233101925,66.65922621973696,-164.32323197638487,0
14.209230778138398,165.67438253638153,49.65505895855733,95.68947169111958,0
31.215464847973664,325.3562141036784,-74.88188974995138,26.09036205793521,0
26.539581253080552,147.54516232260602,70.25565559942157,-26.8383180413459,0
14.092754653762416,188.9762703276483,-5.081912793031753,87.86895987782161,1
14.468314987343426,171.76671626244598,43.89518607947972,167.69679279898762,0
19.97790757001015,161.144594159589,-64.79293837241661,-97.48576398143123,0
23.515863049590187,279.0686769458061,30.729514627268653,-128.28694857403693,0
6.8098547128199165,189.63680661701713,-47.46131683029758,148.63742828017095,0
6.068122673226567,114.01816392907779,-11.091438514632323,60.82310788462933,0
11.889825972228094,92.9369403570522,-86.9646833852212,-22.32503223769225,0
17.91368791586932,13.589034108276019,-62.71008517251432,26.373445295141913,0
17.484367952537987,209.95025827789655,-73.42551123774844,88.42100586344786,0
20.34885727491925,82.78610954437231,-46.84604887111348,98.29148353405819,0
9.001512358173459,53.32821192589791,-71.996743795622,151.16190509482723,0
3.419280685155617,235.37878697796395,34.54380479152115,-26.33659599757584,0
19.290070976510727,245.23533281575757,-84.77281760234051,-74.3720723930178,0
10.859018635173827,270.77576121275973,21.193290112499636,50.27913604434308,0
4.907560678056811,181.28768268189293,-64.67259045139663,-30.337956259369072,0
15.725318729796909,321.85965787339916,80.12906229202144,34.05544342163205,0
18.965878441093388,337.083391223362,77.95693315977377,-28.80511255585793,0
14.389714339393613,290.6535383252962,-49.40944154622673,-124.92151679585719,0
12.710758069087554,228.8136535229474,20.595833680145308,-11.006369402774968,1
14.203188839270467,109.33954329282793,-84.95904249495749,68.73041589877181,0
13.147086187996086,353.8601717832796,77.72193774921134,107.74217076035394,0
8.259764440299165,98.6890201890978,4.137715474507743,-2.402540353243139,0
11.42659661504784,72.95649191655518,-82.21983274479979,-120.51435952425567,1
17.606399525069072,159.1754809631698,-28.350001258535272,-30.712424526204632,0
16.6083927068825,20.462605456459848,-76.16709686497785,103.06581438301137,0
15.840299029834101,352.2580072818447,-19.270000912795222,-31.37066257785378,0
10.024257590733102,211.83608030991294,30.586741589038155,70.75108569752004,1
14.092484189321665,200.50275299910308,-5.419816552540873,2.59692540411232,1
4.1146747677857265,236.08666076389915,-20.930008550498197,-93.1596749606172,0
15.89238331942695,178.9285131997944,-68.55173180271633,106.61418288830674,0
22.144288539067837,11.54286615403497,-45.91097177514186,-149.68315653455267,0
7.629339339789471,220.43206398254284,-71.9742082070968,8.960501791854213,0
12.070361633411224,257.822595704315,55.349771698198936,-104.79922767237423,0
16.64553389355065,150.02966182465914,-65.65683096274994,-155.85637372510476,0
21.26421317213742,272.6264059456295,17.16720597880083,1.056217349969586,0
12.758876918499253,81.72046776183142,-28.30672555400774,-0.15762386342750734,0
11.538748353670519,79.65957278382625,-49.32389076206697,74.4843246032595,0
5.155384287919585,58.11011556752662,25.104319108578675,88.11024949868576,0
15.517190646540532,133.91811352409826,-7.739584312150685,82.00493592944284,0
25.21038020071872,304.9243327400701,-17.973815888779356,-32.558856149968186,0
16.38679230982338,298.04834237366316,16.713360880599883,47.40832340156252,0
14.888605104081433,137.81671486686136,-1.5718268717998707,27.700287351825708,0
16.61041155383493,212.08274495288515,-35.37284246071906,-28.237767797908944,0
14.94453998025699,259.49387393096964,10.631031797745297,34.99656990695755,0
10.93492813869935,86.83443886608828,30.50974377912502,161.00923561425452,0
19.116399578388528,60.53079092210895,-85.19523145436622,-110.55825227470416,0
16.12880761555877,349.95455755643195,-6.143088796618434,146.07795448278947,0
15.088066259668286,222.32063275546267,-79.61700877496212,-160.75601496604858,0
10.12316986360875,353.309659860119,-56.447025467740005,-68.97988335540217,0
21.517539659673794,121.59215536760247,10.891572134035155,-76.26771049984984,0
18.32351372666555,253.09141199068733,65.91400474780453,45.491438837126054,0
12.235395813163489,80.13730915484558,68.90502225392727,-132.75901736017548,1
20.009124268409685,94.03206165860865,-77.41007817504637,137.64514026231134,0
12.512145808073964,184.28476365706464,-14.561084468392808,118.27850704741486,0
11.089982537444815,115.06252518290565,14.941166940819228,54.7436950867,0
11.201484412598564,60.34376298261041,-63.52741718093819,-14.971020554808812,0
6.144657234559544,94.63705271615736,47.77779901405891,155.86417517114822,0
17.35771190209103,12.869422007711272,43.96234651870299,119.06875969940013,0
5.84427560830825,253.5925037318952,72.60138246722303,-0.246546690751841,0
8.857780843671186,177.16199655091017,-88.47251782498026,72.67440760355203,0
4.622059954607334,33.92750390562922,-50.996836081979524,24.09478278468644,0
14.569651536045535,61.809837526256835,58.893608564157915,31.659205819775234,0
14.24839769864064,36.912433720551846,30.70440914884837,-60.84861500251034,0
13.36651893406818,220.53341097931553,70.99017366572834,-13.649542335037168,0
9.787111526647118,33.91573090049776,-79.70766218455202,-151.87628491569208,0
9.1388312328168,271.5416398926778,17.45351382895971,-51.354471000746706,0
17.32184931773287,7.383930955340823,12.42838348086135,70.49826553037471,0
12.247240341457562,89.77528367852116,-83.57860505510418,163.15777098222708,0
16.581791607680724,320.64000332108657,2.433973844247035,166.7030805946873,0
10.573756569378888,258.6712745240086,19.71365603578636,20.060232884960996,0
15.905313713855412,26.26859985324758,-55.5672286436207,38.38401065144954,0
21.516390186580317,295.6053976146647,-40.80067503756067,-113.1403732196517,0
17.930829001963918,177.49264375447373,25.262522333592667,70.31091891367106,0
12.937930908917599,304.8418897807785,-5.705829432007501,-154.56283463722096,0
16.285994851779638,216.26631880214163,64.44245836229882,-77.51315311219997,0
13.796674127348934,245.45989153182913,-28.371282118346098,60.6108050227592,0
15.039400923473641,357.66056174245495,-42.00126149012379,-68.28835264434386,0
13.37194473925748,83.64079653264655,87.2758692620717,-162.05512531879646,0
14.178323970573043,224.62040691409982,74.00443862341501,119.47334736634697,0
16.060466765370876,165.7157004206634,-84.78130590018363,-68.2811974315573,0
10.033206502090247,14.202703052168918,48.73115075518186,-157.28211905087576,0
9.920605865050108,5.209430941031412,-70.13974071146347,-153.07626077896853,0
8.057287230843945,42.92228801442912,-85.05266493071323,-89.3668324360487,0
6.9986444774814505,233.67302659387732,-40.7348071260572,-115.91425900025055,1
8.913586538897603,204.1787116488212,-41.517741769001226,98.7480424008543,0
15.797312534020646,199.23464201894188,57.47737722245364,-64.19374319986761,0
10.53606242254058,11.46843451017363,37.92010426971033,109.69048261433971,0
17.56807232115548,168.94907868960254,86.68969691976257,-117.41544078366499,0
15.173568743762809,332.8642144233103,38.07232205612733,-2.5634953641298397,0
5.157478932809731,143.1330729518328,-14.714000413911377,67.69336807912636,0
18.274877921108448,224.97208912384428,35.806978970139035,54.71670739170775,0
19.05399322795855,280.7347232243317,89.90263209355237,36.406587574896754,0
10.030686625825734,282.21310049107956,37.825538861255055,152.93577669522114,0
17.10095771447496,186.9408296622977,47.10264407645729,-97.73094682557203,0
10.717508812954005,308.8627003448411,78.90570273424669,-2.2610863936420644,0
15.488351883741677,140.8961136109489,-69.542772963897,138.23731802606716,0
8.677507965225171,319.9295573225274,36.86117282059084,-151.95824438574346,0
6.034467737327116,86.48177990239631,63.145072434140815,-159.88022342889292,0
13.085914051935157,100.87790651660558,81.78814803976074,-96.01117647901509,0
14.38135526862582,19.123424711640396,-52.02552785189411,47.88763903368665,0
13.01160153192698,286.40946115522183,0.7072213903639568,-86.44333447806952,0
9.079847208887204,150.139885043774,32.49987257600673,-111.51364182883238,0
13.000504689344314,82.48198100810366,-45.45580868975926,-14.831166471014852,0
16.34647376290367,83.44449994196867,18.085115385049328,40.89530475698813,0
14.775534849387315,324.50397884252396,-43.63581915036011,-90.51922547397345,0
15.912505152996067,300.2099761659733,-29.97773630430349,-71.75117277945286,0
11.649423997728835,199.271118728586,-10.526634628044288,40.881349732145,0
20.8585895735808,221.79988814965958,5.254217774382055,160.46583191620297,0
9.119133317226098,170.75720539810476,-9.114143107472888,62.90702187771177,0
17.437801485433592,140.99995543637118,-1.2248064381727453,101.84549169044158,0
20.90945546479981,329.5716772385993,-36.254023868107325,-47.94836588803124,0
17.40454046374448,45.220573267308744,-61.38628307592649,-81.98843062159222,0
13.98737886467585,150.64084429784205,-81.4770040811689,-16.463612447055887,0
12.358514766685106,124.04228687563513,-54.723829951499816,110.56781833620252,0
20.18043825523128,179.3342592904134,14.749855471040947,-15.732128955399904,1
7.8851253736916345,164.74747483626302,51.50078060456382,124.82114716434997,0
10.149378698101781,186.8002313943893,-59.53543246027898,175.95791305024574,0
13.012211172541393,50.37083180171787,-70.46003560092328,-154.07040033707892,0
21.18826878755999,184.73094054477974,44.87226489886504,-163.65234380986666,0
16.89883818020448,87.27077299939592,-35.07150050328786,-126.14770695118975,0
10.159771207448774,66.35928563574885,81.26989906092345,-41.62691673563536,0
13.448461473075481,23.34031876302884,38.57723470986715,-132.82480470764432,0
11.928384279518529,274.55492115221074,-31.183911496254446,133.43921194275217,1
11.451055038832324,153.8790915083616,-37.882305397133116,-171.66734963025704,0
19.894447792783897,225.591725992233,4.265709528835629,-66.3146221191039,0
8.141284353682472,261.9336035897076,-75.7539597099223,-113.50993338208607,0
23.043904278671867,244.55399951287927,-68.81822772384618,155.35415885671165,0
19.141148450923115,169.38025887228562,-58.34558136308535,61.01316176041006,0
20.45430835301849,139.64347042262273,49.450246794820835,148.3308923224948,0
12.685302439873709,135.34556747063894,2.494324668442043,170.0383357117416,0
14.250296404604454,230.41756689482028,-88.09791790060027,-1.0446322761470839,0
7.834240927376439,178.12596777907441,31.23297494497962,-95.64512110271055,0
12.376687964665985,305.6876092758638,-13.735767841110526,-110.25763696922786,0
17.468274238215756,314.89271435761634,1.953425693483628,-99.7492097930974,0
21.48031530890698,61.401736082346645,-51.4590761856716,75.09359074392104,0
9.464215915987742,49.04411455646123,9.320801110938653,-165.43953787571974,0
13.17247031507367,226.94433337295982,86.24758315526795,-161.51001370822266,0
14.243503898837389,108.4412693024206,-76.77995561896294,38.93145925793401,1
8.021053989037574,6.685458755435589,-38.89486806040249,51.14057282546636,0
17.956746208792,319.91136097066385,-46.26043328505064,59.494652756085614,0
11.380048341286955,81.68427620777098,-45.26112406478767,-46.12301834810716,0
14.02304824411488,334.5410346068913,-21.832855638232086,110.14015993709513,0
12.740253140440611,258.2764023161713,57.25976125395015,12.10485158158233,0
11.053307471401629,274.55525636813434,74.31456419358972,-142.032373196609,0
14.964775072597227,72.52613848553776,-53.601284257384805,106.95575054424428,0
13.921952107159887,84.30999322205265,7.730988830660294,163.10440305736498,0
13.140710588606673,187.65639137666366,24.641814989786454,-158.38692731915089,0
11.357691891598286,61.95594695395038,3.928945385492084,-39.113518067791226,0
16.597623353914777,109.95540936589163,-11.866249044554477,-4.494223859490849,0
23.268086342461423,115.72649206120961,-55.44440894533719,-127.2705263718059,0
15.699436164195637,57.46677597099507,-2.120515344137064,132.37522120183576,0
19.980591074555644,73.86582002225786,-17.781331011960802,-77.70612783958416,0
8.048890374232688,283.87866312297234,53.20140525040854,101.88307437773764,0
15.788807196468847,60.190507637016616,47.44878464933913,61.55801353019377,0
9.513158405144667,10.244661063812096,-65.88023738297927,35.296496088128436,0
7.615375362340493,226.56777934641784,-74.06657053864784,-110.82857446924041,0
11.303142962704818,351.353922981282,73.46770978095054,-100.54673260167395,0
20.959496672067864,119.2369732643237,6.391510013609587,-162.95457429123505,0
19.750079143348227,42.71605315065082,64.40416871086632,-93.3435252783841,0
16.215023610272,205.33943713231108,-79.5327982980478,-55.64030059421492,0
7.336497200550346,326.2875159944326,4.7728109738934466,119.93230939047312,0
14.018596743060316,282.2622407382524,7.096772623722545,-48.09863998267009,0
16.50850004450868,224.10571262857775,64.92636585758699,91.66384179561831,0
15.87768114789299,113.42033877873578,-72.43020031865265,-21.800778733624476,0
5.781032082596271,195.07686237943918,-46.71979853833633,102.55259231779982,0
10.54841075990064,32.848142869531934,-16.823103500337638,171.45777615733437,0
14.679611179256417,244.42035274104117,65.85146557558959,-93.65703909927116,0
17.68145454758595,261.0345668031543,78.99899671270205,130.44298030699542,0
4.019360894500268,347.41138424757077,88.69043152685302,43.85667107007889,0
14.189380122600708,93.7430491482258,82.65482756253388,114.22593417191574,0
15.715243849394762,6.644310855488151,-88.9304839480162,54.57092481640988,0
19.248059942581065,196.41904719377422,-81.41249853830303,-27.378177381305946,1
18.464287921187182,254.4445815828532,-63.43077255163404,-97.89302180095547,0
17.912856594044026,284.5466913178757,-27.204822581350836,-154.7873188807806,0
11.000297466490329,69.74601588893182,59.38524557765257,12.786611205858115,0
5.459989314383462,94.23103285332851,70.67811516038648,176.5173940296716,0
13.034736214692995,184.53273309622668,-56.369806866975054,85.69504980511425,0
20.008159126042802,119.01629158920066,21.53954729154756,-62.155605096354016,0
21.96727263762216,309.7841351714802,75.12515731174977,117.79372803122469,0
18.552745511488926,170.5536553459393,-6.52828753236226,96.83424006350636,0
17.14670411400867,287.8483118767211,-71.36215704849889,-78.61111439275555,0
16.898198241929826,209.02311377364734,-7.593542984767511,-174.84930367407551,0
12.219406266196097,278.3124509821603,-22.3569175881497,-137.46145012777814,0
14.3496985322319,119.76227515091658,13.978439291881257,135.83022851234074,0
23.34534762913166,299.309983894912,-11.041436806721343,121.16269270975383,0
10.287209971040618,98.84603359836777,-86.87773316633077,-73.72475968378953,0
23.073893953549256,196.5955708811847,88.9195920144608,-77.32964653760865,0
13.389859227539707,77.04256074259472,7.837242791502765,105.4313953568896,1
21.62716054547539,171.1895477854296,-4.746464012770284,157.58548916235193,0
7.965924952512308,114.54307542313313,81.83112687072972,100.48941244713598,0
17.929521005823247,96.01323502939712,-61.94513383432612,38.00832373107414,0
11.31614932026189,348.1146064900935,-55.93723154185532,-92.63831388055037,0
7.923664040379062,57.626677975223025,55.44265483130103,9.269249074293842,0
16.092670212054728,283.43730148466227,-43.050405595498425,-95.93573090642474,0
20.047358942979844,354.2993854139574,53.86087913247485,110.8841112348385,0
10.775292807032518,7.164534146428019,-41.12397307646954,-40.69401137361458,0
7.504920197707994,251.6498690551542,-84.02622655949973,120.13099811784943,0
14.540776178325224,91.04825000026337,3.062650299608878,-42.620681526218895,1
14.562823356114095,14.5756167581896,-54.596441857164955,116.69378587196088,0
17.741598137772495,145.0402484243871,46.41233272784479,-60.0055865405129,0
19.74797285682244,336.678411661515,25.41593398178666,-21.552226337638857,0
14.70292409363753,4.235433972119167,76.2484802360252,41.57583096335671,0
24.277516573971315,211.6388490947214,50.93790430783246,-154.69645894922928,0
16.12117372267646,180.50273229431676,-57.46032812866917,161.3545422535672,0
13.267867469965502,314.4182991735771,54.02848259966334,26.49808300456915,0
6.94216320448586,30.240617227425236,25.51266806652419,2.8152052886888246,0
13.686702398419161,245.34937075919413,30.41129551691249,122.18182960316835,0
13.318065272944319,244.83949143597982,59.80731947462677,131.67458276285794,0
19.801523981407353,240.86880607042195,13.288332454009243,8.013745630445763,0
17.31241812033427,339.24041817661333,-6.119367416457678,153.81443728570943,0
9.103154391836913,296.31151044247696,24.595386364571034,-156.69440421246696,0
15.861271932055187,15.110181447662164,-36.36766278749536,-139.2387147895617,0
18.357655858645266,169.58982625362475,-57.132516404322125,34.84376280519845,0
22.640156796939163,143.26310023248004,20.98581085282435,-52.53628975430988,0
19.437519837070298,111.65299959268874,-47.907293564614015,-12.878940171888416,0
18.80423327155739,162.48122105547503,-75.61528031761078,-61.89148155702004,0
15.300429973075818,138.3099065733519,-89.90024677465429,-34.29888787982318,0
16.941560027117248,155.6402039563195,19.497492252012083,116.15268497266781,0
21.247524503530794,352.5342716191113,-24.813218973557372,33.65143194754968,0
8.336113012601752,31.907870909849073,45.41597472122208,179.04403774205937,0
13.25280336391522,332.0031131419427,-22.46824830364156,103.27651121554666,0
11.137156256218795,172.88521684956962,-2.5193793171191903,-81.48014852334241,1
16.89576559363062,224.5472083798348,-16.724704893230715,-84.83575761838937,0
21.151110878253938,298.86586798236976,27.103462399682304,-59.07662275787744,0
12.01512856639463,129.766690493732,-25.894950837305725,123.57341303318736,0
3.04847816265281,154.95188691166808,83.4781769896156,-170.1764457657964,0
12.93889627487765,147.42665290033702,78.50645758773543,-97.13473960634722,0
19.567368660087034,134.90316811287354,62.64502247831064,145.7706313239361,0
17.688149514749398,333.19055579288215,75.65404870309466,50.36271698997071,0
17.14093123905288,298.41476082948435,-9.154856077309619,-98.33504561961969,0
13.6000334906276,39.2399963506714,6.557471422108581,-101.10781143627108,0
8.604846318901068,38.92440689175457,43.576666660484,130.542516633395,0
17.576471608122336,154.03302534707683,35.306266488937396,141.75270297973674,0
10.828590949826877,35.51665562381126,70.32214720898475,-87.7928072536385,0
25.920483666902282,222.87351429760307,38.93958490620515,-28.61627109244839,0
17.85253604177258,51.72897861422421,89.6192474811229,120.45446590619417,0
12.096758487230247,188.05437502804838,-27.268956030313618,97.56267789955875,0
11.94307376305686,2.599180921338391,59.939593603095226,113.00979836379041,0
14.535278966932058,113.97468542855282,35.574268109879554,6.623348683668762,0
13.80249038989125,243.78866052215596,34.44956013870334,148.15765738986232,0
20.58416887764977,174.25401848202543,-31.349592927900197,-62.6574441764033,0
15.932080848720231,352.1770149596357,51.40832263614406,-123.5980316348935,0
11.34184130545736,314.67736658383586,72.06768402256785,75.14363972335133,0
24.45220342577891,129.26548045553443,-50.66127692629867,14.167589762482695,0
15.246541657601114,16.375154930018855,22.589430681006743,127.65087677141317,0
18.844198379844485,304.42546804140676,-19.415730761500466,-150.78267031510262,0
11.958867462776205,328.0443517132817,88.11866147307788,123.72926523770406,0
16.815578138722618,295.42586163085326,-3.8100931502973157,-74.41392484482401,0
16.555549955715975,46.061978731115346,-48.90236871655031,55.74804018054588,0
5.551753539519234,359.24944838842356,-21.265627460070146,-165.55363593182793,0
25.0763755523032,93.09031975899858,27.690910166992722,39.44926666929625,0
21.453222304612737,260.7137686110132,-76.30391315707627,78.21780810744094,0
13.014023419270062,326.89255548085976,18.648345639822768,-47.24992277797669,0
9.488651297720722,84.8473611590554,77.62045665220164,-102.45214610562951,0
16.73780806901776,326.9730796837438,63.06530177841308,13.547043577276208,0
15.433488497071982,111.41336851015211,-77.81876340156299,119.94868959683275,0
16.778344742816145,351.50876005826024,88.81017817303227,-63.522951013205706,0
15.957886980970448,101.25360733697086,35.77084626669824,-89.11105289233936,0
17.53120494652963,343.23689691282067,-60.789451623475735,-79.58328889043244,0
22.236528496959032,19.276074321362966,-87.76510394950377,161.6875750499992,0
17.84051602564323,255.3379242011327,-59.169125467412755,-50.66031032475852,0
9.751722505450294,191.56000818132134,60.87166572343294,-178.70247364021662,0
21.81281426356226,172.03574776418304,-86.10492150987052,101.4052348654631,0
23.203072817441434,80.45795313210239,-48.03348534874442,71.73892632074046,0
30.760283672560426,254.0144843195371,46.315007160277574,-133.7154247429312,0
9.38252983380201,68.69141692067056,15.49989646166432,174.5655296885685,0
16.214410065751377,199.02304655451655,50.89242786483453,38.90242270984003,0
4.589506484055061,91.1683306944903,44.30709068882183,0.2806167386165326,0
17.765745781896047,344.0236967212882,-80.89175031807515,-42.40106365575922,0
12.258998509166137,10.307229780835016,70.65205543694728,143.52219200290963,0
24.617228974124767,71.90218084004516,-49.13426982919164,-92.17314668931722,0
11.126925149907091,87.23181829948118,9.610639241357475,-77.12319592083533,0
6.554084810163692,149.0644172764139,25.97186817500019,-135.93210959283593,0
12.643681296487403,83.78288707321927,-59.64692204068283,93.28287441033362,0
5.122561143914313,176.88567249676268,85.7216262061754,34.39774094610719,0
18.75549727253655,314.087588373074,-2.131927904284381,39.26382093161939,0
4.674584768718397,256.34283170730146,-79.62431479246918,-101.3506448329931,0
15.142287905915794,208.78631299263998,78.70716806001127,54.42062008575019,0
4.610940900719016,32.04114407376467,15.528211774788254,95.56504100887102,0
13.398510977316791,249.8371590201392,35.854775636647744,-51.16012893875186,0
23.21689077902267,59.90914235193835,4.531642188160337,108.48497182621641,0
16.803239457178975,283.09225894621125,60.25283185985416,-54.43538812847246,0
10.68253197517533,90.02043306365515,-84.03597680522203,92.92984614334355,0
14.84398255530458,150.13754219552433,-41.69189425011341,-167.85716131522116,0
15.090084360222233,126.16927283445405,-5.463295847515404,18.419256530514954,0
17.363151729217027,309.17300928294844,-76.2113490635322,169.02956183035917,0
8.165708183595868,45.556005136826926,37.063200478798485,173.24805624566065,0
17.962836369236655,203.6321576585239,-19.140585469984664,-78.56907179697338,0
1.478041841986124,51.1421793995024,-40.91976175173407,-21.096327211072033,0
11.850577238180948,253.7265010075872,-89.3918075744858,-157.3279531248121,0
12.558630787742278,325.82812600601324,39.56945611499167,134.4028707376559,0
18.166634130356194,156.45875539221123,60.08567559711511,24.68597513047709,0
15.113154263384345,175.71321369539132,-18.89270357733028,-41.36375558141387,0
7.972184730718567,333.8722211337944,11.559235866005793,-139.4025989439049,0
10.075034370914924,187.55689991376858,-49.01640733267228,160.83622277888009,0
15.993400047737035,175.53543769784193,21.995576330423955,10.878857215557737,0
14.604663290677218,208.1984769735495,-87.81525750326391,-78.1459455301546,0
12.104379451821266,248.1227050906627,-2.044098522223481,-53.922553152656576,0
12.595831052440102,38.478015031331296,25.95698673132461,-82.54901486802683,0
18.480839985796447,295.5997899869458,75.27451918135212,36.65153118851303,0
12.411537135653926,156.78180988317334,-21.359552917988832,154.78688728098356,0
14.559543779854634,26.045463563094792,47.734236536585364,128.40976919756318,0
25.849682940402715,283.0257609113567,17.583665389830138,-14.2628848466481,0
7.881586815580385,135.70198980705794,76.8621803265145,117.53977042836283,0
5.740786342126707,36.13229823421942,-18.29201838130249,-27.682026740521252,0
18.917948323993034,228.1604542355702,-32.56283882286216,-89.16942932689031,0
11.606784693529482,316.847287236111,69.68555976494588,174.02944149591403,0
13.408812361286898,319.5912633890351,-81.13600774650796,-70.60047553050414,0
11.094218109344428,344.75885093123037,-65.45062927193818,-63.45927684471298,0
13.700999296162438,312.3739655160077,-75.167201774872,176.289432403148,0
22.992690560481705,0.7707309643710802,61.759792183752474,-131.78610246036425,0
19.010642293090598,136.88681990882048,-88.09066379334251,93.79223568349022,0
19.311117559434887,294.6753287659811,65.09828798946866,156.89259305378152,1
7.918864721036773,131.85108215945073,-8.771796833171972,4.246197939150709,0
9.244231317235654,216.5574622966942,-89.27544980628527,-179.0921657869848,0
0.8046067025728654,218.27410105483153,-17.703868101832466,-44.97878011928175,0
10.95309589458623,131.4091094539763,-56.375848611893595,-139.83516274146226,0
19.783515931928292,325.61061382126354,22.392087744989347,-30.172442063869532,0
17.584732578741853,181.16220433900233,32.28458218589638,104.4096341912225,0
13.89243368523938,167.32231413750029,-2.24503732710003,-22.063842401831828,0
14.888498581409735,359.1049484382825,-82.70648542085941,-24.50695631546789,0
11.55557228712297,177.660131066142,28.10318478609634,20.444211690784783,1
16.02379441200892,64.22337069428917,61.56698104899382,29.408610509164873,0
18.829391397403075,184.7049922308377,39.658369918752264,128.26667116762968,0
6.920566062947636,293.0460247871748,59.39242541195734,-68.99204187757746,0
16.49823843918674,279.6697176833813,-53.90828576084026,115.80165517248575,0
19.662174354773335,283.8894354390496,69.99982913816687,23.736149529137016,0
12.924498555183153,254.88856223924824,-32.005178883366696,-71.80936210182709,0
18.503503060602917,91.51841846400775,-87.58713343464161,-73.75462415781224,0
29.073272222362764,310.3502709024833,61.81049633923273,-49.99049384193918,0
14.47828603506554,321.6396475354554,79.52782841365081,44.169567343191176,0
16.96653525002662,69.89497078267766,28.00047553512278,-96.9077767104183,0
11.309714581693042,46.96402915850181,-48.34140651658356,151.32008220201627,0
15.906255813010253,351.2177886920803,-44.68599642914453,26.96853030404413,0
17.30135812491152,312.59662691413246,-6.013282781588489,151.20567971856244,0
15.97421170135069,321.5650129955808,71.60959432825551,-163.29443091150432,0
9.901523401455716,319.0954984647823,-63.07242189343949,-56.65990663386958,0
16.031808856627254,195.00725665214222,58.67526052502765,-171.7892421524557,0
22.310979693588184,232.70462519968788,-37.565494433072935,-81.98934656473087,0
17.243178822572638,196.330626768111,55.54551049723762,130.32233001669175,1
19.809935945359204,18.434285708518466,75.64881556827696,-166.8205022968077,0
13.814940149936861,268.38111072699814,-13.051103041022362,-22.98704403033185,0
18.74950119711855,181.9195320009169,-24.290882261004448,-137.675854629638,0
16.396339191082628,233.1752669244827,54.39983741483432,-29.937362666267617,0
10.24544635156384,180.9503297911927,5.306918828290921,121.98657033517584,1
16.592605023994373,177.05207603608415,33.20082872337548,44.30557202490689,0
10.041516682798447,61.844079411996056,22.109262653012316,85.23228431931236,0
11.83559862557604,100.33693745081362,-62.480007783936664,-54.32251843815085,0
15.94664153646187,57.18696909982408,62.0622648521211,159.98317020365093,0
16.48622136690062,70.43986642512327,-54.76047994563549,75.33435376062005,0
9.053837674614355,350.27185695130976,77.81078593274054,-28.15242505756888,0
20.26992885591438,55.120840477991436,-44.897167544013385,-26.472671918260232,0
17.860031391502364,96.93735274987475,42.09857518927355,150.72630405958714,0
11.47635782194558,212.61227678589057,-38.762029171153436,27.50568963674105,0
7.312076017754123,219.66428744519106,-32.7986264543645,74.296515565095,0
14.275477104592843,55.43068670777846,-34.19966649918505,-29.867319175258523,0
12.7702814306942,285.73827328267646,44.62060572469499,-99.47060468470292,0
15.565702285265115,282.673032448617,10.226721234490757,80.4813451179907,0
13.184416694222168,85.43437351340079,68.93144205254949,38.816557970899616,0
4.962715696274951,103.91986896316577,-34.672910543271925,0.48343695292057287,0
13.058265308494208,337.6756315654189,34.55865397021398,44.647538398006986,0
13.471904444658437,297.2417205526121,45.53074793935992,-105.01718901687589,0
18.168305123870294,251.2069319025086,-62.73321965460753,105.81793435150428,0
11.509001626944752,29.60395974381619,-17.89391568243399,161.3386098073101,0
23.393373366862832,150.57506912492727,-3.0928510169260015,140.797131900373,0
5.441797246741214,201.34867394765772,-25.97626981901262,-64.28313168947383,0
21.555837489013122,67.4680636741597,-32.019732725555144,-33.83792161845268,0
13.878405145609475,161.36156955896084,33.55558091957555,111.02482792712202,0
19.29792436171778,216.3693158959284,-51.144048421292055,34.24216709685738,0
15.399007420293666,117.85560484154372,37.69033414520318,17.249199723593716,0
20.697777680127345,281.14013482217536,78.3079553503315,153.59110831204026,0
13.063190177235944,302.56184938996995,11.735553811995203,12.968985951738276,0
9.506897874110939,116.49940899626547,20.05816261310533,5.377924651431556,0
22.102521436355318,301.9165756172846,-77.59211361766397,-164.87330714411053,0
14.432596770589292,37.28756379708541,65.60584265120909,-155.00989490755046,0
16.107792368121054,301.58247550415626,-38.61939830402421,-177.32868916296593,0
21.173759570223975,54.990155400341976,20.709209795141675,148.7679212821081,0
9.840223789527826,29.853774903501375,86.24019055406441,-32.98080239362777,0
17.977454488196287,231.03914559876404,17.190468103105403,-11.317904591971487,0
12.050526217685546,169.89745167190597,40.44770774358796,124.33930113328633,0
14.33915322177814,326.8406161486198,-9.842468719724662,39.328671735280054,0
15.361394826921444,130.74811059270573,-79.13414816728968,39.420574700609194,0
7.49889069276532,103.37481483754632,53.56788290816193,-73.24760543226752,0
11.105814785897826,180.26456621191141,-83.70020857248258,120.20701461282692,0
21.755364462065696,164.14062687671807,36.11840919981374,-120.30120862578224,0
19.43095594292398,123.99409663818777,-85.87411683306534,-160.86614681773875,0
14.686802113363825,249.7468675313983,65.2149425838007,-111.02279129332837,0
16.215617292564467,273.442260209007,-61.625513550063495,-83.6146012411567,0
13.528787471817711,307.0742288508492,2.5688691796592034,-78.36801917248557,0
21.782916929139912,350.22837769572345,17.48712680696652,61.38489550275633,0
13.99823711102918,95.99622916770161,-7.6418266727858235,-101.58314856168833,1
16.15921046067424,257.7936536963862,-28.6625719172003,63.596989618194435,0
20.730150720710327,141.9329647784683,-5.793426687425094,-147.1924176358321,0
11.113142575770468,243.7495099023989,-33.94516430139143,-127.00711400475275,0
22.79394592248447,171.35340852571932,-11.13797752544463,3.1757214567581915,0
7.347692951283116,357.7583169964554,-25.395661620354485,151.88248892759134,1
23.148210655563993,262.40476888467,11.916868231286152,129.444331972001,0
13.136622080240127,342.89686815635685,-47.17365079590297,168.75123927940913,0
13.78650626087359,300.58903781322687,87.95817988452225,54.172463500141525,0
5.549949144085286,325.0443640188136,0.15659160878980005,63.293351909793124,0
12.726026413111535,293.19091099728297,-55.050826065388264,45.00827961533714,0
9.80096734486558,165.2972869353281,-4.127985077890957,44.214812228951025,0
11.961768273132638,90.64384320487838,65.95472331446837,-127.03667577566952,0
14.313445171055601,133.315263162188,-86.0747772376088,15.746024219014313,0
19.78895807236453,7.285043750382161,32.31974143931198,-41.01554395737873,0
16.038016757003128,188.6375402872802,8.634203422907047,-20.686602320174362,0
16.538383267005567,181.82080809734714,-59.47956101337561,8.496206301325447,0
9.522403055772187,189.09016733897576,57.14575907488572,-133.77737815118942,0
10.59622955198635,350.651240989943,-23.60076797267898,-50.58441581323685,0
23.993625091756556,328.12344124374215,-37.115634813208665,-157.15815808442272,0
11.323994826183768,58.216600198838876,59.06253453424219,172.68052695206367,0
23.28104126028648,132.79770776012012,24.93450831449963,-137.32990962475458,0
13.784694005595668,152.62422460677428,71.6866350614684,-86.93109412381638,0
15.01143968071752,129.7918504265932,23.37906666081589,140.865453613223,0
20.351825801149648,287.4585468974087,43.347178427780754,-6.224383353908944,0
21.359462109693283,188.6535611523313,60.56026132673031,-131.17060745257308,0
14.445937198604563,205.955934109785,-80.14686553621135,-41.67700630583439,0
13.058784732392308,307.0848812356532,49.688812596488454,-138.2875220911011,0
14.720397757388934,290.1341352295291,20.46716673292382,-107.92224104957936,0
16.689787641160592,47.596148215307885,-77.48859662726522,-161.2692550980558,0
19.456518434348776,257.00925027010834,1.5440259363687159,-22.238101962324027,0
15.021149294970758,156.7570064047328,-75.1575459628883,110.38900382109352,0
18.094431490115767,106.07360510250017,42.470496310180025,30.94890433196238,0
23.191798661354703,18.006775524787084,8.370308501618949,38.28430997446023,0
16.906548061323925,175.40984172436234,81.64323673421352,-107.78974917003349,0
16.55826428002389,127.9572050608313,-57.03563311708143,-56.19821642914806,0
7.405445874549661,90.5446942835043,19.086021453668117,124.28715738269952,0
1.8463493158546829,250.08182265490473,-51.91521577731156,-148.37177364245477,0
16.94187864615084,277.01473943361134,20.531697250931703,128.85503532067213,0
14.525878843595638,88.12422685059293,40.076946424954166,-5.871590544677172,0
12.42608662542629,17.80107720456501,40.01477927931695,121.37307527704222,0
16.217651020931722,305.5509722034846,56.71331832286978,-65.51768901801589,0
14.69798135401546,3.5855068335491946,63.639041032497005,-58.016537430112514,0
20.638901253169493,337.36049781172994,-76.09108927190813,90.5777525963314,0
15.43055434129489,225.94315463377413,-28.211911726967266,102.59862242119925,0
11.265383574649162,115.8647886724753,33.68205366476503,-97.32791592354717,0
19.950831194796447,88.73204744762504,-0.2544682695818157,170.233676935886,0
13.914344625268988,3.2420391352110878,-55.67832958413753,-149.58356247186157,0
17.632683418361534,84.76971012391577,9.487722630005635,-155.33893328323288,0
12.612946469035998,49.5821885461708,-16.661582502094117,34.38151750299699,0
11.750865572512819,220.37983946033242,-19.793110022225083,80.18667639778371,0
15.420841150928482,59.95641189376847,55.755669138419485,165.9190065209906,0
15.064143217718426,190.30674151318294,-16.632299910207376,-34.21951891240984,0
17.399135176834164,212.44191204400948,-85.23818901352365,-170.89509276373207,0
13.656771233451288,107.29501140488922,-79.54859899960357,37.04268220070651,0
5.818201081148013,12.623381646738734,64.12392750449165,-75.70943258444213,0
12.836130582058056,13.411397021110595,82.90814580225383,-24.139036369655194,0
18.96909233571908,9.485039589810338,33.91368056202736,-4.15098639002331,0
13.513119603784467,266.08488016915663,-24.413707061985562,-156.77546013430782,1
13.76808298742726,114.48349373314733,78.94805684305095,-5.046557556922995,0
19.931882529529684,286.6680669483589,29.304555547632447,-26.524919950446684,0
11.440133863705386,155.4238165834257,61.98003885588078,76.51593550317355,0
7.285983908785502,163.07931629878698,47.853414726661676,52.439728036444066,0
14.196844402372529,184.63773690344655,-21.754923160933366,-113.32234146579803,0
12.579130243756316,256.6913242950374,-3.8336038468586064,-105.78998944425709,0
10.16876840123373,98.46103169869454,-56.49621221374209,-89.63777564122563,0
14.123107720506546,43.77144583206969,-37.43746192066787,-115.57784149301617,0
17.45752823623392,200.18064066892615,50.06261903157391,56.59675188064817,0
14.953557192160922,117.71194436738614,70.91611053895949,177.9948645120974,0
16.53490536343119,159.29687292049346,40.40287618525412,54.75900258573717,0
24.067038492577115,232.90081500142995,-6.268734601805102,38.40535662886484,0
13.28560569221218,177.88526681085742,-74.42833159084545,-32.42594399361391,0
16.391743173223347,223.30037415630343,-79.74936923427933,-67.47110681048615,1
12.453933187004328,195.912000760906,-22.62139836968631,147.9865524863325,0
10.768201400565136,266.3266938969957,-6.512090621820644,168.84067469117508,0
12.075461732911151,254.1371823761832,19.64171199839344,-1.160576788417993,0
12.606207142391556,192.3083610511029,-88.83188615034051,-75.52782161763932,0
16.797378987735627,244.40508750949448,88.15012028393514,97.24399476111637,0
26.745378933503787,314.4814568181406,-24.49100098727228,-132.31555528792376,0
11.4197828186208,155.61766360374068,62.65703948420185,95.61176555172536,0
12.916873471922688,148.59470618956573,6.294007019772789,114.82141475208194,0
14.68438493444376,275.12842350685685,-66.52089818399763,-135.03457993421975,0
16.978994243548733,209.71938133511784,53.56179945621394,171.67012876676296,0
16.317754059773925,25.562440880131877,37.76887348557769,174.78442453985224,0
21.420478969740586,321.1603256487893,4.9384952872610395,157.21901255784644,0
2.8680396473239567,11.08191680555045,2.619556440080404,-1.4274686137448445,0
3.0653506490216365,269.4226882355075,-74.25367096483295,-91.41330878034177,0
12.520609139949254,273.16589137355265,28.05281074329734,29.523341117488663,0
20.486500937718542,343.11999070149494,74.02412803577396,-28.823818150283138,0
7.171759841972019,19.488387024835472,-73.2159145401555,-105.85848790180904,0
0.0,214.86846988241675,-42.567938883197115,-27.47649253757487,0
17.855897031096042,154.02260542573907,72.41543521957779,59.00034084393259,0
16.21828611851357,119.02786374943513,-38.818096232437206,-154.47120811704323,0
9.54895796600285,32.51468170766629,27.709860992386737,-59.969519479434055,0
10.07230199639535,202.5554830816713,6.267269689765948,-173.59383959538292,0
10.151281401826628,172.4546612428609,17.33896890069517,89.81838196620323,0
15.552676587369701,37.639604934368734,-15.157997716094439,50.648856342012294,0
11.868423619084965,220.49622255495,-36.001535300332,-157.4380315072923,0
17.470319594877598,265.66312329105784,-81.26397886865959,167.30552145670842,0
0.7268666854780448,276.22018837931336,43.97056907294955,-171.85623943424375,0
10.715740674361003,325.93434777447385,44.29682319496082,32.38583273139189,0
9.369730195444747,147.4094670799598,30.730633214170176,99.49228624766009,0
13.718296608137539,343.1061967039693,25.854081861531704,103.64267269610026,0
12.309761207549307,311.554585829767,-46.13091620984528,-167.65735118644665,0
18.989218899478832,106.74056556861805,-85.97791192206758,146.30944775055815,0
5.7033161416997125,57.341893445805056,55.56877143937915,150.64260189376398,0
15.22745738165376,156.74018260608483,-1.595063574751161,22.100534335574164,0
17.791682116058528,144.683534864148,-34.7691364735287,-6.450048400627395,0
24.283237182809774,207.25894991923354,-71.65225677949739,-163.84771329746405,0
12.591170144532624,210.01904363798928,-78.71011363775008,22.30349130355271,0
16.622293021762584,269.9953143767911,-27.203990076868084,-32.62353056271693,0
5.980686037188176,183.56038135401965,54.85267165804929,98.21030666711621,0
3.040218978434881,37.7361507386756,75.37027488008948,-34.60191592100838,0
19.2238718789085,308.9848807991182,71.41524563035165,66.08909999689551,0
14.972198531759647,111.51524994666734,75.60015025493787,-143.49306735448891,0
20.892563448992114,349.66708571037316,73.3905617632817,-132.1371825242519,0
8.132985555151254,42.429639124717255,4.90045528807125,-129.704331366303,0
17.599510697643762,344.9704220037012,-50.50518505975731,-163.61082007209234,0
24.344089202719267,32.76425047770611,53.64838491062767,14.878389337129363,0
17.09852804178633,83.1730096609414,-51.53166452653578,105.82838137570894,0
16.382907527955243,16.768779151154973,-41.90269018381757,39.74803332971979,0
15.04278040412175,253.84073279003817,-48.014222071941276,26.983758799028244,0
7.145592714370439,306.10754516584507,2.6968326652450503,65.02461422498511,0
21.77786467855174,156.26558945375294,-32.071048529565616,-57.72768369407468,0
11.94571180097467,334.2679470152747,-62.251911067438535,-49.696534206637594,0
17.522416281915085,212.50766583201585,-8.428785859101172,-66.86276464046787,0
7.184828467143732,226.80256876074836,67.30330298133005,76.3592158272872,0
9.102701677461098,304.35091261227717,12.699513890994998,-121.80947915852126,0
22.175436996111177,106.848073818662,68.10040905976567,-175.31089908734722,0
13.263488555210785,127.53565967794529,-54.74300668575527,34.63072082009726,0
22.266377380212724,326.14269091007196,-59.94470273894028,159.25729130431395,0
14.60884670470741,324.346858573955,13.603882625715642,39.38685011866969,0
5.790511135210713,351.5337994323135,-6.600797721670853,101.85179505872225,0
19.460337998658602,324.6617939190016,28.83107549645224,62.20465540777085,0
12.050538411221961,45.85393297200992,53.03282238482068,-0.9228047317141508,0
18.493444067585216,296.54074300931546,45.23531321739176,78.62126464218456,1
15.12605433770041,147.54185211945386,79.607011258541,116.67748458787985,0
7.28440886028565,356.68848814053763,-18.313846351737922,-99.09660809818872,0
15.821473826852845,170.0211471583684,-52.85038639532746,-58.99302702606761,0
25.981115710763994,199.38098970079943,9.164275190619435,-99.45873629881781,0
17.464932292572296,190.71896949244748,-70.0662383655866,-17.217735987441234,0
14.712411234972684,115.82533074898001,-38.006797800306344,138.62323833000033,0
20.37671700978449,27.00795200145054,-52.580150052633996,-55.725443699280355,0
16.053342326015553,322.43444294469066,-18.618530976525435,-45.19191991300079,0
16.04767115131397,288.96329250946326,-69.98101649960122,129.73220448189545,0
9.541874139204488,50.229641001480935,-84.2684859813424,5.534759068083073,0
16.16924012894799,279.6365776860262,28.222920833405723,12.76163987307639,0
20.177217082084724,225.3047997782196,19.844816092164873,129.88843319959665,0
10.819689239499876,147.29176365034402,37.504608486959015,-3.410374670829639,0
22.122479106234742,91.44761367440258,28.869559248841913,65.3607124665823,0
14.54146987927437,309.5023620608037,-69.42695739437097,-149.16792028533814,0
10.561152442307296,252.06777334585908,-37.605801352383665,-115.6925832743213,0
19.988160384601223,197.18636740888928,-66.68521021793657,-34.42456774215159,0
13.566028821308654,219.44467220344708,61.73503236874137,-1.8579355848450518,0
18.79757443743054,32.78382554958515,44.44265796399419,167.6641324450426,0
13.541206838707314,170.61111392802908,-53.725139474716364,169.4345878972044,0
14.700869282350482,69.73210540285272,-28.564336711819184,126.4309514923542,0
17.46780102167146,75.01812444317713,83.99069860755856,-66.38441929719318,0
16.45448528795003,238.069426423272,16.948684418337262,167.05018469967828,0
5.022341097741307,328.05221466034374,54.208007514208305,68.16271128343654,0
9.39378129952804,145.35237977220476,-42.37361374162875,-38.54155398573586,0
19.64704992395408,74.78973828438853,-52.19047436772506,72.60297011451588,0
14.339317055492264,233.54889740519553,51.10504719237871,-174.05181727685044,0
12.38134348614289,313.6273366861144,33.45704194165923,-127.38431438128312,0
8.207129923712628,269.3947684040967,32.57602725811746,118.68685616029238,0
9.601318393620758,312.75260299317137,9.474224729254901,52.406509274341616,0
4.891006800190263,193.15968156388777,11.444101699778791,-48.88990753492175,0
14.493596406492335,270.6754479729087,42.42555095512568,0.23999048017876223,0
12.007812097094765,50.42324136921713,-41.39955339818485,145.85117387247612,0
10.167060545073424,125.37886153074894,-26.501676145747965,47.36811941247116,0
14.659382874160235,140.23769921334807,66.89461869360991,-36.666257783641115,0
16.81985315426369,184.06646864857245,-34.404263817811604,-136.6824033368874,0
25.465989661049726,334.4674896924565,8.335722848273825,-74.25115141479804,0
7.440582902183932,314.74676167998274,36.47510352120314,172.20248380677,0
20.79690521650261,48.42917722410643,89.98646882997177,-22.549297373360098,0
19.86550780507536,62.204274677686755,-11.64756033084025,-10.13779301585009,0
11.104536303116497,128.75059785200807,-12.943282207510121,-0.5047083370744598,0
16.016179772930155,104.66779172064261,61.665908298060145,138.277448261356,0
12.711833753311923,221.31754313625441,54.99056002677539,37.41418237871156,0
15.928442902093694,324.99937719523615,41.59365871221873,69.72373312269197,0
22.545655067022754,346.42495500213124,-6.6186652663748,-39.811124682322564,0
18.028031163156566,235.29706291268153,-31.690958371071154,-169.52845730796923,0
17.54304186616721,301.7373125043912,19.571486865272753,155.15024912742396,0
12.848453400226788,189.07279208308697,67.72019276369537,161.68596512990632,0
7.579716675378324,74.9977008696143,69.07994247754559,161.6950992052984,0
13.957658947297961,188.88782835365186,-70.47029788732108,159.72735119281793,0
21.033040774319577,199.82973651755438,-12.896948913632881,113.48709878504198,0
7.364160717051762,267.28472311688034,-6.3500478842250985,66.45457804187767,0
9.724553159116525,79.15787629464567,85.97076615427558,124.02357057622282,0
15.631338681170341,132.59173755122342,32.03964274366521,36.19664604037303,0
10.076726075763688,131.04988891724386,-16.6956448928273,-131.6269389988715,0
11.037382764423937,345.39825446681937,-85.30958052259327,-39.16146058508843,1
12.882007091359116,159.8201857176188,11.769328817855268,169.6661683102575,0
8.171912979049253,271.83382822733273,-72.7063243850959,-53.59038710556372,0
10.129390768918158,270.29209729479805,60.20099232259735,132.418048943293,0
18.517139583936544,95.5959065291669,45.45335890266518,-146.44387052104696,0
8.46315108884518,205.87308817382356,-7.108351216527824,-59.69381674483094,0
7.010639327525812,321.9490415947133,-12.742059682494048,-53.65680309814334,0
11.849875102330529,171.0711790045018,71.52101380237836,-161.42308448076713,0
18.65977751254923,340.2423026433166,-38.07749692473689,-137.12604113276822,0
14.015390960015552,77.20496255669818,-45.17640682078125,-110.46052399616245,0
12.677094609421907,26.697278078651063,79.05553790863718,121.61361269164065,0
15.221793987578035,320.92339433210975,55.66425061562687,-157.1752836216697,0
6.27146283570174,305.165231266398,57.712606752095034,-72.4676755160206,0
17.473528268875164,357.3323553361841,-54.86511343033341,-176.3369990678637,0
16.91717515701822,244.58165572047338,-64.20672154243181,70.42598834508891,0
12.953457629521393,337.20765360017384,-85.31468103291571,43.30911241561673,0
20.029622558982084,297.7016490302799,-47.33252839463759,52.193614339131045,0
9.362519505234806,303.9934799232313,49.354288508578456,-45.22219750273726,0
20.639544966267845,204.89096536353657,-46.79308462245304,-105.02358434367514,0
15.772468327976256,137.6512552500159,41.23859104707771,79.315276782972,0
13.317237050609133,336.44090611558147,-44.65651223386413,112.00243418665025,0
14.900631823158442,155.562183221722,-18.8473503688791,-130.10346068464736,1
14.463676170945291,193.97497220988086,86.96921218405352,-4.741405942528316,0
21.101414482088586,160.6011505650676,-45.9338883688556,-90.4623544876095,0
9.616604362644932,203.33459302567096,-22.253287086311822,-119.48152996579186,0
11.187403804267008,169.3818284372378,-35.804307516261545,84.35711285819967,0
20.181514460362397,17.268321088611316,-70.26750246059959,13.714896770221316,0
12.022325324080704,317.5373469627715,-1.819054416451511,-102.17328034367961,0
19.50266538665796,159.98177480967712,-21.83568060005959,-68.39999596384376,0
23.49717991504355,212.01971346264554,35.079675445310414,167.99532167798725,1
12.991024865291832,50.107608992875335,57.16701845127832,125.5246432950804,0
18.406811632876526,1.219625273750089,7.964948609214934,136.7808274343262,0
9.231538593300709,88.30443371171147,-84.20464402427936,-14.395645050945118,0
18.773666490339046,253.6509715680061,21.406024122249885,44.57061501151502,0
15.997119929933836,35.71003084063629,-80.02966859623095,-44.36361352641182,0
17.365191410801074,327.19947853912845,20.944138247824487,-152.0236887519994,0
11.772139639823024,77.40812496822645,33.30539086845393,-35.61504816355829,0
6.6945829221641375,73.65370114503929,-54.40182702884668,33.833071154572096,0
17.516260323747524,65.34286618373838,57.482306769918786,-76.62806252347269,0
4.682984237602728,5.0334166696913085,73.99532368332875,125.26220690186967,0
13.413247538787326,277.8499686521645,56.35565354048754,-125.60394269714449,0
19.70590933209985,315.01243124829307,-35.080345761825214,-47.83352780270883,0
15.95948867936518,221.0985729418316,15.595742240214198,-135.03459408328695,0
24.741713223949063,67.75199340475042,74.666726854421,-34.260431765318884,0
20.125545762908867,102.70007889871671,-32.28034927988701,-165.72193020926264,1
11.730508058372118,171.33361105138678,57.605008007776505,-81.88221777780764,0
15.136566899257193,343.5645425843883,-88.29447637289462,-35.735308159073874,0
14.76314648727782,89.0464938543874,-89.34359349875827,-7.860469220391035,0
7.089116183269364,263.3925254111597,46.748098861014135,15.730689051051069,0
10.298005417578233,158.20136038545132,47.06056478288181,-81.00319327562919,0
12.196195465100699,107.22504540960784,52.01589381341287,8.294880461354044,0
4.818897485720317,164.12973732796095,77.40483081986922,3.24166376234154,0
15.237467341258215,25.634418314843714,-68.77686387234884,-66.17590168456496,0
13.754640776734796,287.5274535349305,-48.24270270293609,118.87211903633217,0
6.635530493442129,87.58869407386817,72.67048566728536,16.430805573683443,0
17.02106432638666,261.1483643494694,-58.09748440097638,-60.38290125124381,0
18.579363723454797,24.6054137213501,32.80126816378512,161.04186434907953,0
16.135172394324446,343.83548021964697,5.483340007346767,124.24046870561797,1
13.379659123955149,69.4853947460515,-75.0251381667287,173.73161215864832,0
17.957210758759274,317.78714743454896,-38.65254085052408,69.20419487235147,0
18.401101802383454,291.4103554615564,3.666998959374217,-43.839754017823125,0
16.537017848598442,348.4295726693097,63.423021003090135,-78.89015999555556,0
10.876938747826195,172.04063794046985,37.356928130641265,58.79442372281316,0
16.383003827555903,261.8630257845426,21.93896906188795,173.09396969830934,0
20.977403254127395,133.45583653360225,-0.7140798105453339,45.61742883738557,0
12.016854706941348,66.37256568708978,-36.23688291345582,137.38137875634175,0
25.489696695662158,159.50733585604158,-68.53591596253298,-61.522764822803296,0
12.371845330073079,59.669645539843756,-16.366313778102803,-33.49663830926798,0
15.162035066700682,353.5360642030982,-84.86667109596733,146.25908625216718,0
11.637572019968319,34.648736810657894,-52.00993993196689,92.47201270481477,0
16.116354179601306,212.11622044294336,-12.15299234292123,173.30771533244607,0
6.288891536823624,225.52698789146012,-14.651066579055287,98.91511550360708,0
12.269791005916394,193.70863543465953,-82.02682242054136,-18.534345401436568,0
9.539393998257164,238.38691885626008,16.03082763455243,11.184487136050706,0
15.676691739461454,41.82507900428074,8.94316605358252,144.1855772867292,0
19.972236877544535,199.8066687139048,-75.94122527623568,18.592824995297256,0
18.230030935572756,103.39652560585016,79.76934944287908,-88.05694530079973,0
3.1417031957055386,338.4633827883804,-72.11109978884518,-23.176867402818203,0
25.2103482646394,274.34579523830126,63.8701472227205,5.873755985682441,0
16.47639970310434,350.10521357750736,-89.94424825529893,-145.18085992159337,0
11.117504297534998,13.520185106468237,68.81059710816896,87.75456273104048,0
15.785639594954702,102.64794306505513,-86.45044820322374,-140.6325839922097,0
15.880949112513461,70.35213118980563,46.406165740580875,-34.22962318722996,0
11.665756415242182,4.01565143225898,-24.895653965954473,109.66407895454563,0
15.989583336710378,87.23726288867572,42.87902402453757,-11.674669819213115,0
11.962638561898464,244.3593540673544,-17.68586302350387,123.12558709866286,0
12.978190036549886,83.19201196844467,-77.23657398026849,-56.922724059798604,0
11.568604321224578,183.24124037374256,48.151205171165536,164.74906583943675,0
7.836643551301736,319.6145213873995,-77.1745166421543,-104.5913645501152,1
15.72918235107692,249.75285132566708,75.98167847301923,-166.22490780385152,0
17.92649718258169,142.0664651661715,-80.82467355750096,134.07355547655067,0
17.57441798038186,134.088818008359,-3.721450001127218,90.79297774214696,0
19.09962626317617,164.0648930430545,40.14619755314322,-96.48581865574579,0
16.62170105007434,63.73491878156629,-19.21563633743321,174.5069785692026,0
12.336372508915483,228.24027626975573,-50.89797457336176,0.8208465366700191,0
19.198319322155943,131.09501487765797,46.63637305128487,162.38355845189886,0
8.212412300790325,306.8515257343357,51.173046861970754,1.8103576993197512,0
10.496643087437599,272.35895762081384,76.0850971117861,-10.125148762335234,0
10.178999642883776,219.78473907317763,-22.290280122406013,-18.31012662799258,0
20.40028029569655,131.1128001538258,1.125312209518834,-59.44490059213793,0
19.71394257070038,75.57545940245438,-24.636880287707033,12.132538983558607,0
17.436526185224974,279.41467107802424,-43.725272066753725,-17.08032169851557,0
20.359649326058985,175.10727563679114,45.185933076769544,-166.77112441552052,0
10.603586087940059,80.91001374384871,-28.862667896948018,-86.2433159675391,0
16.742975599304902,70.26286141440224,-12.93310044137663,-103.27579196199898,0
14.37412785808418,59.544325620489246,-17.338741627674988,132.27681683558396,0
19.23441051942457,279.7780306340142,38.27902061641425,35.59319180166292,0
14.423878837239013,82.43538670811222,75.20321269992236,94.92591616190187,0
13.075285557949595,189.5912148690711,30.016091035327914,164.457373589741,0
17.70454259280495,162.55668995030032,-5.115132703038134,51.85413810950761,0
19.380845835956166,208.6599237221822,50.256920652999014,173.73959690570797,0
11.658274025765992,315.77576413362993,25.374838341984756,-67.76494140523334,0
14.69462164323812,312.389060429423,-79.09013571879358,-112.94381436735821,0
9.707796831791736,162.38738585694946,-72.7805544446085,-34.808440322551874,1
2.509694912535303,5.531850264500391,-83.174950066746,-10.512210623109116,0
16.002298157068644,153.51977005714915,-7.773061282862428,142.33015542693062,0
18.04452678127316,218.22967347269054,58.65361818101368,21.578558053203484,0
16.310334045433628,200.79531327530225,-33.64502951675663,-74.81484020951387,0
5.252191411228164,234.480998088074,-20.8511670433533,87.34834183230751,0
13.245752849617627,55.467263690310055,73.70587950622031,2.099497370065535,0
3.9082611997445937,232.75263556106373,60.64262015699787,-121.63249970093874,0
21.848505538270924,65.75458274775801,29.7086602288608,27.655123532850787,0
9.569727089409568,270.18863305082965,-41.97531922339476,148.10203325062218,0
21.27701804729948,122.0715407745648,-68.93253311608017,123.34414229129524,0
19.72934821842073,255.56235601732328,-87.10941191757954,31.25159014871919,0
10.49704823731969,17.231615606198552,-70.73807893120424,-44.25005740140427,0
9.336075243661274,146.82960921272883,-37.3326401476903,-148.687649616884,0
16.751851081931694,253.8124280147998,9.322211444309222,-10.926387600615438,0
10.778379814084643,81.67338587933789,-78.47998510457036,90.74859751064851,0
15.512423210791038,286.30333612700014,-65.47899990267918,-50.30146089611619,0
12.585862045965408,227.0807039177755,-57.405473584570615,-95.23914280140082,0
6.0942079276718335,211.5222379739274,23.756776736995118,155.29669893754323,0
3.847659904377705,127.27758751356137,20.842163816422396,115.76005216487727,0
16.133421242472984,173.68252933720234,9.137830746987527,49.77922299125208,0
12.192211268346874,215.04574835202712,-44.909743554730866,-130.75799618861302,0
12.234550915429338,170.08636100936056,-23.198455580628238,-127.83281745377771,0
18.47931919546893,251.39279661860164,-72.59585105920625,-142.84094707591956,0
20.867211383162225,156.13089591850544,-49.237091323550125,41.86680008138755,0
13.637276393190954,72.81834542713092,71.58694076506448,-138.39739326959904,0
13.297006465450693,77.016161808377,86.34451435844912,123.34579159054789,0
17.50071516556942,2.0893567834587934,26.578725415253043,177.46740065495595,0
8.215322151502123,108.34477760112209,75.02819256421563,-48.11465350488051,0
16.115765273738486,269.61035057226707,25.693542072256516,-16.67885509184492,0
17.75942985911077,285.89857518153946,-84.02463250101542,76.20018371484434,0
18.401151042088145,72.88831515447,89.41726529755363,157.37508227727568,0
5.316236487487675,345.2558388737068,-72.18858569642371,141.87375848029862,0
11.193223650955296,180.8650056528456,32.87552426011093,-159.26694165005452,0
10.608683735882668,330.11234964666096,-44.48948344653779,-119.13415107956459,0
15.499434772046065,254.4355014701872,-19.443399676747177,91.65499148080522,0
17.40372289883992,260.0760322880687,26.26815326416888,68.00151889168103,0
22.483552037229906,30.615703670185606,-11.432277124612732,-132.04130614555564,0
12.525172598159633,79.19680568289505,-44.90170939239692,0.7432495205643619,0
12.512137508453929,3.1733399860101486,-29.79968636190155,101.09326719070641,0
20.748360094393735,257.8059505716255,-28.521338953828263,-101.23895438543029,0
16.482884692651524,123.9977838342636,82.67830281147846,133.66354886447985,0
21.33825755593987,283.19490578748486,53.75034286622118,-160.93016106466754,0
16.44364001504918,122.01703917732945,-7.461221133707983,101.5902306245066,0
9.214416906433646,294.96015082759,-54.03223433855446,41.694803924353295,0
8.334358226110968,47.05137134939268,55.98289984727808,-66.52823520443431,0
7.242438754705354,62.41433643270295,-61.70715511049277,79.53571740308809,0
18.310259173792367,122.71555425021714,-52.11680091443939,101.65168625441748,0
20.942984115435042,147.05545999761839,-24.117589468772795,156.20362966942892,0
24.246810706931903,125.53301190347221,68.46267525335821,-47.601118024465094,0
19.215526661616202,274.91293170835917,-66.27839964586015,66.96602495278378,0
20.814192887674928,34.902501345617296,-67.99784528618531,36.94185969648872,0
12.099918336731577,126.4381270698557,-1.084502105052123,9.07418500455185,0
9.217920916280717,301.40639982556536,-40.24610260313855,140.54993069581363,0
19.250396662087766,24.046947814381916,12.371029496668777,-178.8597669101759,0
17.088403761197004,339.24366276168865,-8.705396757019772,-78.43982180270484,0
15.537221871704462,355.0740632179246,-11.707360856780973,13.779806236138832,0
16.93685740316495,31.88454257702883,-69.84486531234121,-115.81442581084116,0
16.61592741229103,104.8581080120653,-64.61105575502877,146.831952143793,1
21.419084299267805,134.06423977272823,57.79414394043302,53.13424234068553,0
21.474927924084778,279.5008927149814,69.45889276291399,-7.962121932483632,0
17.721101761701735,214.53365236202418,-47.75696408065496,113.29263326399564,0
19.22901436281464,231.97165217732424,-69.57710972554158,-17.680971072562638,0
17.57031276212388,272.70353621466217,-80.38499905178809,21.115084294803417,0
12.694151339826906,42.47243979732926,19.493570473541432,-179.00964160058845,0
18.7828233745657,299.95540448769447,38.763578250037,-48.34780912977352,0
8.027524655703692,254.02312950485185,-22.894201943423006,-130.0354299536509,0
20.269457761479416,207.8430210706933,32.341656148315124,68.28792503842477,0
9.027385301169824,320.3047205219004,38.3325868007147,-7.550294768735841,0
16.429016433973665,252.11028739817056,78.36161065144296,-71.36727938991692,0
10.774230207869206,72.61198654716915,-78.3227451896807,-11.580357826172737,0
17.766944915372132,154.70833718724003,-55.38748981840564,-104.53324033751538,0
14.830373870360456,177.85543209686398,-77.66532223254214,153.0311876950106,0
7.026220209183336,19.878345630146033,66.23890800049989,-160.56985228167133,0
17.103498155092396,343.6695048096201,52.66568880604234,131.55013270660334,0
12.110396115836448,46.28781388687625,13.435572711931025,4.08916394400634,0
19.405733604066846,251.08605620162166,-74.94058619078703,42.82073860997421,0
15.006628443672037,182.24317299271686,-40.80377544233047,-71.06197647286663,0
16.977104926940193,9.227609958392131,-36.41042734946696,168.01114204595567,0
10.212155224923938,332.9090913111702,10.93377528277508,-78.53365493298367,0
12.053338842863191,306.66125117481596,-43.55209907339122,31.99607897050955,0
12.706806819494577,188.73285404538078,-76.86722449566813,177.63001383856638,0
19.28351240121278,82.4192410102003,41.53721433359389,137.1939826980405,0
23.386885439027445,43.78424064483393,-36.16556190202596,13.078737102998183,0
10.974141241285619,130.82129259556558,-8.572648135805887,176.53482826819635,0
20.3842407232884,91.95418117659258,-67.02000570318503,72.49315022374127,0
4.1516129113714895,182.40883236226753,54.45869461102433,-104.86785018894864,0
9.029052994538553,347.90734660443445,11.795737846330368,-33.98536424310969,0
10.206107719066127,206.9832575626709,72.2854127177753,-59.582399755841635,0
8.23745655279639,320.37518012043523,-0.8151186482399964,-56.1550650223719,0
7.0820580510621,234.3163814984798,79.45662092721835,93.76431816955187,0
17.064994560688987,171.08874957139216,70.53627678863867,30.334653818205698,0
13.929661511360694,307.6587225840137,13.762774162662106,-166.28662382776972,0
16.897026988025548,169.6925196622791,78.1008188669754,135.88145411435138,0
18.452363430607566,312.70614138372997,-31.84402548698059,-73.15338942714075,0
16.32808496586267,104.9676370472755,-24.184410713241956,178.94695568873172,0
18.28881588075187,46.37270655467572,-81.81396876491335,163.50866292052288,0
14.652338568788654,307.9132071706578,16.056163217493552,158.59105800550748,0
9.065033058471275,211.46945896536005,39.94631458720801,112.00593746303052,0
20.28907090410398,320.07326336962564,49.233454243578564,-100.57920059392467,0
12.054439336094365,337.61779451725795,-63.0330685117014,11.74778785036153,1
10.32201850618787,19.306220533721703,-10.051366983749947,-99.25105434300914,0
14.110410620978008,180.3489486691926,-58.16462182309518,-86.51683598797828,0
10.435945403517435,134.98723766683054,29.182922793764792,39.94263699705986,0
12.912848090052838,225.30902294524216,-61.56965296408174,-165.2999236728972,0
16.720269607817333,285.6928309928365,72.7494631120935,169.00508405545474,0
16.741708696230635,101.01247775077282,-48.4857637809456,150.7223421280672,0
10.510849667871852,200.4474183743418,-37.54759206811593,-42.92367402322086,0
12.561473135256277,255.14228876576385,63.163137987179944,5.552081282488701,0
20.371665023851218,48.395189820864246,-7.475830173769717,-12.197009063606753,0
17.482000588669706,293.06408614245606,-85.68072975598686,137.5919203022891,0
25.375325196742708,218.1994559470703,-0.9744747835237622,67.89667547379997,0
20.90064086870764,341.8334773609146,-74.78219963157785,-79.87995092723168,0
20.721465342799696,122.23041088704957,87.36204936371593,-19.137148392493124,0
8.06065724772099,38.93253924139152,15.860082682008425,-25.57224875276505,0
18.819301758167114,182.3404323732931,-43.82412883002388,165.3606605822107,0
14.734465991515446,30.891877815397986,11.469182318571196,-116.88807221472973,0
12.245090982308753,349.02954839664244,-76.16392139128413,-147.75251857400553,0
15.840076702662643,13.926584972588953,53.98043476838707,137.02277957820849,0
19.726057673057415,271.2614043986309,76.55904969554948,142.8069562221135,0
17.504157955021057,189.03686333120785,67.39998987710872,133.8260716483793,0
10.607630993289701,132.70343489938392,-28.4836315862587,3.9516896252002898,1
18.712294567963102,23.703179223115676,-31.36173846419367,57.50799417700576,0
11.812062289620181,223.98009270249878,-83.684229981066,22.810697121954195,0
16.08341559482143,210.67931858074388,27.25206456616501,-154.99878262041568,1
13.483249662614329,101.1179783043359,6.282861154163086,34.50056288426008,0
13.905668741321872,327.67981250771237,-7.317653161078557,-175.09890698780367,0
18.831214875202548,109.47960264342127,73.37357160024726,-63.00453255944898,0
9.79903140092051,161.90114781315822,-59.78179780508766,155.62532731434013,0
24.725975371384664,195.75448413071604,-88.26007199576718,-70.54370293110927,0
5.894569653527518,36.083476143462995,-76.80303861826222,158.33759135192923,0
12.011661583725715,335.57821891690764,-49.793141191073595,-89.95177542627206,0
16.851059449708703,134.8330148823748,-84.00860113257775,-66.75759343384831,0
17.92157083217655,29.080516994763702,0.511867915764388,46.22669871787927,0
14.49762139714147,139.4248225231188,-33.46371805795595,94.18571020414613,0
14.713046484992285,216.07291695332904,-57.51305854773612,0.49959648175825766,0
17.052750426638084,184.91496185567865,45.01513349075918,137.56164738989597,0
13.844652612711599,250.03511065341866,-53.198761278144595,-165.51344822017708,0
21.96590628967453,19.974219144447826,33.768918178882785,151.9901419083734,0
19.19674557115801,102.4346196979402,-27.132316947424997,-109.32919203765312,0
19.364121755028172,294.9230076624368,2.1289969192598157,138.32594823047614,0
10.169216383147914,28.76172760488991,78.09606717323757,-35.68925538490302,0
14.603057877971485,307.9749436905447,-83.27670573315369,119.79254011357355,1
13.497670256396482,33.08259314775825,0.047611345943137096,61.79959792933023,0
9.971993121552671,300.40351736101064,63.796132858971276,-116.66101230782564,0
16.800820919728835,129.8838243883416,15.83536470666273,150.49712515732142,0
12.311771211100918,220.39526277259768,-40.1633069462718,-91.61373942415452,0
18.277019149251185,55.03936163327934,-18.417395673893818,-92.10955726980033,0
9.64904218552834,23.820739821065104,32.447813171143416,113.10440278945698,0
23.595203064209105,77.73775344724864,70.34614097648455,-141.88562799389243,0
10.51833670703969,46.0273744471304,-82.60805272560991,-100.06707370663428,0
16.09651168600218,112.46612316466744,-77.12301205973225,1.3239264315824428,0
18.959296551940337,185.17796874396726,-31.49072575027424,118.97173032718476,0
12.146797848999435,211.95340688340343,-48.099656801253786,-126.9057690945837,0
19.26234321716475,284.35251865670745,-42.31244047996692,17.16056442444469,0
8.854082010997919,236.24636156940912,-50.17140024734143,76.04661304905822,0
22.260588495912803,219.15299704663906,-54.75149120607161,129.81428089774246,0
15.070746324828791,148.24152989487888,-66.48768596352748,156.80360167279906,0
12.017942960155601,170.57103658564992,78.11174372314284,102.47036920881568,0
13.504091137862828,149.22749858046518,-64.04589649689245,55.01822335992068,0
19.044596346963598,303.1797708220979,-53.20732054220349,-23.89676928740429,0
12.077723540747808,82.80016291742395,-45.67216968345857,-139.64034449216894,0
11.253211552886112,2.059535355107265,77.9426771634757,75.50538930918765,0
13.892317012081309,234.47516300144613,46.02854404819526,177.38542961117528,0
9.11518943615016,72.8863861099793,52.145897456792646,85.23381410355596,0
24.102719539709078,320.44144907153134,-71.14351328307035,-173.98400625441855,0
12.168027043926383,309.25667869439616,60.5357775028209,-1.3464079049380517,1
19.158083930902016,27.62185389415412,-16.525245272864765,41.27278769384539,0
16.047350418238864,38.299825949067845,-42.69185528177003,68.2827123970235,0
10.07732974759016,178.26177320879987,13.635015033655897,79.10130081625509,0
14.970226453936354,219.32015859696767,57.992923047012106,20.91903883794865,1
18.92001389655374,98.96700149360667,50.157387193483686,-99.5902802156735,0
14.058693324568468,258.04717801177344,70.19954686460378,159.19223813155682,0
20.965564729255142,214.16976753079376,77.0637934827799,70.7999283589183,0
20.10757696390932,116.93667950947969,-47.13802714300508,-94.7375867270126,0
19.594574273291645,9.133735695233614,-13.7055790495311,-63.96414038270176,0
12.701716138635016,270.05410126746636,-87.3668629430874,151.89396142693312,0
9.600787761092565,77.31131969702977,68.2778986677108,139.49466721464088,0
11.932061973186027,300.4105476465462,-62.17701273454184,-34.14728219108774,0
15.981204703333603,151.30449361953185,65.06546622168497,-166.20940008307764,0
17.728933567661777,207.74787934743554,-30.710282042412654,-162.54094719818227,0
4.142142976197762,314.2615429472407,-23.735953803395123,-77.78941526937994,1
14.959433991941248,310.9042803311832,-82.95619419290531,46.48399896203981,0
15.790446126615922,133.74704708768638,-31.161817842242474,30.310068720442263,0
13.612278718422242,75.20000137734353,69.90546290422753,48.17800329981937,0
21.456369195079393,279.0525879822941,-85.40146779811126,78.2218698955584,0
17.108900371254354,155.9088732967672,-16.86105485158944,-173.14838870661418,0
21.550959540404484,69.13511768124147,-84.3480666337066,-142.16918573792057,0
13.920197398248838,325.5931232341741,-23.23378348036831,-50.58595734220345,0
19.687387462534623,71.31750992679146,-58.92468465954759,-124.25040089223057,0
23.175331972637597,9.290580548843188,-44.60068921169304,-152.8847846839605,0
21.558467246363307,7.300790556271188,67.96770716905542,50.74718255903949,0
9.539292032856334,224.03352832353514,-11.51114028805962,113.52113189679567,0
13.731619612288096,238.20302185831093,-40.71636154765581,90.9455966763417,0
13.274176472751018,111.9750138205142,16.0809080310986,114.1343202993045,1
17.44627267538164,115.20395612894282,-64.42074723013518,59.708355860835795,0
18.431767775072665,122.21780942157939,-43.30951066424594,84.7243158531128,0
10.805536629871318,244.85707683319632,8.324634168519934,-82.15964128501153,0
15.339192569584688,20.92816476965829,-47.24585246734761,177.48289306229915,0
4.900363339219318,334.48188696887723,32.24299273215719,-114.06036438220065,0
22.209725029009448,80.10757590388071,-1.531565593285944,-102.7822052198223,0
12.438128796616532,359.8823538871532,48.958032645844355,-75.98814054629513,0
15.279319699222485,61.74816976338732,80.68401643004435,171.1196748383684,0
13.451751430059696,277.75672463245587,-69.1551199174666,175.78389216740618,0
20.730137875067076,80.428516174665,-29.76029820278193,106.16174989433911,0
0.8124677930131052,29.104848591571432,-32.48116868188682,46.46073548146814,0
14.916948288370454,314.9759967662336,-62.78707451929424,7.2225270664608265,0
14.47090621251151,309.15045330872107,55.85456472002475,169.42350444726446,0
12.731818062041587,145.2853412818565,46.7781667269822,70.4242090289691,0
23.631132728178162,252.86261131455365,-2.8034152498081766,160.10284619737087,0
10.563352705721144,200.54373576621018,6.7987400030297245,-66.0417121880554,0
18.858980886178305,307.06420092254956,-79.28205515955068,-59.84107478295637,0
16.78126394353042,113.4201489547156,9.991323418868213,127.70085388263682,0
21.307596262677578,188.52206399963467,52.44147432353456,-126.05222858929403,0
11.664054576112473,174.73405363363815,13.28896324509429,160.53403006658726,0
11.335155504381206,127.40609745246914,-42.2448533783246,2.6907676788267043,0
20.480349537386992,320.923823240294,30.1586890201807,153.5089962901312,0
17.126606541650553,59.71605287851277,-24.93208260625542,-58.75459605870729,0
7.275313266616207,53.82311022745061,8.077191171432341,77.74520549018293,0
12.303474927683649,207.6874327161905,-2.2382346097935457,-6.164956089831719,0
16.931913269240304,236.6979227945791,-21.388499826267584,45.64930688837029,0
19.188821107732945,70.06293155684347,39.39803647094431,1.5740975300948001,0
11.603846734035224,140.65827921166468,69.09770015745872,168.16162225369013,0
0.4287200509152944,340.76298347234774,-89.06174667415351,69.1579432130102,0
17.616115928685165,88.78227216864263,78.0509734614661,-89.52517129452644,0
8.898396550280122,240.60985276226185,2.0727244949804935,147.48369188583044,0
4.913306009387943,266.45378173113266,36.13173846538773,-74.14929426416244,0
0.8383703750792959,161.32633180745742,64.01242191165788,-46.22216425169174,1
19.069904300988707,337.50935523344987,-5.9213353834314075,-143.2354687127232,0
15.643087252024833,265.1964246787646,60.29533320568025,143.98794712662868,0
13.871718096438741,164.85284874992323,-58.0284324980636,-76.99967163796931,0
21.94512181481381,204.96067263939383,-61.3498437936334,-86.78965754470235,0
18.186623415115363,249.34083963303624,28.344846394107638,151.29453527818342,0
23.081500213609583,213.18846495451857,66.6257409993127,109.98967046581201,0
8.036322639165018,316.3311301773873,70.63671195648709,-129.2115882530252,0
14.827246880230183,128.47991842094441,25.873282507904385,96.95682140532504,1
6.916433125259928,107.95886642008978,4.588061437677147,148.69191529936467,1
13.853088340722664,76.98200021829516,-30.34924421462708,-151.7359614441322,0
13.756920731166614,13.601868503254249,86.40007480787965,117.0773981656463,0
18.133068186315352,15.485027176819921,-32.45477640007491,17.07121867430015,0
15.227819405709491,313.2198695193418,43.95349930168677,60.911081776368235,1
18.11703569139958,244.22153270612662,5.756723982900129,-2.572437994222714,0
18.51720066569447,237.791669557135,19.532221654562406,71.20911056590032,0
25.77464338691571,221.27141481655897,-19.173500894047287,-167.72476979996884,0
13.423516723569378,305.7188920898777,83.66816258500461,94.57442036038213,0
10.294886496668104,172.89609323962588,12.90281869786879,-167.99626877077498,0
16.230418076582044,313.3478982809881,78.80177348258219,-16.09205481095636,0
10.988599864302282,129.4002094256061,-88.63354508869546,-125.65260247309385,0
22.40980384218268,333.6147015620726,13.080704974401772,116.48673984647058,1
13.583909805273837,251.51651282924644,39.09364015054886,-67.08207269675931,0
12.172118160630049,92.58376896879382,44.11443080919925,-16.526323942440303,0
12.643421394244411,203.07057180790505,72.89583872070264,-25.649733132607828,0
18.592087117358204,191.891002135772,-89.20771037931847,98.10070764649436,0
14.211265083842573,49.643575822920226,-89.94057133329424,-6.7880304734488295,0
11.79166589934809,212.84744607022108,-4.992577056861245,104.02500060372458,0
23.326759588117653,113.32282453810487,-84.72713309903328,-153.53702035103692,0
10.719150796691249,18.845556051456875,85.41585965922742,-111.02617155492176,0
15.177830370164967,341.51621677436333,-50.028268582549444,18.55232987268984,0
18.26153075805115,230.9365328631436,-4.920348714327951,160.9517969109702,0
6.843324447914634,315.6908154735049,-78.99522659779976,-153.08717518015908,0
17.401302507029623,243.38016180477112,3.968714910826534,-164.48968218352886,0
9.724461622597753,128.51412917044067,-21.60789747346647,-123.64175702597196,0
19.113913904170012,184.5677060383721,-81.96119480209973,50.81512638965635,0
10.186744940405118,243.26883372498375,-29.677631994679544,-36.36254999871102,0
18.463845159244304,345.6908370725175,-19.54151635988599,117.19885659036704,0
20.529165331473564,91.32100528381073,88.1858684294892,-154.1040654667083,0
19.307182628164025,314.9917411046824,-52.58054305451242,-109.2909287467076,0
16.256583241190512,332.66800990593697,8.060330766617941,-71.99049403263756,0
13.843495285351501,241.34958527722435,87.71679885575315,45.6228312079627,0
12.11790211832578,335.2559858644816,52.56345742922433,66.66216850855702,0
22.35517345408552,143.23629149185265,88.806150158776,-135.28681417304142,0
11.502523899161783,343.08582337455937,84.29369663883047,159.7696952370262,0
9.81466963215002,253.00183577975096,-1.8828824230522279,-57.2241113315247,0
18.32684467516415,15.122076270772284,35.34765297670184,76.74075468010192,0
11.019315984067523,326.474219454859,-70.1202371505928,8.714778821171567,0
10.249682512669363,174.41021125194933,-10.593211491575666,-99.80707912304162,0
7.781978689151176,165.71771452001983,55.62333760800554,124.64219632154798,0
12.585450802697412,203.92797815266835,0.9603577758858117,114.56569014909478,0
14.586424880517534,53.778436837642055,36.48582590710174,-37.41413258999157,0
16.215458638303495,168.8997774842635,44.23523939716985,31.898730849787945,0
19.75653122149742,299.20579801838846,-44.3755545762791,-87.1827494630617,0
17.634489618328967,5.573685289505521,67.62588712966179,68.34658634866852,0
14.045638902234101,98.25017771677366,-7.2319624363477875,-68.75034745664469,0
14.0090216181014,0.8836511197839192,-52.166681348122125,123.86834437760457,0
17.550787344575916,149.6560712939454,65.77485872191987,-101.74136246018125,0
21.362850814642847,262.1935837777445,-14.79261490087434,-174.67076778535292,0
15.631570997416,287.5578584812663,45.05623890834955,-83.33710489154936,0
12.654345728947956,340.26831400572235,8.645952999886726,-111.2211048745848,0
10.035669994572272,219.06166066948313,-21.263084597789923,2.983118300972736,0
7.773973677938873,91.66567199504237,55.77775470694248,-106.66681500363254,0
18.331348360217614,332.6932616892116,15.204587696030345,94.7483534590181,0
17.889892618197784,279.1136713969354,-19.698821563134292,-93.10657031855858,0
17.886817625533308,206.79425388113202,-70.27238333967713,74.50854476855605,0
14.356702768239721,250.43047765881695,71.18015647800742,28.249532284940656,0
22.034673729458753,332.7538878026745,-83.61547463850002,175.04994832987836,0
12.579407527075912,256.4618502502518,65.37372270625012,179.9643517233234,0
19.776346186036026,132.61482273050424,-25.206925521032016,133.02938999423878,0
14.806285525052285,256.6901528240748,25.08097743025305,93.5940129475504,0
11.958246176603312,14.500138584739632,75.99595029042335,-40.87569095979346,0
17.962651536588808,139.10960225900925,-62.69280920929829,91.17962176726928,0
17.048180593419968,146.27629146440853,12.051085614985833,164.40319334861667,0
16.78486379633463,60.06176439150048,47.59791522663457,-171.5840728576401,0
15.406392110280994,8.310772998637264,46.36508988943033,13.649292071185965,0
14.810534591415845,48.01724518958741,4.613744627910716,-101.52061042016355,0
26.941859964352194,235.66373848693982,22.453102783162453,20.83547371278616,0
20.921283225980865,288.8239738909275,46.354858943912014,-12.079047686799186,0
18.61413447492756,355.7532573817107,61.38497479633411,27.27668935882238,0
15.558995791016942,124.69086111905794,47.12635743765547,18.346399710740712,0
20.035786002983347,215.77652001399662,-26.27911022737632,165.6385341006823,0
17.58997388195726,337.3721880534439,89.41075219039196,18.786999216504988,0
15.131023763870179,60.13504128173494,-11.78951513052521,124.64355172495222,1
13.482178373670427,258.3524110833874,-85.59635350339198,-64.86469675169526,0
14.59541331168656,271.79234393369876,-24.728948714616834,-22.283752035222392,0
0.0,32.031192912961814,-66.99906817670822,-10.651148623868444,0
16.05300419648821,310.04977866590343,-68.14032916889249,-79.6579043992633,0
12.557619599448202,292.7178169599038,-39.32369278075902,-43.27550586793611,0
22.96334999141442,12.0250823678764,-80.39241104809305,35.46470860803908,0
15.096720354058771,32.79038935681853,33.932193913721356,28.867594789631653,0
9.05518290232519,17.685681801066835,-76.68200084365708,49.11672404645298,1
14.75059922935941,120.5076714477704,-53.40788002152789,-53.345550448749215,0
9.769394574687478,183.3440366447734,-73.27805139105851,-66.30066174489944,0
17.367037078562333,191.64518206366637,-78.6298084374544,40.18243779149871,0
16.454736821697427,96.36003351699935,-41.8047002028825,-132.16977056609102,0
19.78919815554134,328.1748791616987,12.941814178866593,-88.90864432842962,1
11.045591041527173,132.57460435388876,83.64340016043151,-164.8340146969217,0
15.170040481140735,16.3980561475269,67.60019778292913,-153.86009306541115,0
8.174891022866824,108.08176015489909,67.66810658015847,-92.38201946618081,1
18.507473909623574,191.199392115896,-58.30793351322163,-172.96945909310915,0
17.59435590220061,146.95985613176353,-42.31670517039238,-91.65218684851385,0
17.479025105137854,98.5833068757333,-76.24920297684497,55.79147630232937,0
15.008095156784705,47.27636991515427,50.12430118473331,-158.0014517511841,0
17.073864453943955,294.8992200346427,-77.43306573259885,-22.774795993929246,0
23.021695541542982,358.6122871647091,10.205220747753586,148.7191632910378,0
13.57452871478993,118.63516806859754,-45.38239698168886,104.86253841314435,0
15.693225918550423,137.38357590357742,-46.179785874825946,-70.0424991738514,0
9.569368504092951,222.49350888370455,88.33050994456892,152.92997250899293,0
10.658695192008338,258.63893090479485,46.22036525613674,-61.32726117081906,0
15.489066465466538,141.13063252929285,60.64908449238903,-153.8944213184775,0
20.519667733509536,325.7746261134535,12.956883361922277,177.86014443652087,0
13.718595878742137,201.6014361224106,66.78257173087485,133.2081097881018,0
13.82041735343938,162.14042750613515,26.18829704994352,-12.264198011606759,0
12.965573777478127,232.80219113756584,80.31126686334215,59.895548709265405,0
12.326216645778384,343.00938536970233,-39.35905451178538,61.64210802840125,0
16.474857278544107,286.03882599181395,17.157518240921107,-109.98639693703427,0
7.513711774106778,14.404726992644763,34.22364262864058,-107.98249206469237,0
21.404697883333636,119.63156786638547,-19.271285094994802,-10.95094679334272,1
11.672888509352697,169.39608658244018,68.34743683272958,148.16633044957126,0
18.609517427190706,113.22632599527789,86.36456935874779,-176.4022410509145,0
8.65000701303062,252.06752189896434,-1.1214915529209168,101.70202894176934,0
18.34420065273109,297.45689395052915,-19.684682135218967,-159.2903578627245,0
18.359723039072488,263.28423426669775,-5.051172859837441,-7.84003864207758,0
16.921010360029484,356.15998325817907,63.49261423174769,49.63421990645151,0
10.027857391001039,98.11715324149047,26.184316593270175,67.23333614968733,0
16.247740947990383,314.99621820879173,-81.94097294674289,-158.9474650982719,0
9.084719076328055,275.984159462815,7.590583880228669,-29.30269774177144,0
13.736183724519073,130.3843527209326,-86.88597790662543,30.181413780836873,0
20.14706550477663,264.2848357165087,50.136366780612974,-156.2236065698375,0
18.98350963535371,37.467344310568905,-30.90379076235653,-131.36595962568848,0
15.075914712702165,284.1600536425988,-5.038653218880718,58.91363622145386,0
10.125967120385791,191.63901693135693,53.76205906337376,7.789750772634609,0
18.227938560870967,105.22446217533114,-81.63921288856292,-121.7416819434154,0
15.096906188490125,236.07982864230485,-61.46252359351012,12.686161289304048,0
3.3984220088478834,230.98319953718723,-18.36713223987933,148.5692544399897,0
18.91314913158259,75.4150401790559,-48.6134705617991,-174.388469480869,0
14.87883583065154,10.94306933214941,-29.17774336048864,51.348158454907654,0
21.01225623991536,156.1041312846026,89.67145282064371,-153.4858435420769,0
9.523647405785976,205.02427296399165,58.57459876328593,-177.6782005327077,0
0.0,315.57790021341543,69.10232669281955,-125.76438408217183,0
16.395419291725926,334.15804643313396,78.66983404183956,-27.753612532589052,0
16.45781838340986,190.3698785364359,-28.631541543444786,108.84383963350307,0
6.54664186196774,271.36925415667616,-36.526147596634914,-78.55722122235889,0
10.107502270666968,158.1491780380789,-47.86875133702652,45.2423564599531,0
28.77608871859951,268.5895763662415,59.42104403546207,-31.983610336089605,0
13.471946929230983,73.7285489781001,32.31933521133329,-95.64055489223713,0
18.65479488188108,133.58330452927132,-47.489043153082086,5.128961141829107,0
11.74670086315808,228.32207957290132,-22.141110742118123,107.08721653414436,0
4.548485505734217,6.536867618548379,1.2081175079036877,119.6972532202119,0
14.148708766020473,260.08607172202346,5.065210309275663,124.74703147580522,0
13.671977198569474,300.79278045654,69.97099113930864,-58.119187480207415,0
13.000608806658143,143.69099799382252,-21.498096069501067,105.64418329767109,0
14.426795822468037,161.25927018377917,73.53432549009221,-103.61575616079317,0
16.32134135822818,306.46159639795115,-10.553839142437866,85.83303644743799,0
14.249415243730967,279.23566871737205,44.347081462623684,161.418393458142,0
8.67996916026318,103.733816052015,77.44577759731008,-175.0522195112554,0
17.430923957809693,116.63139836215403,73.36362671338794,-21.468984775632713,0
5.253141223387884,244.39616366061477,-79.7484838867774,53.197555829041654,0
4.748212713578999,202.75131328133804,-52.97322690421743,72.63927737551909,0
18.69590247350784,58.4026455947389,-4.157023404190481,-116.60840702308721,0
17.535101360676784,111.57476732249991,-12.320227808440688,169.9859790858934,0
14.71302317462982,323.99397967631546,25.36049967069727,41.49553246955027,0
8.02275747622464,247.74279722001484,80.0476291485742,-120.8373835578236,0
11.460445296629624,354.950754366787,-69.7671519699692,-172.6118957834945,0
13.68626626156748,276.124510793077,-8.665440275836719,101.97511156431933,0
7.020530157129432,339.1107955716925,-55.36601318031492,-151.30629379963472,0
11.304856709883836,77.82788659337115,70.93936771163055,-129.22166841471486,0
18.2616516908834,277.73455493409324,83.62443344429751,26.938809668048624,0
22.136526821446083,7.278307253207075,-3.833697259736979,37.261981241863104,0
12.902826236707247,241.47360781615222,-71.27814640893466,67.27936269326345,0
18.78244177158049,168.9416201232869,51.35304001008118,-38.33495544109653,0
5.429699647062663,124.83362589122471,35.48544308863182,98.60352082805625,0
18.297256205568058,310.4655668255121,-26.159251210144117,170.76909586171993,0
10.980257926362595,307.536369356711,69.73334531441343,-82.40582049124211,0
16.53672808353985,8.02861376351169,85.64974016088729,73.09030195366053,1
13.761237908801453,219.42184408179517,10.413692843435175,154.24871486225646,0
21.60207004891917,132.4196007555443,11.831024041972622,67.06323454213536,0
10.62782175830041,149.63796054016169,-36.447569079519994,65.19941951193343,0
18.138031487809155,299.53466611875933,15.211086476996554,-99.44187512932562,0
13.602462683517333,111.54231774996418,-10.864382305527624,12.646872115089458,0
14.20847260995168,339.49757182954323,-35.60561515295066,22.50822369764886,0
14.080730534203951,64.66817749397067,-77.90666462569776,72.046642484143,0
10.771634477529435,238.58007241254398,-44.51258525235752,178.85572196262572,1
14.929505170466642,241.9578241249553,-54.38616305802041,-167.88822388424566,0
14.686758889390893,90.79025811405056,7.567557219710805,-156.51624194370473,0
16.206201242033647,116.91021922819272,18.300603917446892,-151.93797500486926,0
15.422525728464313,300.52745732877855,19.542910375082965,87.47248841602445,0
18.98997274806118,274.24989178378286,-20.127419811777763,-130.9126337601273,0
19.617543080236842,118.47451691331344,-14.178647936610723,44.08267481652428,0
9.746883390860994,192.2243568965762,60.1629173353152,-63.11920395835496,0
19.343862502953854,22.204906651114364,-4.278093566910767,-15.364815764144048,0
9.068317864450728,75.14851766350652,87.79919978468203,-102.36126246573099,0
17.939279440688676,174.89540118974367,-10.868898598404321,131.79836206963515,0
18.098693923514343,30.950544700516176,26.92457003121102,31.01411669868949,0
5.44341554168748,303.5996477610975,-80.93466018118876,160.04277488961094,0
15.464896232647048,258.48223563875325,27.60118639538595,26.854649893558637,0
12.657519433198422,339.70812143345813,63.2567509947011,-135.3931089850992,0
11.206173710323124,249.64808614704978,79.64241093599333,-118.48664381814883,0
21.75426165349503,338.5444940143868,89.51771009515869,176.066631492425,0
11.731604296812906,199.6245200487474,-39.20784378313804,81.2034710391124,0
10.96811535440975,216.078699982309,13.566611668629031,-162.25964998952773,0
15.378474700025468,351.70957966545393,-8.870762604213473,73.36116181247932,0
18.427948731492084,231.16649287113373,11.48714650353078,-31.61770314853981,0
14.291757069949366,11.083164789868775,-61.658467705827604,-69.40498074365141,0
20.83185272834626,260.56899958698835,64.10692306726946,-124.53811425700766,0
17.654878309820454,325.9687291694696,73.72240980202577,122.36542364036363,0
4.108943401342849,286.40888992595757,-9.06090063967394,-157.01710356392374,0
12.352665182464959,210.17997814515215,-39.522624916756165,-75.65923354332949,0
12.190789503241506,241.66926471366588,-64.64998302245777,-69.70215822274642,0
17.39680476714711,356.46904413060184,33.077668460004794,-122.07409777313987,0
1.8759147181294389,32.6383518633618,-33.79826886826766,2.9465579832733013,0
27.745048543588613,240.20813830796624,73.71694258440996,-175.78705434807864,0
17.65513047447105,102.02317004541378,30.782245472076607,-71.64881445225272,0
15.744384019588455,230.43254277102122,26.223358531363328,156.10659985190304,0
20.90783858209573,218.74448731821795,10.692380861683352,-68.20935503687795,0
26.718270264063126,55.244459558938345,-81.76025890282939,-50.234620641569414,0
19.353733222942015,74.4287924664861,77.74603842340565,-9.660582635734233,0
19.7440654823581,223.78664809555687,23.028748793902803,22.20961494653091,0
15.653450122321912,46.16278102935868,88.93115700895987,111.13511213546784,0
14.292371233165259,95.46511504691622,6.724152859119668,-111.48435966383366,0
12.621022779975494,300.68839718568086,37.81996054311836,133.8286957893206,0
10.86944004142729,117.7529421605899,-79.88227958408001,92.71776857180018,0
11.564929501502514,175.70165625707864,23.71251182821396,80.1541204781599,0
8.247220178285083,338.8105206525025,47.63693008626431,-148.7503534627313,0
14.620642746574884,81.77367198130067,50.132573073460314,-172.2093516091495,0
6.576662113868066,140.26536624888374,48.62009740145138,33.84457232691024,0
15.954582620718554,218.32479919567643,-49.26912708713982,130.72822650833803,0
14.818346959788292,271.92201462143,85.57172596894067,30.39892709062893,0
15.734676491933438,324.59521921657387,89.13278171248896,-103.2354484396089,0
12.389342149900038,329.5702755264654,-76.39274247091177,-147.41283673828323,0
30.384301850902517,279.59042677414425,78.5603561061163,71.85472301438459,0
21.800579500901563,82.19910117359176,-37.89914502521352,79.83729983441143,0
8.777287499576387,8.931358815323689,34.07113471517366,-117.88858775264089,0
16.16434043713449,138.15861492802458,-29.140034267496215,-169.85148642124693,0
11.959969285313383,50.9575863556164,84.19577820716187,-33.01793523964908,0
9.92760136646293,255.73955307778732,-71.72930550536361,29.778732767887966,0
8.299639644380326,238.00701125725806,-0.40557294785231734,74.16086744418882,0
17.16108345379627,15.829790983723742,-12.951397450426562,111.58020329504501,0
11.593098824652131,301.17376048714243,-31.31577858996272,39.793473830423636,0
19.839130120126022,89.54757586482562,26.19611835842675,-140.0829809045454,0
19.968911072652194,155.6017471767752,-66.40996618409986,65.72940197126934,0
21.869571926057247,240.45614476406726,38.99923526406545,174.30359144215754,0
10.738066169629482,154.5907632668112,86.50658228486172,146.01045045506538,0
17.376828053460052,158.86360900797962,54.820568604353426,133.80080733702457,0
18.162271083211504,23.626078320866533,64.80301552371817,-71.21874479099729,0
12.629109124480175,144.51967773360138,-25.265386227779548,90.28374352344024,0
11.141140213035625,275.34524155919405,-31.520410833380634,126.3972405474524,0
23.047603328879866,329.4634813871752,3.068703844223979,64.19743366725473,0
16.13747937866027,148.85896934281385,-81.76920934279092,-89.79776763552701,0
18.17983875355869,152.4908976764684,80.16446420217586,163.380229874985,0
10.889619940860364,252.94575827651477,-64.11866885708541,-17.705011874876682,0
8.903577667389031,339.39792039789955,72.54234705025664,-133.26999888028342,0
12.152751127539448,96.14193848616968,-74.95520003993597,-140.4799577793389,0
14.379893063050014,158.45191435365726,58.072486982140816,53.10683542765648,0
9.678899965913256,286.5503676788284,-62.646745341921275,-22.424527289973906,0
14.950775956748085,219.48968497465387,-83.13630946353491,-145.9858049355731,0
6.557474059657499,39.8110838270237,39.50810104669357,86.53124597619407,0
9.399762887650638,225.98378480241567,-39.552245968602904,107.75706021310309,1
18.354556241384376,67.22866245503768,38.60930750118291,81.14962708312248,1
18.018952601389472,183.6777362682255,9.915345085107557,-107.18608403375535,0
13.040616173065668,190.47717635775786,-70.41466975858819,68.31916415858498,0
9.911178454615236,315.43321040099454,77.78341319420947,-176.13979095802136,0
9.862982242369945,166.49793864447773,-8.583448542574036,-70.15962971577268,0
13.13365877029343,100.59927200492191,42.200510003763846,-36.424248693284255,0
18.22259245822646,83.14788535777137,0.18370296281251974,120.68890159878056,0
19.641228456721624,314.730675606361,18.78506549301685,-39.45802569501446,0
12.517341322590156,61.563907590562216,-35.50075337579536,-175.94299937181663,0
9.232537870076081,153.31268191793174,-53.93514527937895,-53.15529174191661,0
16.339218189331667,67.38232137370092,7.662636613452209,-0.3873245906566103,0
10.882325146870752,278.38945444117513,-10.760584865219641,161.64172320219845,0
12.408736805693987,170.77415039086284,-19.779621581892037,158.7723493642361,0
21.626380452185188,126.41172860045234,31.062095117032147,-114.88534624029184,0
19.13557714282884,129.99587062552806,34.29119376200447,-113.34724497379744,0
15.789871561257259,306.7971144202726,-81.73438990357265,-121.18267567276182,0
8.640404994436386,199.35862354599772,-29.025991036139015,104.01189566907716,0
16.056982837353296,258.4324264072549,-15.882380959252075,-177.8320654673737,0
20.313286453937632,322.93386585024643,-72.55941099044975,-134.21620865092416,1
13.121831671172322,324.62700337463116,-47.5378439943081,13.665467391875637,0
21.755570449933575,118.26325956163073,-80.7044764999038,-90.87765592076441,0
21.463726447591036,342.8824547326987,89.32357775106371,-146.75167503386564,0
23.31866416071737,8.95531752525796,42.580296534572014,-50.443915559819644,1
16.526215632656765,135.66080196581964,-74.25897182950433,-81.28526217831188,0
17.936958499030062,322.48758870318295,-86.35511163778342,3.9975503451424244,0
22.07093644165545,98.86927673411385,39.47180402741044,172.52409377887048,0
17.236969685344878,98.3093221156746,-10.94541017711995,-135.25033074662937,0
12.493829461048936,108.94402262947993,51.62340763162368,-45.81838625972605,0
12.757285817360694,220.432818544892,76.22568680730907,155.5146064340909,0
16.192774768868695,157.79979922116738,17.874070022947052,135.67429565777613,0
8.547192890268906,261.62454108720334,-56.32048387489445,-38.062427477658986,0
14.283705423179036,322.1678313232797,50.794926488361455,71.62317522710514,0
20.48273559115127,242.71177497942983,82.0461137713874,-148.3714751107156,0
4.043730744173595,73.60801927112718,14.441631670792074,76.51477999570145,0
22.672410508972575,335.76548484978076,32.759540510532034,170.22878261450694,0
20.6118710935158,95.21743440509226,-29.25455489339885,13.495735020308977,0
12.701176920847619,53.961946318136924,-21.325014961143978,-0.5435182676108674,0
17.716954139359046,32.38822038994592,42.237809613551505,-112.56529690731229,0
15.015738634531633,202.81814663981962,76.99879771322745,48.16375160662508,0
21.149951842193417,40.95448649303465,23.2179097003834,32.557421080409355,0
19.913415713849705,49.95931828054707,52.172623527362546,54.69590141127019,0
7.999646384084954,108.01097301437879,-59.10569686523286,-170.61001679350014,0
17.936312067320884,101.39508348640697,-51.847363753564764,17.54045580566649,0
13.971860731783762,217.52622371957122,5.7662436300102105,34.17654365905429,1
15.414162852590499,294.02830061016533,-58.2202453962887,-105.28915125139122,0
11.359140495150923,274.0858762330413,24.29911263976625,-105.00017130412704,0
23.740685345604177,94.49440369793163,-37.50242662895418,-80.56145933605806,0
20.20030909951288,88.31177927495277,52.47587136004055,76.21977302180554,0
11.301144180135164,347.6849508385083,55.45986239058182,38.2557828716538,0
8.326946965448837,2.965046973105645,-6.518257964036447,124.47455260240966,0
13.07163684511076,316.6993919016777,-57.45408569322565,-73.56291413648465,0
17.172513230456527,71.9022668840658,26.41949299474786,148.3445015597946,0
16.201029219731115,341.02235631231645,88.70166328744556,87.73421831400901,0
21.265664123841216,123.2306225379071,22.066361629654196,-37.79579879506909,0
18.94959861090426,158.52663860157082,-83.56055567147858,-145.70565637483588,0
19.847845128764533,254.56342101997714,-86.88708436192513,-87.4858815045063,0
16.634277003052187,211.5608585303737,-32.33484531138488,164.4365581973461,0
8.053506348945048,114.45815869445622,-54.75891476512712,-68.26918468173143,0
14.021507344265492,199.37912971241647,56.34921728579547,-61.2356543463368,0
20.300448699543328,263.05447837063906,62.06502006648008,-111.74798480482187,0
14.74238535737677,15.240580524897155,-43.448621164114286,110.46621640995554,0
17.515451843118733,4.031749892053482,-31.383940149019317,-80.76807711278015,0
13.406258423769334,164.90409806624086,-47.47554581127936,-61.107030587211966,0
9.850940757290775,47.461182409265106,73.50885852682752,-30.834680964614417,0
14.383279679769448,239.1639449272972,0.4768802320108012,-23.857819281140507,0
16.54523721516327,77.05888424187631,28.10466793476358,-31.91731545059219,0
11.721561402692782,155.82639844644154,-15.213224394071407,1.3477303349023062,0
13.821443775716657,71.16153727473683,23.582554830815607,113.22463666190518,0
10.302683790070088,197.45409086968482,-20.546032190087505,114.94261466712793,0
20.59622458782048,41.779245378444806,-28.857881208739418,107.39272815480489,0
13.52772121205983,8.318467003492893,24.206413171226437,-143.5950579180645,0
22.263777725630916,18.407389718410986,16.391174048818066,107.88436917893308,0
22.643739252704542,343.5330389455116,-37.16496824976907,-136.70936154483235,0
14.59477017639128,51.22303869993689,-63.117278942494785,-135.09944278118712,1
9.957756337263252,255.05217112926067,-23.656195109135226,161.2305977885859,0
4.570510611333313,24.453433520217448,-15.264424954456342,114.98322409399488,0
7.639814634866042,38.93772680466558,23.16318001642887,18.867768072483116,0
8.1308258755067,183.19545050736048,74.61517745463547,134.98927361203036,0
21.892348137307522,167.3535348555637,-83.48673644407347,176.17127131867062,1
15.57912293613473,342.56891139835307,-46.141017742467916,39.83114398743992,0
16.948022620459938,340.1407630874655,-55.131130389679136,40.64343731334649,0
3.8978949553243702,280.6591113152874,0.4129935648810501,91.59373049757407,1
9.010167853913693,216.75665884584592,-12.653854732231231,-96.4299771484802,0
19.435398882231436,163.78571426148397,41.22677228763392,-119.83504985323223,0
16.433870561912933,128.2242723582316,-46.36513574192451,93.44907000542611,0
14.263973606572014,340.9515169112,17.00970583495654,-55.834273802123164,0
17.824211793000615,217.0471721128868,69.09430744799268,-131.37467172986376,0
23.178989030679077,208.46610996695802,73.92199318529485,-66.64401866961009,0
13.894787682314748,83.48440383680935,82.58122885050561,-50.890727565152865,0
15.346849013290347,16.811214438640704,49.18700737439794,167.48195742204865,0
15.962984593656525,340.267888713436,73.0778231266047,71.26549599165236,0
26.96054817636996,112.9446931840754,-47.784443042650636,11.108274263904217,0
4.503218677904872,159.33204839680513,-54.43543001691414,168.79432992573777,0
18.41611507394404,41.27037969085446,-88.83214491950524,145.13030657070505,0
14.425988756204681,301.2927587673451,37.231984337237705,4.320308381097502,0
17.833858630920897,9.947459828135026,78.74409380647398,146.04466873571306,0
11.713137230026378,300.2366743556747,-56.351637892498246,-34.45032309744363,0
14.75517484570775,50.50260460366805,24.649843576838194,-97.04856047161513,0
18.557052897327477,319.16308054721475,44.36275665991996,-96.23585634404935,0
30.564551005219208,262.71814944101664,76.97056232665017,58.43358879916562,0
19.040180947010356,59.281294502629834,26.4348403230999,0.38531545461975014,0
10.759672009847456,203.69447742940852,84.65287189477542,57.22230492196081,0
