Grid_Latitude,Grid_Longitude,Anomaly_Flag
-30.0,-60.0,1
-29.993999399939995,-59.98799879987999,1
-29.98799879987999,-59.97599759975998,1
-29.981998199819984,-59.96399639963997,1
-29.975997599759975,-59.95199519951995,1
-29.96999699969997,-59.93999399939994,1
-29.963996399639964,-59.92799279927993,1
-29.957995799579958,-59.915991599159916,1
-29.951995199519953,-59.903990399039905,1
-29.945994599459947,-59.891989198919894,1
-29.939993999399938,-59.879987998799876,1
-29.933993399339933,-59.867986798679866,1
-29.927992799279927,-59.855985598559855,1
-29.921992199219922,-59.843984398439844,1
-29.915991599159916,-59.83198319831983,1
-29.90999099909991,-59.81998199819982,1
-29.903990399039905,-59.80798079807981,1
-29.897989798979896,-59.79597959795979,1
-29.89198919891989,-59.78397839783978,1
-29.885988598859885,-59.77197719771977,1
-29.87998799879988,-59.75997599759976,1
-29.873987398739875,-59.74797479747975,1
-29.86798679867987,-59.73597359735974,1
-29.861986198619864,-59.72397239723973,1
-29.855985598559855,-59.71197119711971,1
-29.84998499849985,-59.6999699969997,1
-29.843984398439844,-59.68796879687969,1
-29.837983798379838,-59.675967596759676,1
-29.831983198319833,-59.663966396639665,1
-29.825982598259827,-59.651965196519654,1
-29.81998199819982,-59.63996399639964,1
-29.813981398139813,-59.627962796279625,1
-29.807980798079807,-59.615961596159615,1
-29.801980198019802,-59.603960396039604,1
-29.795979597959796,-59.59195919591959,1
-29.78997899789979,-59.57995799579958,1
-29.783978397839785,-59.56795679567957,1
-29.777977797779776,-59.55595559555955,1
-29.77197719771977,-59.54395439543954,1
-29.765976597659765,-59.53195319531953,1
-29.75997599759976,-59.51995199519952,1
-29.753975397539755,-59.50795079507951,1
-29.74797479747975,-59.4959495949595,1
-29.741974197419744,-59.48394839483949,1
-29.735973597359735,-59.47194719471947,1
-29.72997299729973,-59.45994599459946,1
-29.723972397239724,-59.44794479447945,1
-29.717971797179718,-59.435943594359436,1
-29.711971197119713,-59.423942394239425,1
-29.705970597059707,-59.411941194119414,1
-29.699969996999698,-59.399939993999396,1
-29.693969396939693,-59.387938793879385,1
-29.687968796879687,-59.375937593759375,1
-29.681968196819682,-59.363936393639364,1
-29.675967596759676,-59.35193519351935,1
-29.66996699669967,-59.33993399339934,1
-29.663966396639665,-59.32793279327933,1
-29.657965796579656,-59.31593159315931,1
-29.65196519651965,-59.3039303930393,1
-29.645964596459645,-59.29192919291929,1
-29.63996399639964,-59.27992799279928,1
-29.633963396339634,-59.26792679267927,1
-29.62796279627963,-59.25592559255926,1
-29.621962196219624,-59.24392439243925,1
-29.615961596159615,-59.23192319231923,1
-29.60996099609961,-59.21992199219922,1
-29.603960396039604,-59.20792079207921,1
-29.597959795979598,-59.195919591959196,1
-29.591959195919593,-59.183918391839185,1
-29.585958595859587,-59.171917191719174,1
-29.57995799579958,-59.15991599159916,1
-29.573957395739573,-59.147914791479145,1
-29.567956795679567,-59.135913591359135,1
-29.561956195619562,-59.123912391239124,1
-29.555955595559556,-59.11191119111911,1
-29.54995499549955,-59.0999099909991,1
-29.543954395439545,-59.08790879087909,1
-29.537953795379536,-59.07590759075907,1
-29.53195319531953,-59.06390639063906,1
-29.525952595259525,-59.05190519051905,1
-29.51995199519952,-59.03990399039904,1
-29.513951395139514,-59.02790279027903,1
-29.50795079507951,-59.01590159015902,1
-29.501950195019504,-59.00390039003901,1
-29.495949594959495,-58.99189918991899,1
-29.48994899489949,-58.97989798979898,1
-29.483948394839484,-58.96789678967897,1
-29.477947794779478,-58.955895589558956,1
-29.471947194719473,-58.943894389438945,1
-29.465946594659467,-58.931893189318934,1
-29.459945994599458,-58.919891989198916,1
-29.453945394539453,-58.907890789078905,1
-29.447944794479447,-58.895889588958894,1
-29.44194419441944,-58.88388838883888,1
-29.435943594359436,-58.87188718871887,1
-29.42994299429943,-58.85988598859886,1
-29.423942394239425,-58.84788478847885,1
-29.417941794179416,-58.83588358835883,1
-29.41194119411941,-58.82388238823882,1
-29.405940594059405,-58.81188118811881,1
-29.3999399939994,-58.7998799879988,1
-29.393939393939394,-58.78787878787879,1
-29.38793879387939,-58.77587758775878,1
-29.381938193819384,-58.76387638763877,1
-29.375937593759375,-58.75187518751875,1
-29.36993699369937,-58.73987398739874,1
-29.363936393639364,-58.72787278727873,1
-29.357935793579358,-58.715871587158716,1
-29.351935193519353,-58.703870387038705,1
-29.345934593459347,-58.691869186918694,1
-29.33993399339934,-58.67986798679868,1
-29.333933393339333,-58.667866786678665,1
-29.327932793279327,-58.655865586558654,1
-29.32193219321932,-58.64386438643864,1
-29.315931593159316,-58.63186318631863,1
-29.30993099309931,-58.61986198619862,1
-29.303930393039305,-58.60786078607861,1
-29.297929792979296,-58.59585958595859,1
-29.29192919291929,-58.58385838583858,1
-29.285928592859285,-58.57185718571857,1
-29.27992799279928,-58.55985598559856,1
-29.273927392739274,-58.54785478547855,1
-29.26792679267927,-58.53585358535854,1
-29.261926192619264,-58.52385238523853,1
-29.255925592559255,-58.51185118511851,1
-29.24992499249925,-58.4998499849985,1
-29.243924392439244,-58.48784878487849,1
-29.237923792379238,-58.475847584758476,1
-29.231923192319233,-58.463846384638465,1
-29.225922592259227,-58.451845184518454,1
-29.219921992199218,-58.439843984398436,1
-29.213921392139213,-58.427842784278425,1
-29.207920792079207,-58.415841584158414,1
-29.2019201920192,-58.4038403840384,1
-29.195919591959196,-58.39183918391839,1
-29.18991899189919,-58.37983798379838,1
-29.183918391839185,-58.36783678367837,1
-29.177917791779176,-58.35583558355835,1
-29.17191719171917,-58.34383438343834,1
-29.165916591659165,-58.33183318331833,1
-29.15991599159916,-58.31983198319832,1
-29.153915391539154,-58.30783078307831,1
-29.14791479147915,-58.2958295829583,1
-29.141914191419144,-58.28382838283829,1
-29.135913591359135,-58.27182718271827,1
-29.12991299129913,-58.25982598259826,1
-29.123912391239124,-58.24782478247825,1
-29.117911791179118,-58.235823582358236,1
-29.111911191119113,-58.223822382238225,1
-29.105910591059107,-58.211821182118214,1
-29.0999099909991,-58.1998199819982,1
-29.093909390939093,-58.187818781878185,1
-29.087908790879087,-58.175817581758174,1
-29.08190819081908,-58.16381638163816,1
-29.075907590759076,-58.15181518151815,1
-29.06990699069907,-58.13981398139814,1
-29.063906390639065,-58.12781278127813,1
-29.057905790579056,-58.11581158115811,1
-29.05190519051905,-58.1038103810381,1
-29.045904590459045,-58.09180918091809,1
-29.03990399039904,-58.07980798079808,1
-29.033903390339034,-58.06780678067807,1
-29.02790279027903,-58.05580558055806,1
-29.021902190219024,-58.04380438043805,1
-29.015901590159014,-58.03180318031803,1
-29.00990099009901,-58.01980198019802,1
-29.003900390039004,-58.00780078007801,1
-28.997899789978998,-57.995799579957996,1
-28.991899189918993,-57.983798379837985,1
-28.985898589858987,-57.971797179717974,1
-28.979897989798978,-57.959795979597956,1
-28.973897389738973,-57.947794779477945,1
-28.967896789678967,-57.935793579357934,1
-28.96189618961896,-57.92379237923792,1
-28.955895589558956,-57.91179117911791,1
-28.94989498949895,-57.8997899789979,1
-28.943894389438945,-57.88778877887789,1
-28.937893789378936,-57.87578757875787,1
-28.93189318931893,-57.86378637863786,1
-28.925892589258925,-57.85178517851785,1
-28.91989198919892,-57.83978397839784,1
-28.913891389138914,-57.82778277827783,1
-28.90789078907891,-57.81578157815782,1
-28.901890189018903,-57.80378037803781,1
-28.895889588958894,-57.79177917791779,1
-28.88988898889889,-57.77977797779778,1
-28.883888388838884,-57.76777677767777,1
-28.877887788778878,-57.755775577557756,1
-28.871887188718873,-57.743774377437745,1
-28.865886588658867,-57.731773177317734,1
-28.85988598859886,-57.71977197719772,1
-28.853885388538853,-57.707770777077705,1
-28.847884788478847,-57.695769576957694,1
-28.84188418841884,-57.68376837683768,1
-28.835883588358836,-57.67176717671767,1
-28.82988298829883,-57.65976597659766,1
-28.823882388238825,-57.64776477647765,1
-28.817881788178816,-57.63576357635763,1
-28.81188118811881,-57.62376237623762,1
-28.805880588058805,-57.61176117611761,1
-28.7998799879988,-57.5997599759976,1
-28.793879387938794,-57.58775877587759,1
-28.78787878787879,-57.57575757575758,1
-28.781878187818783,-57.56375637563757,1
-28.775877587758774,-57.55175517551755,1
-28.76987698769877,-57.53975397539754,1
-28.763876387638764,-57.52775277527753,1
-28.757875787578758,-57.515751575157516,1
-28.751875187518753,-57.503750375037505,1
-28.745874587458747,-57.491749174917494,1
-28.739873987398738,-57.479747974797476,1
-28.733873387338733,-57.467746774677465,1
-28.727872787278727,-57.455745574557454,1
-28.72187218721872,-57.44374437443744,1
-28.715871587158716,-57.43174317431743,1
-28.70987098709871,-57.41974197419742,1
-28.703870387038705,-57.40774077407741,1
-28.6978697869787,-57.3957395739574,1
-28.69186918691869,-57.38373837383738,1
-28.685868586858685,-57.37173717371737,1
-28.67986798679868,-57.35973597359736,1
-28.673867386738674,-57.34773477347735,1
-28.66786678667867,-57.33573357335734,1
-28.661866186618663,-57.32373237323733,1
-28.655865586558654,-57.31173117311731,1
-28.64986498649865,-57.2997299729973,1
-28.643864386438644,-57.28772877287729,1
-28.637863786378638,-57.275727572757276,1
-28.631863186318633,-57.263726372637265,1
-28.625862586258627,-57.251725172517254,1
-28.61986198619862,-57.23972397239724,1
-28.613861386138613,-57.227722772277225,1
-28.607860786078607,-57.215721572157214,1
-28.6018601860186,-57.2037203720372,1
-28.595859585958596,-57.19171917191719,1
-28.58985898589859,-57.17971797179718,1
-28.583858385838585,-57.16771677167717,1
-28.577857785778576,-57.15571557155715,1
-28.57185718571857,-57.14371437143714,1
-28.565856585658565,-57.13171317131713,1
-28.55985598559856,-57.11971197119712,1
-28.553855385538554,-57.10771077107711,1
-28.54785478547855,-57.0957095709571,1
-28.541854185418543,-57.08370837083709,1
-28.535853585358534,-57.07170717071707,1
-28.52985298529853,-57.05970597059706,1
-28.523852385238524,-57.04770477047705,1
-28.517851785178518,-57.035703570357036,1
-28.511851185118513,-57.023702370237025,1
-28.505850585058507,-57.011701170117014,1
-28.499849984998498,-56.999699969996996,1
-28.493849384938493,-56.987698769876985,1
-28.487848784878487,-56.975697569756974,1
-28.48184818481848,-56.96369636963696,1
-28.475847584758476,-56.95169516951695,1
-28.46984698469847,-56.93969396939694,1
-28.463846384638465,-56.92769276927693,1
-28.45784578457846,-56.91569156915692,1
-28.45184518451845,-56.9036903690369,1
-28.445844584458445,-56.89168916891689,1
-28.43984398439844,-56.87968796879688,1
-28.433843384338434,-56.86768676867687,1
-28.42784278427843,-56.85568556855686,1
-28.421842184218423,-56.84368436843685,1
-28.415841584158414,-56.83168316831683,1
-28.40984098409841,-56.81968196819682,1
-28.403840384038403,-56.80768076807681,1
-28.397839783978398,-56.795679567956796,1
-28.391839183918393,-56.783678367836785,1
-28.385838583858387,-56.771677167716774,1
-28.37983798379838,-56.75967596759676,1
-28.373837383738373,-56.747674767476745,1
-28.367836783678367,-56.735673567356734,1
-28.36183618361836,-56.72367236723672,1
-28.355835583558356,-56.71167116711671,1
-28.34983498349835,-56.6996699669967,1
-28.343834383438345,-56.68766876687669,1
-28.337833783378336,-56.67566756675667,1
-28.33183318331833,-56.66366636663666,1
-28.325832583258325,-56.65166516651665,1
-28.31983198319832,-56.63966396639664,1
-28.313831383138314,-56.62766276627663,1
-28.30783078307831,-56.61566156615662,1
-28.301830183018303,-56.60366036603661,1
-28.295829582958294,-56.59165916591659,1
-28.28982898289829,-56.57965796579658,1
-28.283828382838283,-56.56765676567657,1
-28.277827782778278,-56.555655565556556,1
-28.271827182718273,-56.543654365436545,1
-28.265826582658267,-56.531653165316534,1
-28.259825982598258,-56.519651965196516,1
-28.253825382538253,-56.507650765076505,1
-28.247824782478247,-56.495649564956494,1
-28.24182418241824,-56.48364836483648,1
-28.235823582358236,-56.47164716471647,1
-28.22982298229823,-56.45964596459646,1
-28.223822382238225,-56.44764476447645,1
-28.21782178217822,-56.43564356435644,1
-28.21182118211821,-56.42364236423642,1
-28.205820582058205,-56.41164116411641,1
-28.1998199819982,-56.3996399639964,1
-28.193819381938194,-56.38763876387639,1
-28.18781878187819,-56.37563756375638,1
-28.181818181818183,-56.36363636363637,1
-28.175817581758174,-56.35163516351635,1
-28.16981698169817,-56.33963396339634,1
-28.163816381638163,-56.32763276327633,1
-28.157815781578158,-56.315631563156316,1
-28.151815181518153,-56.303630363036305,1
-28.145814581458147,-56.291629162916294,1
-28.13981398139814,-56.27962796279628,1
-28.133813381338133,-56.267626762676265,1
-28.127812781278127,-56.255625562556254,1
-28.12181218121812,-56.24362436243624,1
-28.115811581158116,-56.23162316231623,1
-28.10981098109811,-56.21962196219622,1
-28.103810381038105,-56.20762076207621,1
-28.097809780978096,-56.19561956195619,1
-28.09180918091809,-56.18361836183618,1
-28.085808580858085,-56.17161716171617,1
-28.07980798079808,-56.15961596159616,1
-28.073807380738074,-56.14761476147615,1
-28.06780678067807,-56.13561356135614,1
-28.061806180618063,-56.12361236123613,1
-28.055805580558054,-56.11161116111611,1
-28.04980498049805,-56.0996099609961,1
-28.043804380438043,-56.08760876087609,1
-28.037803780378038,-56.075607560756076,1
-28.031803180318033,-56.063606360636065,1
-28.025802580258027,-56.051605160516054,1
-28.01980198019802,-56.03960396039604,1
-28.013801380138013,-56.027602760276025,1
-28.007800780078007,-56.015601560156014,1
-28.001800180018,-56.003600360036,1
-27.995799579957996,-55.99159915991599,1
-27.98979897989799,-55.97959795979598,1
-27.983798379837985,-55.96759675967597,1
-27.97779777977798,-55.95559555955596,1
-27.97179717971797,-55.94359435943594,1
-27.965796579657965,-55.93159315931593,1
-27.95979597959796,-55.91959195919592,1
-27.953795379537954,-55.90759075907591,1
-27.94779477947795,-55.8955895589559,1
-27.941794179417943,-55.88358835883589,1
-27.935793579357934,-55.87158715871587,1
-27.92979297929793,-55.85958595859586,1
-27.923792379237923,-55.84758475847585,1
-27.917791779177918,-55.835583558355836,1
-27.911791179117913,-55.823582358235825,1
-27.905790579057907,-55.811581158115814,1
-27.8997899789979,-55.7995799579958,1
-27.893789378937893,-55.787578757875785,1
-27.887788778877887,-55.775577557755774,1
-27.88178817881788,-55.76357635763576,1
-27.875787578757876,-55.75157515751575,1
-27.86978697869787,-55.73957395739574,1
-27.863786378637865,-55.72757275727573,1
-27.857785778577856,-55.71557155715571,1
-27.85178517851785,-55.7035703570357,1
-27.845784578457845,-55.69156915691569,1
-27.83978397839784,-55.67956795679568,1
-27.833783378337834,-55.66756675667567,1
-27.82778277827783,-55.65556555655566,1
-27.821782178217823,-55.64356435643565,1
-27.815781578157814,-55.63156315631563,1
-27.80978097809781,-55.61956195619562,1
-27.803780378037803,-55.60756075607561,1
-27.797779777977798,-55.595559555955596,1
-27.791779177917793,-55.583558355835585,1
-27.785778577857787,-55.571557155715574,1
-27.779777977797778,-55.559555955595556,1
-27.773777377737773,-55.547554755475545,1
-27.767776777677767,-55.535553555355534,1
-27.76177617761776,-55.52355235523552,1
-27.755775577557756,-55.51155115511551,1
-27.74977497749775,-55.4995499549955,1
-27.743774377437745,-55.48754875487549,1
-27.73777377737774,-55.47554755475548,1
-27.73177317731773,-55.46354635463546,1
-27.725772577257725,-55.45154515451545,1
-27.71977197719772,-55.43954395439544,1
-27.713771377137714,-55.42754275427543,1
-27.70777077707771,-55.41554155415542,1
-27.701770177017703,-55.40354035403541,1
-27.695769576957694,-55.39153915391539,1
-27.68976897689769,-55.37953795379538,1
-27.683768376837683,-55.36753675367537,1
-27.677767776777678,-55.355535553555356,1
-27.671767176717672,-55.343534353435345,1
-27.665766576657667,-55.331533153315334,1
-27.65976597659766,-55.31953195319532,1
-27.653765376537653,-55.307530753075305,1
-27.647764776477647,-55.295529552955294,1
-27.64176417641764,-55.28352835283528,1
-27.635763576357636,-55.27152715271527,1
-27.62976297629763,-55.25952595259526,1
-27.623762376237625,-55.24752475247525,1
-27.617761776177616,-55.23552355235523,1
-27.61176117611761,-55.22352235223522,1
-27.605760576057605,-55.21152115211521,1
-27.5997599759976,-55.1995199519952,1
-27.593759375937594,-55.18751875187519,1
-27.58775877587759,-55.17551755175518,1
-27.581758175817583,-55.16351635163517,1
-27.575757575757578,-55.151515151515156,1
-27.56975697569757,-55.13951395139514,1
-27.563756375637563,-55.12751275127513,1
-27.557755775577558,-55.115511551155116,1
-27.551755175517552,-55.103510351035105,1
-27.545754575457547,-55.091509150915094,1
-27.539753975397538,-55.079507950795076,1
-27.533753375337533,-55.067506750675065,1
-27.527752775277527,-55.055505550555054,1
-27.52175217521752,-55.04350435043504,1
-27.515751575157516,-55.03150315031503,1
-27.50975097509751,-55.01950195019502,1
-27.503750375037505,-55.00750075007501,1
-27.4977497749775,-54.995499549955,1
-27.49174917491749,-54.98349834983498,1
-27.485748574857485,-54.97149714971497,1
-27.47974797479748,-54.95949594959496,1
-27.473747374737474,-54.94749474947495,1
-27.46774677467747,-54.93549354935494,1
-27.461746174617463,-54.92349234923493,1
-27.455745574557454,-54.91149114911491,1
-27.44974497449745,-54.8994899489949,1
-27.443744374437443,-54.88748874887489,1
-27.437743774377438,-54.875487548754876,1
-27.431743174317432,-54.863486348634865,1
-27.425742574257427,-54.851485148514854,1
-27.41974197419742,-54.83948394839484,1
-27.413741374137413,-54.827482748274825,1
-27.407740774077407,-54.815481548154814,1
-27.4017401740174,-54.8034803480348,1
-27.395739573957396,-54.79147914791479,1
-27.38973897389739,-54.77947794779478,1
-27.383738373837385,-54.76747674767477,1
-27.377737773777376,-54.75547554755475,1
-27.37173717371737,-54.74347434743474,1
-27.365736573657365,-54.73147314731473,1
-27.35973597359736,-54.71947194719472,1
-27.353735373537354,-54.70747074707471,1
-27.34773477347735,-54.6954695469547,1
-27.341734173417343,-54.68346834683469,1
-27.335733573357338,-54.671467146714676,1
-27.32973297329733,-54.65946594659466,1
-27.323732373237323,-54.64746474647465,1
-27.317731773177318,-54.635463546354636,1
-27.311731173117312,-54.623462346234625,1
-27.305730573057307,-54.611461146114614,1
-27.299729972997298,-54.599459945994596,1
-27.293729372937293,-54.587458745874585,1
-27.287728772877287,-54.575457545754574,1
-27.28172817281728,-54.56345634563456,1
-27.275727572757276,-54.55145514551455,1
-27.26972697269727,-54.53945394539454,1
-27.263726372637265,-54.52745274527453,1
-27.25772577257726,-54.51545154515452,1
-27.25172517251725,-54.5034503450345,1
-27.245724572457245,-54.49144914491449,1
-27.23972397239724,-54.47944794479448,1
-27.233723372337234,-54.46744674467447,1
-27.22772277227723,-54.45544554455446,1
-27.221722172217223,-54.44344434443445,1
-27.215721572157214,-54.43144314431443,1
-27.20972097209721,-54.41944194419442,1
-27.203720372037203,-54.40744074407441,1
-27.197719771977198,-54.395439543954396,1
-27.191719171917192,-54.383438343834385,1
-27.185718571857187,-54.371437143714374,1
-27.17971797179718,-54.35943594359436,1
-27.173717371737172,-54.347434743474345,1
-27.167716771677167,-54.335433543354334,1
-27.16171617161716,-54.32343234323432,1
-27.155715571557156,-54.31143114311431,1
-27.14971497149715,-54.2994299429943,1
-27.143714371437145,-54.28742874287429,1
-27.137713771377136,-54.27542754275427,1
-27.13171317131713,-54.26342634263426,1
-27.125712571257125,-54.25142514251425,1
-27.11971197119712,-54.23942394239424,1
-27.113711371137114,-54.22742274227423,1
-27.10771077107711,-54.21542154215422,1
-27.101710171017103,-54.20342034203421,1
-27.095709570957098,-54.191419141914196,1
-27.08970897089709,-54.17941794179418,1
-27.083708370837083,-54.16741674167417,1
-27.077707770777078,-54.155415541554156,1
-27.071707170717072,-54.143414341434145,1
-27.065706570657067,-54.131413141314134,1
-27.059705970597058,-54.119411941194116,1
-27.053705370537052,-54.107410741074105,1
-27.047704770477047,-54.095409540954094,1
-27.04170417041704,-54.08340834083408,1
-27.035703570357036,-54.07140714071407,1
-27.02970297029703,-54.05940594059406,1
-27.023702370237025,-54.04740474047405,1
-27.01770177017702,-54.03540354035404,1
-27.01170117011701,-54.02340234023402,1
-27.005700570057005,-54.01140114011401,1
-26.999699969997,-53.999399939994,1
-26.993699369936994,-53.98739873987399,1
-26.98769876987699,-53.97539753975398,1
-26.981698169816983,-53.96339633963397,1
-26.975697569756974,-53.95139513951395,1
-26.96969696969697,-53.93939393939394,1
-26.963696369636963,-53.92739273927393,1
-26.957695769576958,-53.915391539153916,1
-26.951695169516952,-53.903390339033905,1
-26.945694569456947,-53.891389138913894,1
-26.93969396939694,-53.87938793879388,1
-26.933693369336932,-53.867386738673865,1
-26.927692769276927,-53.855385538553854,1
-26.92169216921692,-53.84338433843384,1
-26.915691569156916,-53.83138313831383,1
-26.90969096909691,-53.81938193819382,1
-26.903690369036905,-53.80738073807381,1
-26.897689768976896,-53.79537953795379,1
-26.89168916891689,-53.78337833783378,1
-26.885688568856885,-53.77137713771377,1
-26.87968796879688,-53.75937593759376,1
-26.873687368736874,-53.74737473747375,1
-26.86768676867687,-53.73537353735374,1
-26.861686168616863,-53.72337233723373,1
-26.855685568556858,-53.711371137113716,1
-26.84968496849685,-53.6993699369937,1
-26.843684368436843,-53.68736873687369,1
-26.837683768376838,-53.675367536753676,1
-26.831683168316832,-53.663366336633665,1
-26.825682568256827,-53.651365136513654,1
-26.819681968196818,-53.639363936393636,1
-26.813681368136812,-53.627362736273625,1
-26.807680768076807,-53.615361536153614,1
-26.8016801680168,-53.6033603360336,1
-26.795679567956796,-53.59135913591359,1
-26.78967896789679,-53.57935793579358,1
-26.783678367836785,-53.56735673567357,1
-26.77767776777678,-53.55535553555356,1
-26.77167716771677,-53.54335433543354,1
-26.765676567656765,-53.53135313531353,1
-26.75967596759676,-53.51935193519352,1
-26.753675367536754,-53.50735073507351,1
-26.74767476747675,-53.4953495349535,1
-26.741674167416743,-53.48334833483349,1
-26.735673567356734,-53.47134713471347,1
-26.72967296729673,-53.45934593459346,1
-26.723672367236723,-53.44734473447345,1
-26.717671767176718,-53.435343534353436,1
-26.711671167116712,-53.423342334233425,1
-26.705670567056707,-53.411341134113414,1
-26.6996699669967,-53.3993399339934,1
-26.693669366936692,-53.387338733873385,1
-26.687668766876687,-53.375337533753374,1
-26.68166816681668,-53.36333633363336,1
-26.675667566756676,-53.35133513351335,1
-26.66966696669667,-53.33933393339334,1
-26.663666366636665,-53.32733273327333,1
-26.657665766576656,-53.31533153315331,1
-26.65166516651665,-53.3033303330333,1
-26.645664566456645,-53.29132913291329,1
-26.63966396639664,-53.27932793279328,1
-26.633663366336634,-53.26732673267327,1
-26.62766276627663,-53.25532553255326,1
-26.621662166216623,-53.24332433243325,1
-26.615661566156618,-53.231323132313236,1
-26.60966096609661,-53.21932193219322,1
-26.603660366036603,-53.20732073207321,1
-26.597659765976598,-53.195319531953196,1
-26.591659165916592,-53.183318331833185,1
-26.585658565856587,-53.171317131713174,1
-26.579657965796578,-53.159315931593156,1
-26.573657365736572,-53.147314731473145,1
-26.567656765676567,-53.135313531353134,1
-26.56165616561656,-53.12331233123312,1
-26.555655565556556,-53.11131113111311,1
-26.54965496549655,-53.0993099309931,1
-26.543654365436545,-53.08730873087309,1
-26.53765376537654,-53.07530753075308,1
-26.53165316531653,-53.06330633063306,1
-26.525652565256525,-53.05130513051305,1
-26.51965196519652,-53.03930393039304,1
-26.513651365136514,-53.02730273027303,1
-26.50765076507651,-53.01530153015302,1
-26.501650165016503,-53.00330033003301,1
-26.495649564956494,-52.99129912991299,1
-26.48964896489649,-52.97929792979298,1
-26.483648364836483,-52.96729672967297,1
-26.477647764776478,-52.955295529552956,1
-26.471647164716472,-52.943294329432945,1
-26.465646564656467,-52.931293129312934,1
-26.45964596459646,-52.91929192919292,1
-26.453645364536452,-52.907290729072905,1
-26.447644764476447,-52.895289528952894,1
-26.44164416441644,-52.88328832883288,1
-26.435643564356436,-52.87128712871287,1
-26.42964296429643,-52.85928592859286,1
-26.423642364236425,-52.84728472847285,1
-26.417641764176416,-52.83528352835283,1
-26.41164116411641,-52.82328232823282,1
-26.405640564056405,-52.81128112811281,1
-26.3996399639964,-52.7992799279928,1
-26.393639363936394,-52.78727872787279,1
-26.38763876387639,-52.77527752775278,1
-26.381638163816383,-52.76327632763277,1
-26.375637563756378,-52.751275127512756,1
-26.36963696369637,-52.73927392739274,1
-26.363636363636363,-52.72727272727273,1
-26.357635763576358,-52.715271527152716,1
-26.351635163516352,-52.703270327032705,1
-26.345634563456347,-52.691269126912694,1
-26.339633963396338,-52.679267926792676,1
-26.333633363336332,-52.667266726672665,1
-26.327632763276327,-52.655265526552654,1
-26.32163216321632,-52.64326432643264,1
-26.315631563156316,-52.63126312631263,1
-26.30963096309631,-52.61926192619262,1
-26.303630363036305,-52.60726072607261,1
-26.2976297629763,-52.5952595259526,1
-26.29162916291629,-52.58325832583258,1
-26.285628562856285,-52.57125712571257,1
-26.27962796279628,-52.55925592559256,1
-26.273627362736274,-52.54725472547255,1
-26.26762676267627,-52.53525352535254,1
-26.261626162616263,-52.52325232523253,1
-26.255625562556254,-52.51125112511251,1
-26.24962496249625,-52.4992499249925,1
-26.243624362436243,-52.48724872487249,1
-26.237623762376238,-52.475247524752476,1
-26.231623162316232,-52.463246324632465,1
-26.225622562256227,-52.451245124512454,1
-26.21962196219622,-52.43924392439244,1
-26.213621362136212,-52.427242724272425,1
-26.207620762076207,-52.415241524152414,1
-26.2016201620162,-52.4032403240324,1
-26.195619561956196,-52.39123912391239,1
-26.18961896189619,-52.37923792379238,1
-26.183618361836185,-52.36723672367237,1
-26.177617761776176,-52.35523552355235,1
-26.17161716171617,-52.34323432343234,1
-26.165616561656165,-52.33123312331233,1
-26.15961596159616,-52.31923192319232,1
-26.153615361536154,-52.30723072307231,1
-26.14761476147615,-52.2952295229523,1
-26.141614161416143,-52.28322832283229,1
-26.135613561356138,-52.271227122712276,1
-26.12961296129613,-52.25922592259226,1
-26.123612361236123,-52.24722472247225,1
-26.117611761176118,-52.235223522352236,1
-26.111611161116112,-52.223222322232225,1
-26.105610561056107,-52.211221122112214,1
-26.0996099609961,-52.1992199219922,1
-26.093609360936092,-52.187218721872185,1
-26.087608760876087,-52.175217521752174,1
-26.08160816081608,-52.16321632163216,1
-26.075607560756076,-52.15121512151215,1
-26.06960696069607,-52.13921392139214,1
-26.063606360636065,-52.12721272127213,1
-26.05760576057606,-52.11521152115212,1
-26.05160516051605,-52.1032103210321,1
-26.045604560456045,-52.09120912091209,1
-26.03960396039604,-52.07920792079208,1
-26.033603360336034,-52.06720672067207,1
-26.02760276027603,-52.05520552055206,1
-26.021602160216023,-52.04320432043205,1
-26.015601560156014,-52.03120312031203,1
-26.00960096009601,-52.01920192019202,1
-26.003600360036003,-52.00720072007201,1
-25.997599759975998,-51.995199519951996,1
-25.991599159915992,-51.983198319831985,1
-25.985598559855987,-51.971197119711974,1
-25.97959795979598,-51.95919591959196,1
-25.973597359735976,-51.94719471947195,1
-25.967596759675967,-51.935193519351934,1
-25.96159615961596,-51.92319231923192,1
-25.955595559555956,-51.91119111911191,1
-25.94959495949595,-51.8991899189919,1
-25.943594359435945,-51.88718871887189,1
-25.937593759375936,-51.87518751875187,1
-25.93159315931593,-51.86318631863186,1
-25.925592559255925,-51.85118511851185,1
-25.91959195919592,-51.83918391839184,1
-25.913591359135914,-51.82718271827183,1
-25.90759075907591,-51.81518151815182,1
-25.901590159015903,-51.80318031803181,1
-25.895589558955898,-51.791179117911796,1
-25.88958895889589,-51.77917791779178,1
-25.883588358835883,-51.76717671767177,1
-25.877587758775878,-51.755175517551756,1
-25.871587158715872,-51.743174317431745,1
-25.865586558655867,-51.731173117311734,1
-25.859585958595858,-51.719171917191716,1
-25.853585358535852,-51.707170717071705,1
-25.847584758475847,-51.695169516951694,1
-25.84158415841584,-51.68316831683168,1
-25.835583558355836,-51.67116711671167,1
-25.82958295829583,-51.65916591659166,1
-25.823582358235825,-51.64716471647165,1
-25.81758175817582,-51.63516351635164,1
-25.81158115811581,-51.62316231623162,1
-25.805580558055805,-51.61116111611161,1
-25.7995799579958,-51.5991599159916,1
-25.793579357935794,-51.58715871587159,1
-25.78757875787579,-51.57515751575158,1
-25.78157815781578,-51.56315631563156,1
-25.775577557755774,-51.55115511551155,1
-25.76957695769577,-51.53915391539154,1
-25.763576357635763,-51.52715271527153,1
-25.757575757575758,-51.515151515151516,1
-25.751575157515752,-51.503150315031505,1
-25.745574557455747,-51.491149114911494,1
-25.73957395739574,-51.47914791479148,1
-25.733573357335736,-51.46714671467147,1
-25.727572757275727,-51.455145514551454,1
-25.72157215721572,-51.44314431443144,1
-25.715571557155716,-51.43114311431143,1
-25.70957095709571,-51.41914191419142,1
-25.703570357035705,-51.40714071407141,1
-25.697569756975696,-51.39513951395139,1
-25.69156915691569,-51.38313831383138,1
-25.685568556855685,-51.37113711371137,1
-25.67956795679568,-51.35913591359136,1
-25.673567356735674,-51.34713471347135,1
-25.66756675667567,-51.33513351335134,1
-25.661566156615663,-51.323132313231326,1
-25.655565556555658,-51.311131113111315,1
-25.64956495649565,-51.2991299129913,1
-25.643564356435643,-51.28712871287129,1
-25.637563756375638,-51.275127512751276,1
-25.631563156315632,-51.263126312631265,1
-25.625562556255627,-51.251125112511254,1
-25.619561956195618,-51.239123912391236,1
-25.613561356135612,-51.227122712271225,1
-25.607560756075607,-51.215121512151214,1
-25.6015601560156,-51.2031203120312,1
-25.595559555955596,-51.19111911191119,1
-25.58955895589559,-51.17911791179118,1
-25.583558355835585,-51.16711671167117,1
-25.57755775577558,-51.15511551155116,1
-25.57155715571557,-51.14311431143114,1
-25.565556555655565,-51.13111311131113,1
-25.55955595559556,-51.11911191119112,1
-25.553555355535554,-51.10711071107111,1
-25.54755475547555,-51.0951095109511,1
-25.54155415541554,-51.08310831083108,1
-25.535553555355534,-51.07110711071107,1
-25.52955295529553,-51.05910591059106,1
-25.523552355235523,-51.04710471047105,1
-25.517551755175518,-51.035103510351036,1
-25.511551155115512,-51.023102310231025,1
-25.505550555055507,-51.011101110111014,1
-25.4995499549955,-50.999099909991,1
-25.493549354935496,-50.98709870987099,1
-25.487548754875487,-50.975097509750974,1
-25.48154815481548,-50.96309630963096,1
-25.475547554755476,-50.95109510951095,1
-25.46954695469547,-50.93909390939094,1
-25.463546354635465,-50.92709270927093,1
-25.457545754575456,-50.91509150915091,1
-25.45154515451545,-50.9030903090309,1
-25.445544554455445,-50.89108910891089,1
-25.43954395439544,-50.87908790879088,1
-25.433543354335434,-50.86708670867087,1
-25.42754275427543,-50.85508550855086,1
-25.421542154215423,-50.843084308430846,1
-25.415541554155418,-50.831083108310835,1
-25.40954095409541,-50.81908190819082,1
-25.403540354035403,-50.80708070807081,1
-25.397539753975398,-50.795079507950796,1
-25.391539153915392,-50.783078307830785,1
-25.385538553855387,-50.771077107710774,1
-25.379537953795378,-50.759075907590756,1
-25.373537353735372,-50.747074707470745,1
-25.367536753675367,-50.735073507350734,1
-25.36153615361536,-50.72307230723072,1
-25.355535553555356,-50.71107110711071,1
-25.34953495349535,-50.6990699069907,1
-25.343534353435345,-50.68706870687069,1
-25.33753375337534,-50.67506750675068,1
-25.331533153315334,-50.66306630663067,1
-25.325532553255325,-50.65106510651065,1
-25.31953195319532,-50.63906390639064,1
-25.313531353135314,-50.62706270627063,1
-25.30753075307531,-50.61506150615062,1
-25.301530153015303,-50.603060306030606,1
-25.295529552955294,-50.59105910591059,1
-25.28952895289529,-50.57905790579058,1
-25.283528352835283,-50.567056705670566,1
-25.277527752775278,-50.555055505550555,1
-25.271527152715272,-50.543054305430545,1
-25.265526552655267,-50.531053105310534,1
-25.25952595259526,-50.51905190519052,1
-25.253525352535256,-50.50705070507051,1
-25.247524752475247,-50.495049504950494,1
-25.24152415241524,-50.48304830483048,1
-25.235523552355236,-50.47104710471047,1
-25.22952295229523,-50.45904590459046,1
-25.223522352235225,-50.44704470447045,1
-25.217521752175216,-50.43504350435043,1
-25.21152115211521,-50.42304230423042,1
-25.205520552055205,-50.41104110411041,1
-25.1995199519952,-50.3990399039904,1
-25.193519351935194,-50.38703870387039,1
-25.18751875187519,-50.37503750375038,1
-25.181518151815183,-50.363036303630366,1
-25.175517551755178,-50.351035103510355,1
-25.16951695169517,-50.33903390339034,1
-25.163516351635163,-50.327032703270326,1
-25.157515751575158,-50.315031503150315,1
-25.151515151515152,-50.303030303030305,1
-25.145514551455147,-50.291029102910294,1
-25.139513951395138,-50.279027902790276,1
-25.133513351335132,-50.267026702670265,1
-25.127512751275127,-50.255025502550254,1
-25.12151215121512,-50.24302430243024,1
-25.115511551155116,-50.23102310231023,1
-25.10951095109511,-50.21902190219022,1
-25.103510351035105,-50.20702070207021,1
-25.0975097509751,-50.1950195019502,1
-25.091509150915094,-50.18301830183019,1
-25.085508550855085,-50.17101710171017,1
-25.07950795079508,-50.15901590159016,1
-25.073507350735074,-50.14701470147015,1
-25.06750675067507,-50.13501350135014,1
-25.061506150615063,-50.123012301230126,1
-25.055505550555054,-50.11101110111011,1
-25.04950495049505,-50.0990099009901,1
-25.043504350435043,-50.087008700870086,1
-25.037503750375038,-50.075007500750075,1
-25.031503150315032,-50.063006300630065,1
-25.025502550255027,-50.051005100510054,1
-25.01950195019502,-50.03900390039004,1
-25.013501350135016,-50.02700270027003,1
-25.007500750075007,-50.015001500150014,1
-25.001500150015,-50.00300030003,1
-24.995499549954996,-49.99099909990999,1
-24.98949894989499,-49.97899789978998,1
-24.983498349834985,-49.96699669966997,1
-24.977497749774976,-49.95499549954995,1
-24.97149714971497,-49.94299429942994,1
-24.965496549654965,-49.93099309930993,1
-24.95949594959496,-49.91899189918992,1
-24.953495349534954,-49.90699069906991,1
-24.94749474947495,-49.8949894989499,1
-24.941494149414943,-49.882988298829886,1
-24.935493549354938,-49.870987098709875,1
-24.92949294929493,-49.85898589858986,1
-24.923492349234923,-49.846984698469846,1
-24.917491749174918,-49.834983498349835,1
-24.911491149114912,-49.822982298229824,1
-24.905490549054907,-49.810981098109814,1
-24.899489948994898,-49.798979897989796,1
-24.893489348934892,-49.786978697869785,1
-24.887488748874887,-49.774977497749774,1
-24.88148814881488,-49.76297629762976,1
-24.875487548754876,-49.75097509750975,1
-24.86948694869487,-49.73897389738974,1
-24.863486348634865,-49.72697269726973,1
-24.85748574857486,-49.71497149714972,1
-24.851485148514854,-49.70297029702971,1
-24.845484548454845,-49.69096909690969,1
-24.83948394839484,-49.67896789678968,1
-24.833483348334834,-49.66696669666967,1
-24.82748274827483,-49.65496549654966,1
-24.821482148214823,-49.642964296429646,1
-24.815481548154814,-49.63096309630963,1
-24.80948094809481,-49.61896189618962,1
-24.803480348034803,-49.606960696069606,1
-24.797479747974798,-49.594959495949595,1
-24.791479147914792,-49.582958295829584,1
-24.785478547854787,-49.57095709570957,1
-24.77947794779478,-49.55895589558956,1
-24.773477347734776,-49.54695469546955,1
-24.767476747674767,-49.534953495349534,1
-24.76147614761476,-49.52295229522952,1
-24.755475547554756,-49.51095109510951,1
-24.74947494749475,-49.4989498949895,1
-24.743474347434745,-49.48694869486949,1
-24.737473747374736,-49.47494749474947,1
-24.73147314731473,-49.46294629462946,1
-24.725472547254725,-49.45094509450945,1
-24.71947194719472,-49.43894389438944,1
-24.713471347134714,-49.42694269426943,1
-24.70747074707471,-49.41494149414942,1
-24.701470147014703,-49.402940294029406,1
-24.695469546954698,-49.390939093909395,1
-24.68946894689469,-49.37893789378938,1
-24.683468346834683,-49.366936693669366,1
-24.677467746774678,-49.354935493549355,1
-24.671467146714672,-49.342934293429344,1
-24.665466546654667,-49.33093309330933,1
-24.659465946594658,-49.318931893189315,1
-24.653465346534652,-49.306930693069305,1
-24.647464746474647,-49.294929492949294,1
-24.64146414641464,-49.28292829282928,1
-24.635463546354636,-49.27092709270927,1
-24.62946294629463,-49.25892589258926,1
-24.623462346234625,-49.24692469246925,1
-24.61746174617462,-49.23492349234924,1
-24.611461146114614,-49.22292229222923,1
-24.605460546054605,-49.21092109210921,1
-24.5994599459946,-49.1989198919892,1
-24.593459345934594,-49.18691869186919,1
-24.58745874587459,-49.17491749174918,1
-24.581458145814583,-49.162916291629166,1
-24.575457545754574,-49.15091509150915,1
-24.56945694569457,-49.13891389138914,1
-24.563456345634563,-49.126912691269126,1
-24.557455745574558,-49.114911491149115,1
-24.551455145514552,-49.102910291029104,1
-24.545454545454547,-49.09090909090909,1
-24.53945394539454,-49.07890789078908,1
-24.533453345334536,-49.06690669066907,1
-24.527452745274527,-49.054905490549054,1
-24.52145214521452,-49.04290429042904,1
-24.515451545154516,-49.03090309030903,1
-24.50945094509451,-49.01890189018902,1
-24.503450345034505,-49.00690069006901,1
-24.497449744974496,-48.99489948994899,1
-24.49144914491449,-48.98289828982898,1
-24.485448544854485,-48.97089708970897,1
-24.47944794479448,-48.95889588958896,1
-24.473447344734474,-48.94689468946895,1
-24.46744674467447,-48.93489348934894,1
-24.461446144614463,-48.922892289228926,1
-24.455445544554458,-48.910891089108915,1
-24.44944494449445,-48.8988898889889,1
-24.443444344434443,-48.886888688868886,1
-24.437443744374438,-48.874887488748875,1
-24.431443144314432,-48.862886288628864,1
-24.425442544254427,-48.85088508850885,1
-24.419441944194418,-48.838883888388835,1
-24.413441344134412,-48.826882688268824,1
-24.407440744074407,-48.814881488148814,1
-24.4014401440144,-48.8028802880288,1
-24.395439543954396,-48.79087908790879,1
-24.38943894389439,-48.77887788778878,1
-24.383438343834385,-48.76687668766877,1
-24.37743774377438,-48.75487548754876,1
-24.371437143714374,-48.74287428742875,1
-24.365436543654365,-48.73087308730873,1
-24.35943594359436,-48.71887188718872,1
-24.353435343534354,-48.70687068706871,1
-24.34743474347435,-48.6948694869487,1
-24.341434143414343,-48.682868286828686,1
-24.335433543354334,-48.67086708670867,1
-24.32943294329433,-48.65886588658866,1
-24.323432343234323,-48.646864686468646,1
-24.317431743174318,-48.634863486348635,1
-24.311431143114312,-48.622862286228624,1
-24.305430543054307,-48.61086108610861,1
-24.2994299429943,-48.5988598859886,1
-24.293429342934296,-48.58685868586859,1
-24.287428742874287,-48.57485748574857,1
-24.28142814281428,-48.56285628562856,1
-24.275427542754276,-48.55085508550855,1
-24.26942694269427,-48.53885388538854,1
-24.263426342634265,-48.52685268526853,1
-24.257425742574256,-48.51485148514851,1
-24.25142514251425,-48.5028502850285,1
-24.245424542454245,-48.49084908490849,1
-24.23942394239424,-48.47884788478848,1
-24.233423342334234,-48.46684668466847,1
-24.22742274227423,-48.45484548454846,1
-24.221422142214223,-48.442844284428446,1
-24.215421542154218,-48.430843084308435,1
-24.20942094209421,-48.41884188418842,1
-24.203420342034203,-48.406840684068406,1
-24.197419741974198,-48.394839483948395,1
-24.191419141914192,-48.382838283828384,1
-24.185418541854187,-48.37083708370837,1
-24.179417941794178,-48.358835883588355,1
-24.173417341734172,-48.346834683468344,1
-24.167416741674167,-48.33483348334833,1
-24.16141614161416,-48.32283228322832,1
-24.155415541554156,-48.31083108310831,1
-24.14941494149415,-48.2988298829883,1
-24.143414341434145,-48.28682868286829,1
-24.13741374137414,-48.27482748274828,1
-24.131413141314134,-48.26282628262827,1
-24.125412541254125,-48.25082508250825,1
-24.11941194119412,-48.23882388238824,1
-24.113411341134114,-48.22682268226823,1
-24.10741074107411,-48.21482148214822,1
-24.101410141014103,-48.202820282028206,1
-24.095409540954094,-48.19081908190819,1
-24.08940894089409,-48.17881788178818,1
-24.083408340834083,-48.166816681668166,1
-24.077407740774078,-48.154815481548155,1
-24.071407140714072,-48.142814281428144,1
-24.065406540654067,-48.13081308130813,1
-24.05940594059406,-48.11881188118812,1
-24.053405340534056,-48.10681068106811,1
-24.047404740474047,-48.09480948094809,1
-24.04140414041404,-48.08280828082808,1
-24.035403540354036,-48.07080708070807,1
-24.02940294029403,-48.05880588058806,1
-24.023402340234025,-48.04680468046805,1
-24.017401740174016,-48.03480348034803,1
-24.01140114011401,-48.02280228022802,1
-24.005400540054005,-48.01080108010801,1
-23.999399939994,-47.998799879988,1
-23.993399339933994,-47.98679867986799,1
-23.98739873987399,-47.97479747974798,1
-23.981398139813983,-47.962796279627966,1
-23.975397539753978,-47.950795079507955,1
-23.96939693969397,-47.93879387938794,1
-23.963396339633963,-47.926792679267926,1
-23.957395739573958,-47.914791479147915,1
-23.951395139513952,-47.902790279027904,1
-23.945394539453947,-47.89078907890789,1
-23.939393939393938,-47.878787878787875,1
-23.933393339333932,-47.866786678667864,1
-23.927392739273927,-47.85478547854785,1
-23.92139213921392,-47.84278427842784,1
-23.915391539153916,-47.83078307830783,1
-23.90939093909391,-47.81878187818782,1
-23.903390339033905,-47.80678067806781,1
-23.8973897389739,-47.7947794779478,1
-23.891389138913894,-47.78277827782779,1
-23.885388538853885,-47.77077707770777,1
-23.87938793879388,-47.75877587758776,1
-23.873387338733874,-47.74677467746775,1
-23.86738673867387,-47.73477347734774,1
-23.861386138613863,-47.722772277227726,1
-23.855385538553854,-47.71077107710771,1
-23.84938493849385,-47.6987698769877,1
-23.843384338433843,-47.686768676867686,1
-23.837383738373838,-47.674767476747675,1
-23.831383138313832,-47.662766276627664,1
-23.825382538253827,-47.65076507650765,1
-23.81938193819382,-47.63876387638764,1
-23.813381338133816,-47.62676267626763,1
-23.807380738073807,-47.61476147614761,1
-23.8013801380138,-47.6027602760276,1
-23.795379537953796,-47.59075907590759,1
-23.78937893789379,-47.57875787578758,1
-23.783378337833785,-47.56675667566757,1
-23.777377737773776,-47.55475547554755,1
-23.77137713771377,-47.54275427542754,1
-23.765376537653765,-47.53075307530753,1
-23.75937593759376,-47.51875187518752,1
-23.753375337533754,-47.50675067506751,1
-23.74737473747375,-47.4947494749475,1
-23.741374137413743,-47.482748274827486,1
-23.735373537353738,-47.470747074707475,1
-23.72937293729373,-47.45874587458746,1
-23.723372337233723,-47.446744674467446,1
-23.717371737173718,-47.434743474347435,1
-23.711371137113712,-47.422742274227424,1
-23.705370537053707,-47.41074107410741,1
-23.699369936993698,-47.398739873987395,1
-23.693369336933692,-47.386738673867384,1
-23.687368736873687,-47.37473747374737,1
-23.68136813681368,-47.36273627362736,1
-23.675367536753676,-47.35073507350735,1
-23.66936693669367,-47.33873387338734,1
-23.663366336633665,-47.32673267326733,1
-23.65736573657366,-47.31473147314732,1
-23.651365136513654,-47.30273027302731,1
-23.645364536453645,-47.29072907290729,1
-23.63936393639364,-47.27872787278728,1
-23.633363336333634,-47.26672667266727,1
-23.62736273627363,-47.25472547254726,1
-23.621362136213623,-47.242724272427246,1
-23.615361536153614,-47.23072307230723,1
-23.60936093609361,-47.21872187218722,1
-23.603360336033603,-47.206720672067206,1
-23.597359735973598,-47.194719471947195,1
-23.591359135913592,-47.182718271827184,1
-23.585358535853587,-47.17071707170717,1
-23.57935793579358,-47.15871587158716,1
-23.573357335733576,-47.14671467146715,1
-23.567356735673567,-47.13471347134713,1
-23.56135613561356,-47.12271227122712,1
-23.555355535553556,-47.11071107110711,1
-23.54935493549355,-47.0987098709871,1
-23.543354335433545,-47.08670867086709,1
-23.537353735373536,-47.07470747074707,1
-23.53135313531353,-47.06270627062706,1
-23.525352535253525,-47.05070507050705,1
-23.51935193519352,-47.03870387038704,1
-23.513351335133514,-47.02670267026703,1
-23.50735073507351,-47.01470147014702,1
-23.501350135013503,-47.002700270027006,1
-23.495349534953498,-46.990699069906995,1
-23.48934893489349,-46.97869786978698,1
-23.483348334833483,-46.966696669666966,1
-23.477347734773478,-46.954695469546955,1
-23.471347134713472,-46.942694269426944,1
-23.465346534653467,-46.93069306930693,1
-23.459345934593458,-46.918691869186915,1
-23.453345334533452,-46.906690669066904,1
-23.447344734473447,-46.89468946894689,1
-23.44134413441344,-46.88268826882688,1
-23.435343534353436,-46.87068706870687,1
-23.42934293429343,-46.85868586858686,1
-23.423342334233425,-46.84668466846685,1
-23.41734173417342,-46.83468346834684,1
-23.411341134113414,-46.82268226822683,1
-23.405340534053405,-46.81068106810681,1
-23.3993399339934,-46.7986798679868,1
-23.393339333933394,-46.78667866786679,1
-23.38733873387339,-46.77467746774678,1
-23.381338133813383,-46.762676267626766,1
-23.375337533753374,-46.75067506750675,1
-23.36933693369337,-46.73867386738674,1
-23.363336333633363,-46.726672667266726,1
-23.357335733573358,-46.714671467146715,1
-23.351335133513352,-46.702670267026704,1
-23.345334533453347,-46.69066906690669,1
-23.33933393339334,-46.67866786678668,1
-23.333333333333336,-46.66666666666667,1
-23.327332733273327,-46.65466546654665,1
-23.32133213321332,-46.64266426642664,1
-23.315331533153316,-46.63066306630663,1
-23.30933093309331,-46.61866186618662,1
-23.303330333033305,-46.60666066606661,1
-23.297329732973296,-46.59465946594659,1
-23.29132913291329,-46.58265826582658,1
-23.285328532853285,-46.57065706570657,1
-23.27932793279328,-46.55865586558656,1
-23.273327332733274,-46.54665466546655,1
-23.26732673267327,-46.53465346534654,1
-23.261326132613263,-46.522652265226526,1
-23.255325532553258,-46.510651065106515,1
-23.24932493249325,-46.4986498649865,1
-23.243324332433243,-46.486648664866486,1
-23.237323732373238,-46.474647464746475,1
-23.231323132313232,-46.462646264626464,1
-23.225322532253227,-46.45064506450645,1
-23.219321932193218,-46.438643864386435,1
-23.213321332133212,-46.426642664266424,1
-23.207320732073207,-46.41464146414641,1
-23.2013201320132,-46.4026402640264,1
-23.195319531953196,-46.39063906390639,1
-23.18931893189319,-46.37863786378638,1
-23.183318331833185,-46.36663666366637,1
-23.17731773177318,-46.35463546354636,1
-23.171317131713174,-46.34263426342635,1
-23.165316531653165,-46.33063306330633,1
-23.15931593159316,-46.31863186318632,1
-23.153315331533154,-46.30663066306631,1
-23.14731473147315,-46.2946294629463,1
-23.141314131413143,-46.282628262826286,1
-23.135313531353134,-46.27062706270627,1
-23.12931293129313,-46.25862586258626,1
-23.123312331233123,-46.246624662466246,1
-23.117311731173118,-46.234623462346235,1
-23.111311131113112,-46.222622262226224,1
-23.105310531053107,-46.21062106210621,1
-23.0993099309931,-46.1986198619862,1
-23.093309330933096,-46.18661866186619,1
-23.087308730873087,-46.17461746174617,1
-23.08130813081308,-46.16261626162616,1
-23.075307530753076,-46.15061506150615,1
-23.06930693069307,-46.13861386138614,1
-23.063306330633065,-46.12661266126613,1
-23.057305730573056,-46.11461146114611,1
-23.05130513051305,-46.1026102610261,1
-23.045304530453045,-46.09060906090609,1
-23.03930393039304,-46.07860786078608,1
-23.033303330333034,-46.06660666066607,1
-23.02730273027303,-46.05460546054606,1
-23.021302130213023,-46.042604260426046,1
-23.015301530153017,-46.030603060306035,1
-23.00930093009301,-46.01860186018602,1
-23.003300330033003,-46.006600660066006,1
-22.997299729972998,-45.994599459945995,1
-22.991299129912992,-45.982598259825984,1
-22.985298529852987,-45.97059705970597,1
-22.979297929792978,-45.958595859585955,1
-22.973297329732972,-45.946594659465944,1
-22.967296729672967,-45.93459345934593,1
-22.96129612961296,-45.92259225922592,1
-22.955295529552956,-45.91059105910591,1
-22.94929492949295,-45.8985898589859,1
-22.943294329432945,-45.88658865886589,1
-22.93729372937294,-45.87458745874588,1
-22.931293129312934,-45.86258625862587,1
-22.925292529252925,-45.85058505850585,1
-22.91929192919292,-45.83858385838584,1
-22.913291329132914,-45.82658265826583,1
-22.90729072907291,-45.81458145814582,1
-22.901290129012903,-45.802580258025806,1
-22.895289528952894,-45.79057905790579,1
-22.88928892889289,-45.77857785778578,1
-22.883288328832883,-45.766576657665766,1
-22.877287728772878,-45.754575457545755,1
-22.871287128712872,-45.742574257425744,1
-22.865286528652867,-45.73057305730573,1
-22.85928592859286,-45.71857185718572,1
-22.853285328532856,-45.70657065706571,1
-22.847284728472847,-45.69456945694569,1
-22.84128412841284,-45.68256825682568,1
-22.835283528352836,-45.67056705670567,1
-22.82928292829283,-45.65856585658566,1
-22.823282328232825,-45.64656465646565,1
-22.817281728172816,-45.63456345634563,1
-22.81128112811281,-45.62256225622562,1
-22.805280528052805,-45.61056105610561,1
-22.7992799279928,-45.5985598559856,1
-22.793279327932794,-45.58655865586559,1
-22.78727872787279,-45.57455745574558,1
-22.781278127812783,-45.562556255625566,1
-22.775277527752777,-45.550555055505555,1
-22.76927692769277,-45.53855385538554,1
-22.763276327632763,-45.526552655265526,1
-22.757275727572758,-45.514551455145515,1
-22.751275127512752,-45.502550255025504,1
-22.745274527452747,-45.49054905490549,1
-22.739273927392738,-45.478547854785475,1
-22.733273327332732,-45.466546654665464,1
-22.727272727272727,-45.45454545454545,1
-22.72127212721272,-45.44254425442544,1
-22.715271527152716,-45.43054305430543,1
-22.70927092709271,-45.41854185418542,1
-22.703270327032705,-45.40654065406541,1
-22.6972697269727,-45.3945394539454,1
-22.691269126912694,-45.38253825382539,1
-22.685268526852685,-45.37053705370537,1
-22.67926792679268,-45.35853585358536,1
-22.673267326732674,-45.34653465346535,1
-22.66726672667267,-45.33453345334534,1
-22.661266126612663,-45.322532253225326,1
-22.655265526552654,-45.31053105310531,1
-22.64926492649265,-45.2985298529853,1
-22.643264326432643,-45.286528652865286,1
-22.637263726372638,-45.274527452745275,1
-22.631263126312632,-45.262526252625264,1
-22.625262526252627,-45.25052505250525,1
-22.61926192619262,-45.23852385238524,1
-22.613261326132616,-45.22652265226523,1
-22.607260726072607,-45.21452145214521,1
-22.6012601260126,-45.2025202520252,1
-22.595259525952596,-45.19051905190519,1
-22.58925892589259,-45.17851785178518,1
-22.583258325832585,-45.16651665166517,1
-22.577257725772576,-45.15451545154515,1
-22.57125712571257,-45.14251425142514,1
-22.565256525652565,-45.13051305130513,1
-22.55925592559256,-45.11851185118512,1
-22.553255325532554,-45.10651065106511,1
-22.54725472547255,-45.0945094509451,1
-22.541254125412543,-45.082508250825086,1
-22.535253525352537,-45.070507050705075,1
-22.52925292529253,-45.05850585058506,1
-22.523252325232523,-45.046504650465046,1
-22.517251725172517,-45.034503450345035,1
-22.511251125112512,-45.022502250225024,1
-22.505250525052507,-45.01050105010501,1
-22.499249924992498,-44.998499849984995,1
-22.493249324932492,-44.986498649864984,1
-22.487248724872487,-44.97449744974497,1
-22.48124812481248,-44.96249624962496,1
-22.475247524752476,-44.95049504950495,1
-22.46924692469247,-44.93849384938494,1
-22.463246324632465,-44.92649264926493,1
-22.45724572457246,-44.91449144914492,1
-22.451245124512454,-44.90249024902491,1
-22.445244524452445,-44.89048904890489,1
-22.43924392439244,-44.87848784878488,1
-22.433243324332434,-44.86648664866487,1
-22.42724272427243,-44.85448544854486,1
-22.421242124212423,-44.842484248424846,1
-22.415241524152414,-44.83048304830483,1
-22.40924092409241,-44.81848184818482,1
-22.403240324032403,-44.806480648064806,1
-22.397239723972397,-44.794479447944795,1
-22.391239123912392,-44.782478247824784,1
-22.385238523852387,-44.77047704770477,1
-22.37923792379238,-44.75847584758476,1
-22.373237323732376,-44.74647464746475,1
-22.367236723672367,-44.73447344734473,1
-22.36123612361236,-44.72247224722472,1
-22.355235523552356,-44.71047104710471,1
-22.34923492349235,-44.6984698469847,1
-22.343234323432345,-44.68646864686469,1
-22.337233723372336,-44.67446744674467,1
-22.33123312331233,-44.66246624662466,1
-22.325232523252325,-44.65046504650465,1
-22.31923192319232,-44.63846384638464,1
-22.313231323132314,-44.62646264626463,1
-22.30723072307231,-44.61446144614462,1
-22.301230123012303,-44.602460246024606,1
-22.295229522952297,-44.590459045904595,1
-22.289228922892292,-44.578457845784584,1
-22.283228322832283,-44.566456645664566,1
-22.277227722772277,-44.554455445544555,1
-22.271227122712272,-44.542454245424544,1
-22.265226522652267,-44.53045304530453,1
-22.25922592259226,-44.51845184518452,1
-22.253225322532252,-44.506450645064504,1
-22.247224722472247,-44.49444944494449,1
-22.24122412241224,-44.48244824482448,1
-22.235223522352236,-44.47044704470447,1
-22.22922292229223,-44.45844584458446,1
-22.223222322232225,-44.44644464446445,1
-22.21722172217222,-44.43444344434444,1
-22.211221122112214,-44.42244224422443,1
-22.205220522052205,-44.41044104410441,1
-22.1992199219922,-44.3984398439844,1
-22.193219321932194,-44.38643864386439,1
-22.18721872187219,-44.37443744374438,1
-22.181218121812183,-44.362436243624366,1
-22.175217521752174,-44.35043504350435,1
-22.16921692169217,-44.33843384338434,1
-22.163216321632163,-44.326432643264326,1
-22.157215721572157,-44.314431443144315,1
-22.151215121512152,-44.302430243024304,1
-22.145214521452147,-44.29042904290429,1
-22.13921392139214,-44.27842784278428,1
-22.133213321332136,-44.26642664266427,1
-22.127212721272127,-44.25442544254425,1
-22.12121212121212,-44.24242424242424,1
-22.115211521152116,-44.23042304230423,1
-22.10921092109211,-44.21842184218422,1
-22.103210321032105,-44.20642064206421,1
-22.097209720972096,-44.19441944194419,1
-22.09120912091209,-44.18241824182418,1
-22.085208520852085,-44.17041704170417,1
-22.07920792079208,-44.15841584158416,1
-22.073207320732074,-44.14641464146415,1
-22.06720672067207,-44.13441344134414,1
-22.061206120612063,-44.122412241224126,1
-22.055205520552057,-44.110411041104115,1
-22.049204920492052,-44.098409840984104,1
-22.043204320432043,-44.086408640864086,1
-22.037203720372037,-44.074407440744075,1
-22.031203120312032,-44.062406240624064,1
-22.025202520252027,-44.05040504050405,1
-22.01920192019202,-44.03840384038404,1
-22.013201320132012,-44.026402640264024,1
-22.007200720072007,-44.01440144014401,1
-22.001200120012,-44.002400240024,1
-21.995199519951996,-43.99039903990399,1
-21.98919891989199,-43.97839783978398,1
-21.983198319831985,-43.96639663966397,1
-21.97719771977198,-43.95439543954396,1
-21.971197119711974,-43.94239423942395,1
-21.96519651965197,-43.93039303930394,1
-21.95919591959196,-43.91839183918392,1
-21.953195319531954,-43.90639063906391,1
-21.94719471947195,-43.8943894389439,1
-21.94119411941194,-43.88238823882388,1
-21.935193519351934,-43.87038703870387,1
-21.92919291929193,-43.85838583858386,1
-21.923192319231923,-43.846384638463846,1
-21.917191719171917,-43.834383438343835,1
-21.911191119111912,-43.822382238223824,1
-21.905190519051907,-43.81038103810381,1
-21.8991899189919,-43.7983798379838,1
-21.893189318931896,-43.78637863786379,1
-21.88718871887189,-43.77437743774378,1
-21.88118811881188,-43.76237623762376,1
-21.875187518751876,-43.75037503750375,1
-21.86918691869187,-43.73837383738374,1
-21.86318631863186,-43.72637263726372,1
-21.857185718571856,-43.71437143714371,1
-21.85118511851185,-43.7023702370237,1
-21.845184518451845,-43.69036903690369,1
-21.83918391839184,-43.67836783678368,1
-21.833183318331834,-43.66636663666367,1
-21.82718271827183,-43.65436543654366,1
-21.821182118211823,-43.642364236423646,1
-21.815181518151817,-43.630363036303635,1
-21.809180918091812,-43.618361836183624,1
-21.803180318031803,-43.606360636063606,1
-21.797179717971797,-43.594359435943595,1
-21.791179117911792,-43.582358235823584,1
-21.785178517851786,-43.57035703570357,1
-21.779177917791777,-43.558355835583555,1
-21.773177317731772,-43.546354635463544,1
-21.767176717671767,-43.53435343534353,1
-21.76117611761176,-43.52235223522352,1
-21.755175517551756,-43.51035103510351,1
-21.74917491749175,-43.4983498349835,1
-21.743174317431745,-43.48634863486349,1
-21.73717371737174,-43.47434743474348,1
-21.731173117311734,-43.46234623462347,1
-21.72517251725173,-43.45034503450346,1
-21.71917191719172,-43.43834383438344,1
-21.713171317131714,-43.42634263426343,1
-21.70717071707171,-43.41434143414342,1
-21.7011701170117,-43.4023402340234,1
-21.695169516951694,-43.39033903390339,1
-21.68916891689169,-43.37833783378338,1
-21.683168316831683,-43.366336633663366,1
-21.677167716771677,-43.354335433543355,1
-21.671167116711672,-43.342334233423344,1
-21.665166516651666,-43.33033303330333,1
-21.65916591659166,-43.31833183318332,1
-21.653165316531656,-43.30633063306331,1
-21.64716471647165,-43.2943294329433,1
-21.64116411641164,-43.28232823282328,1
-21.635163516351636,-43.27032703270327,1
-21.62916291629163,-43.25832583258326,1
-21.62316231623162,-43.24632463246324,1
-21.617161716171616,-43.23432343234323,1
-21.61116111611161,-43.22232223222322,1
-21.605160516051605,-43.21032103210321,1
-21.5991599159916,-43.1983198319832,1
-21.593159315931594,-43.18631863186319,1
-21.58715871587159,-43.17431743174318,1
-21.581158115811583,-43.162316231623166,1
-21.575157515751577,-43.150315031503155,1
-21.569156915691572,-43.138313831383144,1
-21.563156315631563,-43.126312631263126,1
-21.557155715571557,-43.114311431143115,1
-21.551155115511552,-43.102310231023104,1
-21.545154515451546,-43.09030903090309,1
-21.539153915391537,-43.078307830783075,1
-21.533153315331532,-43.066306630663064,1
-21.527152715271527,-43.05430543054305,1
-21.52115211521152,-43.04230423042304,1
-21.515151515151516,-43.03030303030303,1
-21.50915091509151,-43.01830183018302,1
-21.503150315031505,-43.00630063006301,1
-21.4971497149715,-42.994299429943,1
-21.491149114911494,-42.98229822982299,1
-21.48514851485149,-42.97029702970298,1
-21.47914791479148,-42.95829582958296,1
-21.473147314731474,-42.94629462946295,1
-21.46714671467147,-42.93429342934294,1
-21.46114611461146,-42.92229222922292,1
-21.455145514551454,-42.91029102910291,1
-21.44914491449145,-42.8982898289829,1
-21.443144314431443,-42.886288628862886,1
-21.437143714371437,-42.874287428742875,1
-21.431143114311432,-42.862286228622864,1
-21.425142514251426,-42.85028502850285,1
-21.41914191419142,-42.83828382838284,1
-21.413141314131416,-42.82628262826283,1
-21.40714071407141,-42.81428142814282,1
-21.4011401140114,-42.8022802280228,1
-21.395139513951396,-42.79027902790279,1
-21.38913891389139,-42.77827782778278,1
-21.38313831383138,-42.76627662766276,1
-21.377137713771376,-42.75427542754275,1
-21.37113711371137,-42.74227422742274,1
-21.365136513651365,-42.73027302730273,1
-21.35913591359136,-42.71827182718272,1
-21.353135313531354,-42.70627062706271,1
-21.34713471347135,-42.6942694269427,1
-21.341134113411343,-42.682268226822686,1
-21.335133513351337,-42.670267026702675,1
-21.329132913291332,-42.658265826582664,1
-21.323132313231323,-42.646264626462646,1
-21.317131713171317,-42.634263426342635,1
-21.311131113111312,-42.622262226222624,1
-21.305130513051306,-42.61026102610261,1
-21.299129912991297,-42.598259825982595,1
-21.293129312931292,-42.586258625862584,1
-21.287128712871286,-42.57425742574257,1
-21.28112811281128,-42.56225622562256,1
-21.275127512751276,-42.55025502550255,1
-21.26912691269127,-42.53825382538254,1
-21.263126312631265,-42.52625262526253,1
-21.25712571257126,-42.51425142514252,1
-21.251125112511254,-42.50225022502251,1
-21.245124512451248,-42.490249024902496,1
-21.23912391239124,-42.47824782478248,1
-21.233123312331234,-42.46624662466247,1
-21.22712271227123,-42.45424542454246,1
-21.22112211221122,-42.44224422442244,1
-21.215121512151214,-42.43024302430243,1
-21.20912091209121,-42.41824182418242,1
-21.203120312031203,-42.406240624062406,1
-21.197119711971197,-42.394239423942395,1
-21.191119111911192,-42.382238223822384,1
-21.185118511851186,-42.37023702370237,1
-21.17911791179118,-42.35823582358236,1
-21.173117311731176,-42.34623462346235,1
-21.16711671167117,-42.33423342334234,1
-21.16111611161116,-42.32223222322232,1
-21.155115511551156,-42.31023102310231,1
-21.14911491149115,-42.2982298229823,1
-21.14311431143114,-42.28622862286228,1
-21.137113711371136,-42.27422742274227,1
-21.13111311131113,-42.26222622262226,1
-21.125112511251125,-42.25022502250225,1
-21.11911191119112,-42.23822382238224,1
-21.113111311131114,-42.22622262226223,1
-21.10711071107111,-42.21422142214222,1
-21.101110111011103,-42.202220222022206,1
-21.095109510951097,-42.190219021902195,1
-21.089108910891092,-42.178217821782184,1
-21.083108310831083,-42.166216621662166,1
-21.077107710771077,-42.154215421542155,1
-21.071107110711072,-42.142214221422144,1
-21.065106510651066,-42.13021302130213,1
-21.059105910591057,-42.118211821182115,1
-21.053105310531052,-42.106210621062104,1
-21.047104710471046,-42.09420942094209,1
-21.04110411041104,-42.08220822082208,1
-21.035103510351036,-42.07020702070207,1
-21.02910291029103,-42.05820582058206,1
-21.023102310231025,-42.04620462046205,1
-21.01710171017102,-42.03420342034204,1
-21.011101110111014,-42.02220222022203,1
-21.005100510051008,-42.010201020102016,1
-20.999099909991,-41.998199819982,1
-20.993099309930994,-41.98619861986199,1
-20.98709870987099,-41.97419741974198,1
-20.98109810981098,-41.96219621962196,1
-20.975097509750974,-41.95019501950195,1
-20.96909690969097,-41.93819381938194,1
-20.963096309630963,-41.926192619261926,1
-20.957095709570957,-41.914191419141915,1
-20.951095109510952,-41.902190219021904,1
-20.945094509450946,-41.89018901890189,1
-20.93909390939094,-41.87818781878188,1
-20.933093309330935,-41.86618661866187,1
-20.92709270927093,-41.85418541854186,1
-20.92109210921092,-41.84218421842184,1
-20.915091509150916,-41.83018301830183,1
-20.90909090909091,-41.81818181818182,1
-20.9030903090309,-41.8061806180618,1
-20.897089708970896,-41.79417941794179,1
-20.89108910891089,-41.78217821782178,1
-20.885088508850885,-41.77017701770177,1
-20.87908790879088,-41.75817581758176,1
-20.873087308730874,-41.74617461746175,1
-20.86708670867087,-41.73417341734174,1
-20.861086108610863,-41.722172217221726,1
-20.855085508550857,-41.710171017101715,1
-20.849084908490852,-41.698169816981704,1
-20.843084308430843,-41.686168616861686,1
-20.837083708370837,-41.674167416741675,1
-20.831083108310832,-41.662166216621664,1
-20.825082508250826,-41.65016501650165,1
-20.819081908190817,-41.638163816381635,1
-20.813081308130812,-41.626162616261624,1
-20.807080708070806,-41.61416141614161,1
-20.8010801080108,-41.6021602160216,1
-20.795079507950796,-41.59015901590159,1
-20.78907890789079,-41.57815781578158,1
-20.783078307830785,-41.56615661566157,1
-20.77707770777078,-41.55415541554156,1
-20.771077107710774,-41.54215421542155,1
-20.765076507650768,-41.530153015301536,1
-20.75907590759076,-41.51815181518152,1
-20.753075307530754,-41.50615061506151,1
-20.747074707470748,-41.494149414941496,1
-20.74107410741074,-41.48214821482148,1
-20.735073507350734,-41.47014701470147,1
-20.72907290729073,-41.45814581458146,1
-20.723072307230723,-41.446144614461446,1
-20.717071707170717,-41.434143414341435,1
-20.711071107110712,-41.422142214221424,1
-20.705070507050706,-41.41014101410141,1
-20.6990699069907,-41.3981398139814,1
-20.693069306930695,-41.38613861386139,1
-20.68706870687069,-41.37413741374138,1
-20.68106810681068,-41.36213621362136,1
-20.675067506750676,-41.35013501350135,1
-20.66906690669067,-41.33813381338134,1
-20.663066306630665,-41.32613261326133,1
-20.657065706570656,-41.31413141314131,1
-20.65106510651065,-41.3021302130213,1
-20.645064506450645,-41.29012901290129,1
-20.63906390639064,-41.27812781278128,1
-20.633063306330634,-41.26612661266127,1
-20.627062706270628,-41.254125412541256,1
-20.621062106210623,-41.242124212421245,1
-20.615061506150617,-41.230123012301235,1
-20.609060906090612,-41.218121812181224,1
-20.603060306030606,-41.20612061206121,1
-20.597059705970597,-41.194119411941195,1
-20.591059105910592,-41.182118211821184,1
-20.585058505850586,-41.17011701170117,1
-20.579057905790577,-41.158115811581155,1
-20.573057305730572,-41.146114611461144,1
-20.567056705670566,-41.13411341134113,1
-20.56105610561056,-41.12211221122112,1
-20.555055505550555,-41.11011101110111,1
-20.54905490549055,-41.0981098109811,1
-20.543054305430545,-41.08610861086109,1
-20.53705370537054,-41.07410741074108,1
-20.531053105310534,-41.06210621062107,1
-20.525052505250528,-41.050105010501056,1
-20.51905190519052,-41.03810381038104,1
-20.513051305130514,-41.02610261026103,1
-20.507050705070508,-41.014101410141016,1
-20.5010501050105,-41.002100210021,1
-20.495049504950494,-40.99009900990099,1
-20.48904890489049,-40.97809780978098,1
-20.483048304830483,-40.966096609660966,1
-20.477047704770477,-40.954095409540955,1
-20.471047104710472,-40.942094209420944,1
-20.465046504650466,-40.93009300930093,1
-20.45904590459046,-40.91809180918092,1
-20.453045304530455,-40.90609060906091,1
-20.44704470447045,-40.8940894089409,1
-20.44104410441044,-40.88208820882088,1
-20.435043504350435,-40.87008700870087,1
-20.42904290429043,-40.85808580858086,1
-20.423042304230425,-40.84608460846085,1
-20.417041704170416,-40.83408340834083,1
-20.41104110411041,-40.82208220822082,1
-20.405040504050405,-40.81008100810081,1
-20.3990399039904,-40.7980798079808,1
-20.393039303930394,-40.78607860786079,1
-20.387038703870388,-40.774077407740776,1
-20.381038103810383,-40.762076207620765,1
-20.375037503750377,-40.750075007500755,1
-20.369036903690372,-40.738073807380744,1
-20.363036303630366,-40.72607260726073,1
-20.357035703570357,-40.714071407140715,1
-20.351035103510352,-40.702070207020704,1
-20.345034503450346,-40.69006900690069,1
-20.339033903390337,-40.678067806780675,1
-20.333033303330332,-40.666066606660664,1
-20.327032703270326,-40.65406540654065,1
-20.32103210321032,-40.64206420642064,1
-20.315031503150315,-40.63006300630063,1
-20.30903090309031,-40.61806180618062,1
-20.303030303030305,-40.60606060606061,1
-20.2970297029703,-40.5940594059406,1
-20.291029102910294,-40.58205820582059,1
-20.285028502850288,-40.570057005700576,1
-20.27902790279028,-40.55805580558056,1
-20.273027302730274,-40.54605460546055,1
-20.267026702670268,-40.534053405340536,1
-20.26102610261026,-40.52205220522052,1
-20.255025502550254,-40.51005100510051,1
-20.249024902490248,-40.498049804980496,1
-20.243024302430243,-40.486048604860486,1
-20.237023702370237,-40.474047404740475,1
-20.231023102310232,-40.462046204620464,1
-20.225022502250226,-40.45004500450045,1
-20.21902190219022,-40.43804380438044,1
-20.213021302130215,-40.42604260426043,1
-20.20702070207021,-40.41404140414042,1
-20.2010201020102,-40.4020402040204,1
-20.195019501950195,-40.39003900390039,1
-20.18901890189019,-40.37803780378038,1
-20.183018301830185,-40.36603660366037,1
-20.177017701770176,-40.35403540354035,1
-20.17101710171017,-40.34203420342034,1
-20.165016501650165,-40.33003300330033,1
-20.15901590159016,-40.31803180318032,1
-20.153015301530154,-40.30603060306031,1
-20.147014701470148,-40.294029402940296,1
-20.141014101410143,-40.282028202820285,1
-20.135013501350137,-40.270027002700274,1
-20.12901290129013,-40.25802580258026,1
-20.123012301230126,-40.24602460246025,1
-20.117011701170117,-40.234023402340235,1
-20.111011101110112,-40.222022202220224,1
-20.105010501050106,-40.21002100210021,1
-20.099009900990097,-40.198019801980195,1
-20.093009300930092,-40.186018601860184,1
-20.087008700870086,-40.17401740174017,1
-20.08100810081008,-40.16201620162016,1
-20.075007500750075,-40.15001500150015,1
-20.06900690069007,-40.13801380138014,1
-20.063006300630065,-40.12601260126013,1
-20.05700570057006,-40.11401140114012,1
-20.051005100510054,-40.10201020102011,1
-20.045004500450048,-40.090009000900096,1
-20.03900390039004,-40.07800780078008,1
-20.033003300330034,-40.06600660066007,1
-20.027002700270028,-40.054005400540056,1
-20.02100210021002,-40.04200420042004,1
-20.015001500150014,-40.03000300030003,1
-20.009000900090008,-40.018001800180016,1
-20.003000300030003,-40.006000600060005,1
-19.996999699969997,-39.993999399939995,1
-19.990999099909992,-39.981998199819984,1
-19.984998499849986,-39.96999699969997,1
-19.97899789978998,-39.95799579957996,1
-19.972997299729975,-39.94599459945995,1
-19.96699669966997,-39.93399339933994,1
-19.96099609960996,-39.92199219921992,1
-19.954995499549955,-39.90999099909991,1
-19.94899489948995,-39.8979897989799,1
-19.942994299429945,-39.88598859885989,1
-19.936993699369935,-39.87398739873987,1
-19.93099309930993,-39.86198619861986,1
-19.924992499249925,-39.84998499849985,1
-19.91899189918992,-39.83798379837984,1
-19.912991299129914,-39.82598259825983,1
-19.906990699069908,-39.813981398139816,1
-19.900990099009903,-39.801980198019805,1
-19.894989498949897,-39.789978997899794,1
-19.88898889888989,-39.77797779777978,1
-19.882988298829886,-39.76597659765977,1
-19.876987698769877,-39.753975397539755,1
-19.870987098709872,-39.741974197419744,1
-19.864986498649866,-39.72997299729973,1
-19.858985898589857,-39.717971797179715,1
-19.852985298529852,-39.705970597059704,1
-19.846984698469846,-39.69396939693969,1
-19.84098409840984,-39.68196819681968,1
-19.834983498349835,-39.66996699669967,1
-19.82898289828983,-39.65796579657966,1
-19.822982298229824,-39.64596459645965,1
-19.81698169816982,-39.63396339633964,1
-19.810981098109814,-39.62196219621963,1
-19.804980498049808,-39.609960996099616,1
-19.7989798979898,-39.5979597959796,1
-19.792979297929794,-39.58595859585959,1
-19.786978697869788,-39.573957395739576,1
-19.78097809780978,-39.56195619561956,1
-19.774977497749774,-39.54995499549955,1
-19.768976897689768,-39.537953795379536,1
-19.762976297629763,-39.525952595259525,1
-19.756975697569757,-39.513951395139514,1
-19.750975097509752,-39.501950195019504,1
-19.744974497449746,-39.48994899489949,1
-19.73897389738974,-39.47794779477948,1
-19.732973297329735,-39.46594659465947,1
-19.72697269726973,-39.45394539453946,1
-19.72097209720972,-39.44194419441944,1
-19.714971497149715,-39.42994299429943,1
-19.70897089708971,-39.41794179417942,1
-19.702970297029704,-39.40594059405941,1
-19.696969696969695,-39.39393939393939,1
-19.69096909690969,-39.38193819381938,1
-19.684968496849685,-39.36993699369937,1
-19.67896789678968,-39.35793579357936,1
-19.672967296729674,-39.34593459345935,1
-19.666966696669668,-39.333933393339336,1
-19.660966096609663,-39.321932193219325,1
-19.654965496549657,-39.309930993099314,1
-19.64896489648965,-39.2979297929793,1
-19.642964296429646,-39.28592859285929,1
-19.636963696369637,-39.273927392739274,1
-19.63096309630963,-39.26192619261926,1
-19.624962496249626,-39.24992499249925,1
-19.618961896189617,-39.237923792379235,1
-19.612961296129612,-39.225922592259224,1
-19.606960696069606,-39.21392139213921,1
-19.6009600960096,-39.2019201920192,1
-19.594959495949595,-39.18991899189919,1
-19.58895889588959,-39.17791779177918,1
-19.582958295829584,-39.16591659165917,1
-19.57695769576958,-39.15391539153916,1
-19.570957095709574,-39.14191419141915,1
-19.564956495649568,-39.129912991299136,1
-19.55895589558956,-39.11791179117912,1
-19.552955295529554,-39.10591059105911,1
-19.546954695469548,-39.093909390939096,1
-19.54095409540954,-39.08190819081908,1
-19.534953495349534,-39.06990699069907,1
-19.528952895289528,-39.057905790579056,1
-19.522952295229523,-39.045904590459045,1
-19.516951695169517,-39.033903390339034,1
-19.51095109510951,-39.02190219021902,1
-19.504950495049506,-39.00990099009901,1
-19.4989498949895,-38.997899789979,1
-19.492949294929495,-38.98589858985899,1
-19.48694869486949,-38.97389738973898,1
-19.48094809480948,-38.96189618961896,1
-19.474947494749475,-38.94989498949895,1
-19.46894689468947,-38.93789378937894,1
-19.462946294629464,-38.92589258925893,1
-19.456945694569455,-38.91389138913891,1
-19.45094509450945,-38.9018901890189,1
-19.444944494449445,-38.88988898889889,1
-19.43894389438944,-38.87788778877888,1
-19.432943294329434,-38.86588658865887,1
-19.426942694269428,-38.853885388538856,1
-19.420942094209423,-38.841884188418845,1
-19.414941494149417,-38.829882988298834,1
-19.40894089408941,-38.81788178817882,1
-19.402940294029406,-38.80588058805881,1
-19.396939693969397,-38.793879387938794,1
-19.39093909390939,-38.78187818781878,1
-19.384938493849386,-38.76987698769877,1
-19.378937893789377,-38.757875787578755,1
-19.372937293729372,-38.745874587458744,1
-19.366936693669366,-38.73387338733873,1
-19.36093609360936,-38.72187218721872,1
-19.354935493549355,-38.70987098709871,1
-19.34893489348935,-38.6978697869787,1
-19.342934293429344,-38.68586858685869,1
-19.33693369336934,-38.67386738673868,1
-19.330933093309334,-38.66186618661867,1
-19.324932493249328,-38.649864986498656,1
-19.31893189318932,-38.63786378637864,1
-19.312931293129314,-38.62586258625863,1
-19.306930693069308,-38.613861386138616,1
-19.3009300930093,-38.6018601860186,1
-19.294929492949294,-38.58985898589859,1
-19.288928892889288,-38.577857785778576,1
-19.282928292829283,-38.565856585658565,1
-19.276927692769277,-38.553855385538554,1
-19.27092709270927,-38.54185418541854,1
-19.264926492649266,-38.52985298529853,1
-19.25892589258926,-38.51785178517852,1
-19.252925292529255,-38.50585058505851,1
-19.24692469246925,-38.4938493849385,1
-19.24092409240924,-38.48184818481848,1
-19.234923492349235,-38.46984698469847,1
-19.22892289228923,-38.45784578457846,1
-19.222922292229224,-38.44584458445845,1
-19.216921692169215,-38.43384338433843,1
-19.21092109210921,-38.42184218421842,1
-19.204920492049204,-38.40984098409841,1
-19.1989198919892,-38.3978397839784,1
-19.192919291929194,-38.38583858385839,1
-19.186918691869188,-38.373837383738376,1
-19.180918091809183,-38.361836183618365,1
-19.174917491749177,-38.349834983498354,1
-19.16891689168917,-38.33783378337834,1
-19.162916291629166,-38.32583258325833,1
-19.156915691569157,-38.313831383138314,1
-19.15091509150915,-38.3018301830183,1
-19.144914491449146,-38.28982898289829,1
-19.138913891389137,-38.277827782778274,1
-19.13291329132913,-38.26582658265826,1
-19.126912691269126,-38.25382538253825,1
-19.12091209120912,-38.24182418241824,1
-19.114911491149115,-38.22982298229823,1
-19.10891089108911,-38.21782178217822,1
-19.102910291029104,-38.20582058205821,1
-19.0969096909691,-38.1938193819382,1
-19.090909090909093,-38.18181818181819,1
-19.084908490849088,-38.169816981698176,1
-19.07890789078908,-38.15781578157816,1
-19.072907290729074,-38.14581458145815,1
-19.066906690669068,-38.133813381338136,1
-19.06090609060906,-38.12181218121812,1
-19.054905490549054,-38.10981098109811,1
-19.048904890489048,-38.097809780978096,1
-19.042904290429043,-38.085808580858085,1
-19.036903690369037,-38.073807380738074,1
-19.03090309030903,-38.06180618061806,1
-19.024902490249026,-38.04980498049805,1
-19.01890189018902,-38.03780378037804,1
-19.012901290129015,-38.02580258025803,1
-19.00690069006901,-38.01380138013802,1
-19.000900090009,-38.001800180018,1
-18.994899489948995,-37.98979897989799,1
-18.98889888988899,-37.97779777977798,1
-18.982898289828984,-37.96579657965797,1
-18.976897689768975,-37.95379537953795,1
-18.97089708970897,-37.94179417941794,1
-18.964896489648964,-37.92979297929793,1
-18.95889588958896,-37.91779177917792,1
-18.952895289528954,-37.90579057905791,1
-18.946894689468948,-37.893789378937896,1
-18.940894089408943,-37.881788178817885,1
-18.934893489348937,-37.869786978697874,1
-18.92889288928893,-37.85778577857786,1
-18.922892289228926,-37.84578457845785,1
-18.916891689168917,-37.833783378337834,1
-18.91089108910891,-37.82178217821782,1
-18.904890489048906,-37.80978097809781,1
-18.898889888988897,-37.797779777977794,1
-18.89288928892889,-37.78577857785778,1
-18.886888688868886,-37.77377737773777,1
-18.88088808880888,-37.76177617761776,1
-18.874887488748875,-37.74977497749775,1
-18.86888688868887,-37.73777377737774,1
-18.862886288628864,-37.72577257725773,1
-18.85688568856886,-37.71377137713772,1
-18.850885088508853,-37.70177017701771,1
-18.844884488448848,-37.689768976897696,1
-18.83888388838884,-37.67776777677768,1
-18.832883288328834,-37.66576657665767,1
-18.826882688268828,-37.653765376537656,1
-18.82088208820882,-37.64176417641764,1
-18.814881488148814,-37.62976297629763,1
-18.808880888088808,-37.617761776177616,1
-18.802880288028803,-37.605760576057605,1
-18.796879687968797,-37.593759375937594,1
-18.79087908790879,-37.58175817581758,1
-18.784878487848786,-37.56975697569757,1
-18.77887788778878,-37.55775577557756,1
-18.772877287728775,-37.54575457545755,1
-18.76687668766877,-37.53375337533754,1
-18.76087608760876,-37.52175217521752,1
-18.754875487548755,-37.50975097509751,1
-18.74887488748875,-37.4977497749775,1
-18.742874287428744,-37.48574857485749,1
-18.736873687368735,-37.47374737473747,1
-18.73087308730873,-37.46174617461746,1
-18.724872487248724,-37.44974497449745,1
-18.71887188718872,-37.43774377437744,1
-18.712871287128714,-37.42574257425743,1
-18.706870687068708,-37.413741374137416,1
-18.700870087008703,-37.401740174017405,1
-18.694869486948697,-37.389738973897394,1
-18.68886888688869,-37.37773777377738,1
-18.682868286828686,-37.36573657365737,1
-18.676867686768677,-37.353735373537354,1
-18.67086708670867,-37.34173417341734,1
-18.664866486648666,-37.32973297329733,1
-18.658865886588657,-37.317731773177314,1
-18.65286528652865,-37.3057305730573,1
-18.646864686468646,-37.29372937293729,1
-18.64086408640864,-37.28172817281728,1
-18.634863486348635,-37.26972697269727,1
-18.62886288628863,-37.25772577257726,1
-18.622862286228624,-37.24572457245725,1
-18.61686168616862,-37.23372337233724,1
-18.610861086108613,-37.22172217221723,1
-18.604860486048608,-37.209720972097216,1
-18.5988598859886,-37.1977197719772,1
-18.592859285928593,-37.18571857185719,1
-18.586858685868588,-37.173717371737176,1
-18.58085808580858,-37.16171617161716,1
-18.574857485748574,-37.14971497149715,1
-18.568856885688568,-37.137713771377136,1
-18.562856285628563,-37.125712571257125,1
-18.556855685568557,-37.113711371137114,1
-18.55085508550855,-37.1017101710171,1
-18.544854485448546,-37.08970897089709,1
-18.53885388538854,-37.07770777077708,1
-18.532853285328535,-37.06570657065707,1
-18.52685268526853,-37.05370537053706,1
-18.52085208520852,-37.04170417041704,1
-18.514851485148515,-37.02970297029703,1
-18.50885088508851,-37.01770177017702,1
-18.502850285028504,-37.00570057005701,1
-18.496849684968495,-36.99369936993699,1
-18.49084908490849,-36.98169816981698,1
-18.484848484848484,-36.96969696969697,1
-18.47884788478848,-36.95769576957696,1
-18.472847284728473,-36.94569456945695,1
-18.466846684668468,-36.933693369336936,1
-18.460846084608463,-36.921692169216925,1
-18.454845484548457,-36.909690969096914,1
-18.44884488448845,-36.8976897689769,1
-18.442844284428446,-36.88568856885689,1
-18.436843684368437,-36.873687368736874,1
-18.43084308430843,-36.86168616861686,1
-18.424842484248426,-36.84968496849685,1
-18.418841884188417,-36.837683768376834,1
-18.41284128412841,-36.82568256825682,1
-18.406840684068406,-36.81368136813681,1
-18.4008400840084,-36.8016801680168,1
-18.394839483948395,-36.78967896789679,1
-18.38883888388839,-36.77767776777678,1
-18.382838283828384,-36.76567656765677,1
-18.37683768376838,-36.75367536753676,1
-18.370837083708373,-36.74167416741675,1
-18.364836483648368,-36.729672967296736,1
-18.35883588358836,-36.71767176717672,1
-18.352835283528353,-36.70567056705671,1
-18.346834683468348,-36.693669366936696,1
-18.34083408340834,-36.68166816681668,1
-18.334833483348334,-36.66966696669667,1
-18.328832883288328,-36.657665766576656,1
-18.322832283228323,-36.645664566456645,1
-18.316831683168317,-36.633663366336634,1
-18.31083108310831,-36.62166216621662,1
-18.304830483048306,-36.60966096609661,1
-18.2988298829883,-36.5976597659766,1
-18.292829282928295,-36.58565856585659,1
-18.28682868286829,-36.57365736573658,1
-18.28082808280828,-36.56165616561656,1
-18.274827482748275,-36.54965496549655,1
-18.26882688268827,-36.53765376537654,1
-18.262826282628264,-36.52565256525653,1
-18.256825682568255,-36.51365136513651,1
-18.25082508250825,-36.5016501650165,1
-18.244824482448244,-36.48964896489649,1
-18.23882388238824,-36.47764776477648,1
-18.232823282328233,-36.46564656465647,1
-18.226822682268228,-36.453645364536456,1
-18.220822082208223,-36.441644164416445,1
-18.214821482148217,-36.429642964296434,1
-18.20882088208821,-36.41764176417642,1
-18.202820282028206,-36.40564056405641,1
-18.196819681968197,-36.393639363936394,1
-18.19081908190819,-36.38163816381638,1
-18.184818481848186,-36.36963696369637,1
-18.178817881788177,-36.357635763576354,1
-18.17281728172817,-36.34563456345634,1
-18.166816681668166,-36.33363336333633,1
-18.16081608160816,-36.32163216321632,1
-18.154815481548155,-36.30963096309631,1
-18.14881488148815,-36.2976297629763,1
-18.142814281428144,-36.28562856285629,1
-18.13681368136814,-36.27362736273628,1
-18.130813081308133,-36.26162616261627,1
-18.124812481248128,-36.249624962496256,1
-18.11881188118812,-36.23762376237624,1
-18.112811281128113,-36.22562256225623,1
-18.106810681068108,-36.213621362136216,1
-18.1008100810081,-36.2016201620162,1
-18.094809480948093,-36.18961896189619,1
-18.088808880888088,-36.177617761776176,1
-18.082808280828083,-36.165616561656165,1
-18.076807680768077,-36.153615361536154,1
-18.07080708070807,-36.14161416141614,1
-18.064806480648066,-36.12961296129613,1
-18.05880588058806,-36.11761176117612,1
-18.052805280528055,-36.10561056105611,1
-18.04680468046805,-36.0936093609361,1
-18.04080408040804,-36.08160816081608,1
-18.034803480348035,-36.06960696069607,1
-18.02880288028803,-36.05760576057606,1
-18.022802280228024,-36.04560456045605,1
-18.016801680168015,-36.03360336033603,1
-18.01080108010801,-36.02160216021602,1
-18.004800480048004,-36.00960096009601,1
-17.998799879988,-35.997599759976,1
-17.992799279927993,-35.98559855985599,1
-17.986798679867988,-35.973597359735976,1
-17.980798079807983,-35.961596159615965,1
-17.974797479747977,-35.949594959495954,1
-17.96879687968797,-35.93759375937594,1
-17.962796279627966,-35.92559255925593,1
-17.956795679567957,-35.913591359135914,1
-17.95079507950795,-35.9015901590159,1
-17.944794479447946,-35.88958895889589,1
-17.938793879387937,-35.877587758775874,1
-17.93279327932793,-35.86558655865586,1
-17.926792679267926,-35.85358535853585,1
-17.92079207920792,-35.84158415841584,1
-17.914791479147915,-35.82958295829583,1
-17.90879087908791,-35.81758175817582,1
-17.902790279027904,-35.80558055805581,1
-17.8967896789679,-35.7935793579358,1
-17.890789078907893,-35.78157815781579,1
-17.884788478847888,-35.769576957695776,1
-17.87878787878788,-35.75757575757576,1
-17.872787278727873,-35.74557455745575,1
-17.866786678667868,-35.733573357335736,1
-17.86078607860786,-35.72157215721572,1
-17.854785478547853,-35.70957095709571,1
-17.848784878487848,-35.697569756975696,1
-17.842784278427843,-35.685568556855685,1
-17.836783678367837,-35.673567356735674,1
-17.83078307830783,-35.66156615661566,1
-17.824782478247826,-35.64956495649565,1
-17.81878187818782,-35.63756375637564,1
-17.812781278127815,-35.62556255625563,1
-17.80678067806781,-35.61356135613562,1
-17.8007800780078,-35.6015601560156,1
-17.794779477947795,-35.58955895589559,1
-17.78877887788779,-35.57755775577558,1
-17.782778277827784,-35.56555655565557,1
-17.776777677767775,-35.55355535553555,1
-17.77077707770777,-35.54155415541554,1
-17.764776477647764,-35.52955295529553,1
-17.75877587758776,-35.51755175517552,1
-17.752775277527753,-35.50555055505551,1
-17.746774677467748,-35.493549354935496,1
-17.740774077407742,-35.481548154815485,1
-17.734773477347737,-35.469546954695474,1
-17.72877287728773,-35.45754575457546,1
-17.722772277227726,-35.44554455445545,1
-17.716771677167717,-35.433543354335434,1
-17.71077107710771,-35.42154215421542,1
-17.704770477047706,-35.40954095409541,1
-17.698769876987697,-35.397539753975394,1
-17.69276927692769,-35.38553855385538,1
-17.686768676867686,-35.37353735373537,1
-17.68076807680768,-35.36153615361536,1
-17.674767476747675,-35.34953495349535,1
-17.66876687668767,-35.33753375337534,1
-17.662766276627664,-35.32553255325533,1
-17.65676567656766,-35.31353135313532,1
-17.650765076507653,-35.30153015301531,1
-17.644764476447648,-35.289528952895296,1
-17.63876387638764,-35.27752775277528,1
-17.632763276327633,-35.26552655265527,1
-17.626762676267628,-35.253525352535256,1
-17.620762076207622,-35.241524152415245,1
-17.614761476147613,-35.22952295229523,1
-17.608760876087608,-35.217521752175216,1
-17.602760276027603,-35.205520552055205,1
-17.596759675967597,-35.193519351935194,1
-17.59075907590759,-35.18151815181518,1
-17.584758475847586,-35.16951695169517,1
-17.57875787578758,-35.15751575157516,1
-17.572757275727575,-35.14551455145515,1
-17.56675667566757,-35.13351335133514,1
-17.560756075607564,-35.12151215121513,1
-17.554755475547555,-35.10951095109511,1
-17.54875487548755,-35.0975097509751,1
-17.542754275427544,-35.08550855085509,1
-17.536753675367535,-35.07350735073507,1
-17.53075307530753,-35.06150615061506,1
-17.524752475247524,-35.04950495049505,1
-17.51875187518752,-35.03750375037504,1
-17.512751275127513,-35.02550255025503,1
-17.506750675067508,-35.013501350135016,1
-17.500750075007502,-35.001500150015005,1
-17.494749474947497,-34.989498949894994,1
-17.48874887488749,-34.97749774977498,1
-17.482748274827486,-34.96549654965497,1
-17.476747674767477,-34.953495349534954,1
-17.47074707470747,-34.94149414941494,1
-17.464746474647466,-34.92949294929493,1
-17.458745874587457,-34.917491749174914,1
-17.45274527452745,-34.9054905490549,1
-17.446744674467446,-34.89348934893489,1
-17.44074407440744,-34.88148814881488,1
-17.434743474347435,-34.86948694869487,1
-17.42874287428743,-34.85748574857486,1
-17.422742274227424,-34.84548454845485,1
-17.41674167416742,-34.83348334833484,1
-17.410741074107413,-34.82148214821483,1
-17.404740474047408,-34.809480948094816,1
-17.3987398739874,-34.7974797479748,1
-17.392739273927393,-34.78547854785479,1
-17.386738673867388,-34.773477347734776,1
-17.380738073807382,-34.761476147614765,1
-17.374737473747373,-34.74947494749475,1
-17.368736873687368,-34.737473747374736,1
-17.362736273627362,-34.725472547254725,1
-17.356735673567357,-34.713471347134714,1
-17.35073507350735,-34.7014701470147,1
-17.344734473447346,-34.68946894689469,1
-17.33873387338734,-34.67746774677468,1
-17.332733273327335,-34.66546654665467,1
-17.32673267326733,-34.65346534653466,1
-17.320732073207324,-34.64146414641465,1
-17.314731473147315,-34.62946294629463,1
-17.30873087308731,-34.61746174617462,1
-17.302730273027304,-34.60546054605461,1
-17.296729672967295,-34.59345934593459,1
-17.29072907290729,-34.58145814581458,1
-17.284728472847284,-34.56945694569457,1
-17.27872787278728,-34.55745574557456,1
-17.272727272727273,-34.54545454545455,1
-17.266726672667268,-34.533453345334536,1
-17.260726072607262,-34.521452145214525,1
-17.254725472547257,-34.509450945094514,1
-17.24872487248725,-34.4974497449745,1
-17.242724272427246,-34.48544854485449,1
-17.236723672367237,-34.473447344734474,1
-17.23072307230723,-34.46144614461446,1
-17.224722472247226,-34.44944494449445,1
-17.218721872187217,-34.437443744374434,1
-17.21272127212721,-34.42544254425442,1
-17.206720672067206,-34.41344134413441,1
-17.2007200720072,-34.4014401440144,1
-17.194719471947195,-34.38943894389439,1
-17.18871887188719,-34.37743774377438,1
-17.182718271827184,-34.36543654365437,1
-17.17671767176718,-34.35343534353436,1
-17.170717071707173,-34.34143414341435,1
-17.164716471647168,-34.329432943294336,1
-17.15871587158716,-34.31743174317432,1
-17.152715271527153,-34.30543054305431,1
-17.146714671467148,-34.293429342934296,1
-17.140714071407142,-34.281428142814285,1
-17.134713471347133,-34.26942694269427,1
-17.128712871287128,-34.257425742574256,1
-17.122712271227122,-34.245424542454245,1
-17.116711671167117,-34.233423342334234,1
-17.11071107110711,-34.22142214221422,1
-17.104710471047106,-34.20942094209421,1
-17.0987098709871,-34.1974197419742,1
-17.092709270927095,-34.18541854185419,1
-17.08670867086709,-34.17341734173418,1
-17.080708070807084,-34.16141614161417,1
-17.074707470747075,-34.14941494149415,1
-17.06870687068707,-34.13741374137414,1
-17.062706270627064,-34.12541254125413,1
-17.056705670567055,-34.11341134113411,1
-17.05070507050705,-34.1014101410141,1
-17.044704470447044,-34.08940894089409,1
-17.03870387038704,-34.07740774077408,1
-17.032703270327033,-34.06540654065407,1
-17.026702670267028,-34.053405340534056,1
-17.020702070207022,-34.041404140414045,1
-17.014701470147017,-34.029402940294034,1
-17.00870087008701,-34.01740174017402,1
-17.002700270027006,-34.00540054005401,1
-16.996699669966997,-33.993399339933994,1
-16.99069906990699,-33.98139813981398,1
-16.984698469846986,-33.96939693969397,1
-16.978697869786977,-33.957395739573954,1
-16.97269726972697,-33.94539453945394,1
-16.966696669666966,-33.93339333933393,1
-16.96069606960696,-33.92139213921392,1
-16.954695469546955,-33.90939093909391,1
-16.94869486948695,-33.8973897389739,1
-16.942694269426944,-33.88538853885389,1
-16.93669366936694,-33.87338733873388,1
-16.930693069306933,-33.86138613861387,1
-16.924692469246928,-33.849384938493856,1
-16.91869186918692,-33.83738373837384,1
-16.912691269126913,-33.82538253825383,1
-16.906690669066908,-33.813381338133816,1
-16.900690069006902,-33.801380138013805,1
-16.894689468946893,-33.78937893789379,1
-16.888688868886888,-33.777377737773776,1
-16.882688268826882,-33.765376537653765,1
-16.876687668766877,-33.753375337533754,1
-16.87068706870687,-33.74137413741374,1
-16.864686468646866,-33.72937293729373,1
-16.85868586858686,-33.71737173717372,1
-16.852685268526855,-33.70537053705371,1
-16.84668466846685,-33.6933693369337,1
-16.840684068406844,-33.68136813681369,1
-16.834683468346835,-33.66936693669367,1
-16.82868286828683,-33.65736573657366,1
-16.822682268226824,-33.64536453645365,1
-16.816681668166815,-33.63336333633363,1
-16.81068106810681,-33.62136213621362,1
-16.804680468046804,-33.60936093609361,1
-16.7986798679868,-33.5973597359736,1
-16.792679267926793,-33.58535853585359,1
-16.786678667866788,-33.573357335733576,1
-16.780678067806782,-33.561356135613565,1
-16.774677467746777,-33.549354935493554,1
-16.76867686768677,-33.53735373537354,1
-16.762676267626766,-33.52535253525353,1
-16.756675667566757,-33.513351335133514,1
-16.75067506750675,-33.5013501350135,1
-16.744674467446746,-33.48934893489349,1
-16.738673867386737,-33.477347734773474,1
-16.73267326732673,-33.46534653465346,1
-16.726672667266726,-33.45334533453345,1
-16.72067206720672,-33.44134413441344,1
-16.714671467146715,-33.42934293429343,1
-16.70867086708671,-33.41734173417342,1
-16.702670267026704,-33.40534053405341,1
-16.6966696669667,-33.3933393339334,1
-16.690669066906693,-33.38133813381339,1
-16.684668466846688,-33.369336933693376,1
-16.67866786678668,-33.35733573357336,1
-16.672667266726673,-33.34533453345335,1
-16.666666666666668,-33.333333333333336,1
-16.660666066606662,-33.321332133213325,1
-16.654665466546653,-33.30933093309331,1
-16.648664866486648,-33.297329732973296,1
-16.642664266426642,-33.285328532853285,1
-16.636663666366637,-33.273327332733274,1
-16.63066306630663,-33.26132613261326,1
-16.624662466246626,-33.24932493249325,1
-16.61866186618662,-33.23732373237324,1
-16.612661266126615,-33.22532253225323,1
-16.60666066606661,-33.21332133213322,1
-16.600660066006604,-33.20132013201321,1
-16.594659465946595,-33.18931893189319,1
-16.58865886588659,-33.17731773177318,1
-16.582658265826584,-33.16531653165317,1
-16.576657665766575,-33.15331533153315,1
-16.57065706570657,-33.14131413141314,1
-16.564656465646564,-33.12931293129313,1
-16.55865586558656,-33.11731173117312,1
-16.552655265526553,-33.10531053105311,1
-16.546654665466548,-33.093309330933096,1
-16.540654065406542,-33.081308130813085,1
-16.534653465346537,-33.069306930693074,1
-16.52865286528653,-33.05730573057306,1
-16.522652265226526,-33.04530453045305,1
-16.516651665166517,-33.033303330333034,1
-16.51065106510651,-33.02130213021302,1
-16.504650465046506,-33.00930093009301,1
-16.498649864986497,-32.997299729972994,1
-16.49264926492649,-32.98529852985298,1
-16.486648664866486,-32.97329732973297,1
-16.48064806480648,-32.96129612961296,1
-16.474647464746475,-32.94929492949295,1
-16.46864686468647,-32.93729372937294,1
-16.462646264626464,-32.92529252925293,1
-16.45664566456646,-32.91329132913292,1
-16.450645064506453,-32.90129012901291,1
-16.444644464446448,-32.889288928892896,1
-16.43864386438644,-32.87728772877288,1
-16.432643264326433,-32.86528652865287,1
-16.426642664266428,-32.853285328532856,1
-16.420642064206422,-32.841284128412845,1
-16.414641464146413,-32.82928292829283,1
-16.408640864086408,-32.817281728172816,1
-16.402640264026402,-32.805280528052805,1
-16.396639663966397,-32.793279327932794,1
-16.39063906390639,-32.78127812781278,1
-16.384638463846386,-32.76927692769277,1
-16.37863786378638,-32.75727572757276,1
-16.372637263726375,-32.74527452745275,1
-16.36663666366637,-32.73327332733274,1
-16.360636063606364,-32.72127212721273,1
-16.354635463546355,-32.70927092709271,1
-16.34863486348635,-32.6972697269727,1
-16.342634263426344,-32.68526852685269,1
-16.336633663366335,-32.67326732673267,1
-16.33063306330633,-32.66126612661266,1
-16.324632463246324,-32.64926492649265,1
-16.31863186318632,-32.63726372637264,1
-16.312631263126313,-32.62526252625263,1
-16.306630663066308,-32.613261326132616,1
-16.300630063006302,-32.601260126012605,1
-16.294629462946297,-32.589258925892594,1
-16.28862886288629,-32.57725772577258,1
-16.282628262826286,-32.56525652565257,1
-16.276627662766277,-32.553255325532554,1
-16.27062706270627,-32.54125412541254,1
-16.264626462646266,-32.52925292529253,1
-16.258625862586257,-32.517251725172514,1
-16.25262526252625,-32.5052505250525,1
-16.246624662466246,-32.49324932493249,1
-16.24062406240624,-32.48124812481248,1
-16.234623462346235,-32.46924692469247,1
-16.22862286228623,-32.45724572457246,1
-16.222622262226224,-32.44524452445245,1
-16.21662166216622,-32.43324332433244,1
-16.210621062106213,-32.42124212421243,1
-16.204620462046208,-32.409240924092416,1
-16.1986198619862,-32.3972397239724,1
-16.192619261926193,-32.38523852385239,1
-16.186618661866188,-32.373237323732376,1
-16.180618061806182,-32.361236123612365,1
-16.174617461746173,-32.34923492349235,1
-16.168616861686168,-32.337233723372336,1
-16.162616261626162,-32.325232523252325,1
-16.156615661566157,-32.313231323132314,1
-16.15061506150615,-32.3012301230123,1
-16.144614461446146,-32.28922892289229,1
-16.13861386138614,-32.27722772277228,1
-16.132613261326135,-32.26522652265227,1
-16.12661266126613,-32.25322532253226,1
-16.120612061206124,-32.24122412241225,1
-16.114611461146115,-32.22922292229223,1
-16.10861086108611,-32.21722172217222,1
-16.102610261026104,-32.20522052205221,1
-16.096609660966095,-32.19321932193219,1
-16.09060906090609,-32.18121812181218,1
-16.084608460846084,-32.16921692169217,1
-16.07860786078608,-32.15721572157216,1
-16.072607260726073,-32.14521452145215,1
-16.066606660666068,-32.133213321332136,1
-16.060606060606062,-32.121212121212125,1
-16.054605460546057,-32.109210921092114,1
-16.04860486048605,-32.0972097209721,1
-16.042604260426046,-32.08520852085209,1
-16.036603660366037,-32.073207320732074,1
-16.03060306030603,-32.06120612061206,1
-16.024602460246026,-32.04920492049205,1
-16.018601860186017,-32.037203720372034,1
-16.01260126012601,-32.02520252025202,1
-16.006600660066006,-32.01320132013201,1
-16.000600060006,-32.001200120012,1
-15.994599459945995,-31.98919891989199,1
-15.98859885988599,-31.97719771977198,1
-15.982598259825984,-31.96519651965197,1
-15.976597659765977,-31.953195319531954,1
-15.970597059705971,-31.941194119411943,1
-15.964596459645966,-31.929192919291932,1
-15.958595859585959,-31.917191719171917,1
-15.952595259525953,-31.905190519051907,1
-15.946594659465948,-31.893189318931896,1
-15.940594059405942,-31.881188118811885,1
-15.934593459345935,-31.86918691869187,1
-15.92859285928593,-31.85718571857186,1
-15.922592259225924,-31.84518451845185,1
-15.916591659165917,-31.833183318331834,1
-15.910591059105911,-31.821182118211823,1
-15.904590459045906,-31.809180918091812,1
-15.898589858985899,-31.797179717971797,1
-15.892589258925893,-31.785178517851786,1
-15.886588658865888,-31.773177317731776,1
-15.880588058805882,-31.761176117611765,1
-15.874587458745875,-31.74917491749175,1
-15.86858685868587,-31.73717371737174,1
-15.862586258625864,-31.72517251725173,1
-15.856585658565857,-31.713171317131714,1
-15.850585058505851,-31.701170117011703,1
-15.844584458445846,-31.689168916891692,1
-15.838583858385839,-31.677167716771677,1
-15.832583258325833,-31.665166516651666,1
-15.826582658265828,-31.653165316531656,1
-15.820582058205822,-31.641164116411645,1
-15.814581458145815,-31.62916291629163,1
-15.80858085808581,-31.61716171617162,1
-15.802580258025804,-31.60516051605161,1
-15.796579657965797,-31.593159315931594,1
-15.790579057905791,-31.581158115811583,1
-15.784578457845786,-31.569156915691572,1
-15.778577857785779,-31.557155715571557,1
-15.772577257725773,-31.545154515451546,1
-15.766576657665768,-31.533153315331536,1
-15.760576057605762,-31.521152115211525,1
-15.754575457545755,-31.50915091509151,1
-15.74857485748575,-31.4971497149715,1
-15.742574257425744,-31.48514851485149,1
-15.736573657365737,-31.473147314731474,1
-15.730573057305731,-31.461146114611463,1
-15.724572457245726,-31.449144914491452,1
-15.718571857185719,-31.437143714371437,1
-15.712571257125713,-31.425142514251426,1
-15.706570657065708,-31.413141314131416,1
-15.700570057005702,-31.401140114011405,1
-15.694569456945695,-31.38913891389139,1
-15.68856885688569,-31.37713771377138,1
-15.682568256825684,-31.36513651365137,1
-15.676567656765677,-31.353135313531354,1
-15.670567056705671,-31.341134113411343,1
-15.664566456645666,-31.329132913291332,1
-15.658565856585659,-31.317131713171317,1
-15.652565256525653,-31.305130513051306,1
-15.646564656465648,-31.293129312931296,1
-15.640564056405642,-31.281128112811285,1
-15.634563456345635,-31.26912691269127,1
-15.62856285628563,-31.25712571257126,1
-15.622562256225624,-31.245124512451248,1
-15.616561656165617,-31.233123312331234,1
-15.610561056105611,-31.221122112211223,1
-15.604560456045606,-31.209120912091212,1
-15.598559855985599,-31.197119711971197,1
-15.592559255925593,-31.185118511851186,1
-15.586558655865588,-31.173117311731176,1
-15.580558055805582,-31.161116111611165,1
-15.574557455745575,-31.14911491149115,1
-15.56855685568557,-31.13711371137114,1
-15.562556255625564,-31.125112511251128,1
-15.556555655565557,-31.113111311131114,1
-15.550555055505551,-31.101110111011103,1
-15.544554455445546,-31.089108910891092,1
-15.538553855385539,-31.077107710771077,1
-15.532553255325533,-31.065106510651066,1
-15.526552655265528,-31.053105310531055,1
-15.520552055205522,-31.041104110411045,1
-15.514551455145515,-31.02910291029103,1
-15.50855085508551,-31.01710171017102,1
-15.502550255025504,-31.005100510051008,1
-15.496549654965497,-30.993099309930994,1
-15.490549054905491,-30.981098109810983,1
-15.484548454845486,-30.969096909690972,1
-15.478547854785479,-30.957095709570957,1
-15.472547254725473,-30.945094509450946,1
-15.466546654665468,-30.933093309330935,1
-15.460546054605462,-30.921092109210925,1
-15.454545454545455,-30.90909090909091,1
-15.44854485448545,-30.8970897089709,1
-15.442544254425444,-30.885088508850888,1
-15.436543654365437,-30.873087308730874,1
-15.430543054305431,-30.861086108610863,1
-15.424542454245426,-30.849084908490852,1
-15.418541854185419,-30.837083708370837,1
-15.412541254125413,-30.825082508250826,1
-15.406540654065408,-30.813081308130815,1
-15.400540054005402,-30.801080108010805,1
-15.394539453945395,-30.78907890789079,1
-15.38853885388539,-30.77707770777078,1
-15.382538253825384,-30.765076507650768,1
-15.376537653765377,-30.753075307530754,1
-15.370537053705371,-30.741074107410743,1
-15.364536453645366,-30.729072907290732,1
-15.358535853585359,-30.717071707170717,1
-15.352535253525353,-30.705070507050706,1
-15.346534653465348,-30.693069306930695,1
-15.340534053405342,-30.681068106810685,1
-15.334533453345335,-30.66906690669067,1
-15.32853285328533,-30.65706570657066,1
-15.322532253225324,-30.645064506450648,1
-15.316531653165317,-30.633063306330634,1
-15.310531053105311,-30.621062106210623,1
-15.304530453045306,-30.609060906090612,1
-15.298529852985299,-30.597059705970597,1
-15.292529252925293,-30.585058505850586,1
-15.286528652865288,-30.573057305730575,1
-15.280528052805282,-30.561056105610565,1
-15.274527452745275,-30.54905490549055,1
-15.26852685268527,-30.53705370537054,1
-15.262526252625264,-30.525052505250528,1
-15.256525652565257,-30.513051305130514,1
-15.250525052505251,-30.501050105010503,1
-15.244524452445246,-30.489048904890492,1
-15.238523852385239,-30.477047704770477,1
-15.232523252325233,-30.465046504650466,1
-15.226522652265228,-30.453045304530455,1
-15.220522052205222,-30.441044104410445,1
-15.214521452145215,-30.42904290429043,1
-15.20852085208521,-30.41704170417042,1
-15.202520252025204,-30.405040504050408,1
-15.196519651965197,-30.393039303930394,1
-15.190519051905191,-30.381038103810383,1
-15.184518451845186,-30.369036903690372,1
-15.178517851785179,-30.357035703570357,1
-15.172517251725173,-30.345034503450346,1
-15.166516651665168,-30.333033303330335,1
-15.160516051605162,-30.321032103210324,1
-15.154515451545155,-30.30903090309031,1
-15.14851485148515,-30.2970297029703,1
-15.142514251425144,-30.285028502850288,1
-15.136513651365137,-30.273027302730274,1
-15.130513051305131,-30.261026102610263,1
-15.124512451245126,-30.24902490249025,1
-15.118511851185119,-30.237023702370237,1
-15.112511251125113,-30.225022502250226,1
-15.106510651065108,-30.213021302130215,1
-15.100510051005102,-30.201020102010204,1
-15.094509450945095,-30.18901890189019,1
-15.08850885088509,-30.17701770177018,1
-15.082508250825084,-30.165016501650168,1
-15.076507650765077,-30.153015301530154,1
-15.070507050705071,-30.141014101410143,1
-15.064506450645066,-30.12901290129013,1
-15.058505850585059,-30.117011701170117,1
-15.052505250525053,-30.105010501050106,1
-15.046504650465048,-30.093009300930095,1
-15.040504050405042,-30.081008100810084,1
-15.034503450345035,-30.06900690069007,1
-15.02850285028503,-30.05700570057006,1
-15.022502250225024,-30.045004500450048,1
-15.016501650165017,-30.033003300330034,1
-15.010501050105011,-30.021002100210023,1
-15.004500450045006,-30.00900090009001,1
-14.998499849984999,-29.996999699969997,1
-14.992499249924993,-29.984998499849986,1
-14.986498649864988,-29.972997299729975,1
-14.980498049804982,-29.960996099609964,1
-14.974497449744975,-29.94899489948995,1
-14.96849684968497,-29.93699369936994,1
-14.962496249624964,-29.924992499249928,1
-14.956495649564957,-29.912991299129914,1
-14.950495049504951,-29.900990099009903,1
-14.944494449444946,-29.88898889888989,1
-14.938493849384939,-29.876987698769877,1
-14.932493249324933,-29.864986498649866,1
-14.926492649264928,-29.852985298529855,1
-14.920492049204922,-29.840984098409844,1
-14.914491449144915,-29.82898289828983,1
-14.90849084908491,-29.81698169816982,1
-14.902490249024904,-29.804980498049808,1
-14.896489648964897,-29.792979297929794,1
-14.890489048904891,-29.780978097809783,1
-14.884488448844886,-29.76897689768977,1
-14.878487848784879,-29.756975697569757,1
-14.872487248724873,-29.744974497449746,1
-14.866486648664868,-29.732973297329735,1
-14.860486048604862,-29.720972097209724,1
-14.854485448544855,-29.70897089708971,1
-14.84848484848485,-29.6969696969697,1
-14.842484248424844,-29.684968496849688,1
-14.836483648364837,-29.672967296729674,1
-14.830483048304831,-29.660966096609663,1
-14.824482448244826,-29.64896489648965,1
-14.818481848184819,-29.636963696369637,1
-14.812481248124813,-29.624962496249626,1
-14.806480648064808,-29.612961296129615,1
-14.800480048004802,-29.600960096009604,1
-14.794479447944795,-29.58895889588959,1
-14.78847884788479,-29.57695769576958,1
-14.782478247824784,-29.564956495649568,1
-14.776477647764777,-29.552955295529554,1
-14.770477047704771,-29.540954095409543,1
-14.764476447644766,-29.52895289528953,1
-14.758475847584759,-29.516951695169517,1
-14.752475247524753,-29.504950495049506,1
-14.746474647464748,-29.492949294929495,1
-14.740474047404742,-29.480948094809484,1
-14.734473447344735,-29.46894689468947,1
-14.72847284728473,-29.45694569456946,1
-14.722472247224724,-29.444944494449448,1
-14.716471647164717,-29.432943294329434,1
-14.710471047104711,-29.420942094209423,1
-14.704470447044706,-29.40894089408941,1
-14.698469846984699,-29.396939693969397,1
-14.692469246924693,-29.384938493849386,1
-14.686468646864688,-29.372937293729375,1
-14.680468046804682,-29.360936093609364,1
-14.674467446744675,-29.34893489348935,1
-14.66846684668467,-29.33693369336934,1
-14.662466246624664,-29.324932493249328,1
-14.656465646564657,-29.312931293129314,1
-14.650465046504651,-29.300930093009303,1
-14.644464446444646,-29.28892889288929,1
-14.638463846384639,-29.276927692769277,1
-14.632463246324633,-29.264926492649266,1
-14.626462646264628,-29.252925292529255,1
-14.620462046204622,-29.240924092409244,1
-14.614461446144615,-29.22892289228923,1
-14.60846084608461,-29.21692169216922,1
-14.602460246024604,-29.204920492049208,1
-14.596459645964597,-29.192919291929194,1
-14.590459045904591,-29.180918091809183,1
-14.584458445844586,-29.16891689168917,1
-14.57845784578458,-29.15691569156916,1
-14.572457245724573,-29.144914491449146,1
-14.566456645664568,-29.132913291329135,1
-14.560456045604562,-29.120912091209124,1
-14.554455445544555,-29.10891089108911,1
-14.54845484548455,-29.0969096909691,1
-14.542454245424544,-29.084908490849088,1
-14.536453645364537,-29.072907290729074,1
-14.530453045304531,-29.060906090609063,1
-14.524452445244526,-29.04890489048905,1
-14.51845184518452,-29.03690369036904,1
-14.512451245124513,-29.024902490249026,1
-14.506450645064508,-29.012901290129015,1
-14.500450045004502,-29.000900090009004,1
-14.494449444944495,-28.98889888988899,1
-14.48844884488449,-28.97689768976898,1
-14.482448244824484,-28.964896489648968,1
-14.476447644764477,-28.952895289528954,1
-14.470447044704471,-28.940894089408943,1
-14.464446444644466,-28.92889288928893,1
-14.45844584458446,-28.91689168916892,1
-14.452445244524453,-28.904890489048906,1
-14.446444644464448,-28.892889288928895,1
-14.440444044404442,-28.880888088808884,1
-14.434443444344435,-28.86888688868887,1
-14.42844284428443,-28.85688568856886,1
-14.422442244224424,-28.844884488448848,1
-14.416441644164417,-28.832883288328834,1
-14.410441044104411,-28.820882088208823,1
-14.404440444044406,-28.80888088808881,1
-14.3984398439844,-28.7968796879688,1
-14.392439243924393,-28.784878487848786,1
-14.386438643864388,-28.772877287728775,1
-14.380438043804382,-28.760876087608764,1
-14.374437443744375,-28.74887488748875,1
-14.36843684368437,-28.73687368736874,1
-14.362436243624364,-28.724872487248728,1
-14.356435643564357,-28.712871287128714,1
-14.350435043504351,-28.700870087008703,1
-14.344434443444346,-28.68886888688869,1
-14.33843384338434,-28.67686768676868,1
-14.332433243324333,-28.664866486648666,1
-14.326432643264328,-28.652865286528655,1
-14.320432043204322,-28.640864086408644,1
-14.314431443144315,-28.62886288628863,1
-14.30843084308431,-28.61686168616862,1
-14.302430243024304,-28.604860486048608,1
-14.296429642964297,-28.592859285928593,1
-14.290429042904291,-28.580858085808583,1
-14.284428442844286,-28.56885688568857,1
-14.27842784278428,-28.55685568556856,1
-14.272427242724273,-28.544854485448546,1
-14.266426642664268,-28.532853285328535,1
-14.260426042604262,-28.520852085208524,1
-14.254425442544255,-28.50885088508851,1
-14.24842484248425,-28.4968496849685,1
-14.242424242424244,-28.484848484848488,1
-14.236423642364237,-28.472847284728473,1
-14.230423042304231,-28.460846084608463,1
-14.224422442244226,-28.44884488448845,1
-14.21842184218422,-28.43684368436844,1
-14.212421242124213,-28.424842484248426,1
-14.206420642064208,-28.412841284128415,1
-14.200420042004202,-28.400840084008404,1
-14.194419441944195,-28.38883888388839,1
-14.18841884188419,-28.37683768376838,1
-14.182418241824184,-28.364836483648368,1
-14.176417641764177,-28.352835283528353,1
-14.170417041704171,-28.340834083408343,1
-14.164416441644166,-28.32883288328833,1
-14.15841584158416,-28.31683168316832,1
-14.152415241524153,-28.304830483048306,1
-14.146414641464148,-28.292829282928295,1
-14.140414041404142,-28.280828082808284,1
-14.134413441344135,-28.26882688268827,1
-14.12841284128413,-28.25682568256826,1
-14.122412241224124,-28.244824482448248,1
-14.116411641164117,-28.232823282328233,1
-14.110411041104111,-28.220822082208223,1
-14.104410441044106,-28.20882088208821,1
-14.0984098409841,-28.1968196819682,1
-14.092409240924093,-28.184818481848186,1
-14.086408640864088,-28.172817281728175,1
-14.080408040804082,-28.160816081608164,1
-14.074407440744075,-28.14881488148815,1
-14.06840684068407,-28.13681368136814,1
-14.062406240624064,-28.124812481248128,1
-14.056405640564057,-28.112811281128113,1
-14.050405040504051,-28.100810081008103,1
-14.044404440444046,-28.08880888088809,1
-14.03840384038404,-28.07680768076808,1
-14.032403240324033,-28.064806480648066,1
-14.026402640264028,-28.052805280528055,1
-14.020402040204022,-28.040804080408044,1
-14.014401440144015,-28.02880288028803,1
-14.00840084008401,-28.01680168016802,1
-14.002400240024004,-28.004800480048008,1
-13.996399639963997,-27.992799279927993,1
-13.990399039903991,-27.980798079807983,1
-13.984398439843986,-27.96879687968797,1
-13.97839783978398,-27.95679567956796,1
-13.972397239723975,-27.94479447944795,1
-13.966396639663966,-27.93279327932793,1
-13.96039603960396,-27.92079207920792,1
-13.954395439543955,-27.90879087908791,1
-13.94839483948395,-27.8967896789679,1
-13.942394239423944,-27.884788478847888,1
-13.936393639363938,-27.872787278727877,1
-13.930393039303933,-27.860786078607866,1
-13.924392439243924,-27.848784878487848,1
-13.918391839183919,-27.836783678367837,1
-13.912391239123913,-27.824782478247826,1
-13.906390639063908,-27.812781278127815,1
-13.900390039003902,-27.800780078007804,1
-13.894389438943897,-27.788778877887793,1
-13.888388838883891,-27.776777677767782,1
-13.882388238823882,-27.764776477647764,1
-13.876387638763877,-27.752775277527753,1
-13.870387038703871,-27.740774077407742,1
-13.864386438643866,-27.72877287728773,1
-13.85838583858386,-27.71677167716772,1
-13.852385238523855,-27.70477047704771,1
-13.846384638463846,-27.69276927692769,1
-13.84038403840384,-27.68076807680768,1
-13.834383438343835,-27.66876687668767,1
-13.82838283828383,-27.65676567656766,1
-13.822382238223824,-27.644764476447648,1
-13.816381638163818,-27.632763276327637,1
-13.810381038103813,-27.620762076207626,1
-13.804380438043804,-27.608760876087608,1
-13.798379837983799,-27.596759675967597,1
-13.792379237923793,-27.584758475847586,1
-13.786378637863788,-27.572757275727575,1
-13.780378037803782,-27.560756075607564,1
-13.774377437743777,-27.548754875487553,1
-13.768376837683771,-27.536753675367542,1
-13.762376237623762,-27.524752475247524,1
-13.756375637563757,-27.512751275127513,1
-13.750375037503751,-27.500750075007502,1
-13.744374437443746,-27.48874887488749,1
-13.73837383738374,-27.47674767476748,1
-13.732373237323735,-27.46474647464747,1
-13.726372637263726,-27.45274527452745,1
-13.72037203720372,-27.44074407440744,1
-13.714371437143715,-27.42874287428743,1
-13.70837083708371,-27.41674167416742,1
-13.702370237023704,-27.404740474047408,1
-13.696369636963698,-27.392739273927397,1
-13.690369036903693,-27.380738073807386,1
-13.684368436843684,-27.368736873687368,1
-13.678367836783679,-27.356735673567357,1
-13.672367236723673,-27.344734473447346,1
-13.666366636663668,-27.332733273327335,1
-13.660366036603662,-27.320732073207324,1
-13.654365436543657,-27.308730873087313,1
-13.648364836483651,-27.296729672967302,1
-13.642364236423642,-27.284728472847284,1
-13.636363636363637,-27.272727272727273,1
-13.630363036303631,-27.260726072607262,1
-13.624362436243626,-27.24872487248725,1
-13.61836183618362,-27.23672367236724,1
-13.612361236123615,-27.22472247224723,1
-13.606360636063606,-27.21272127212721,1
-13.6003600360036,-27.2007200720072,1
-13.594359435943595,-27.18871887188719,1
-13.58835883588359,-27.17671767176718,1
-13.582358235823584,-27.164716471647168,1
-13.576357635763578,-27.152715271527157,1
-13.570357035703573,-27.140714071407146,1
-13.564356435643564,-27.128712871287128,1
-13.558355835583559,-27.116711671167117,1
-13.552355235523553,-27.104710471047106,1
-13.546354635463548,-27.092709270927095,1
-13.540354035403542,-27.080708070807084,1
-13.534353435343537,-27.068706870687073,1
-13.528352835283531,-27.056705670567062,1
-13.522352235223522,-27.044704470447044,1
-13.516351635163517,-27.032703270327033,1
-13.510351035103511,-27.020702070207022,1
-13.504350435043506,-27.00870087008701,1
-13.4983498349835,-26.996699669967,1
-13.492349234923495,-26.98469846984699,1
-13.486348634863486,-26.97269726972697,1
-13.48034803480348,-26.96069606960696,1
-13.474347434743475,-26.94869486948695,1
-13.46834683468347,-26.93669366936694,1
-13.462346234623464,-26.924692469246928,1
-13.456345634563458,-26.912691269126917,1
-13.450345034503453,-26.900690069006906,1
-13.444344434443444,-26.888688868886888,1
-13.438343834383438,-26.876687668766877,1
-13.432343234323433,-26.864686468646866,1
-13.426342634263428,-26.852685268526855,1
-13.420342034203422,-26.840684068406844,1
-13.414341434143417,-26.828682868286833,1
-13.408340834083411,-26.816681668166822,1
-13.402340234023402,-26.804680468046804,1
-13.396339633963397,-26.792679267926793,1
-13.390339033903391,-26.780678067806782,1
-13.384338433843386,-26.76867686768677,1
-13.37833783378338,-26.75667566756676,1
-13.372337233723375,-26.74467446744675,1
-13.366336633663366,-26.73267326732673,1
-13.36033603360336,-26.72067206720672,1
-13.354335433543355,-26.70867086708671,1
-13.34833483348335,-26.6966696669667,1
-13.342334233423344,-26.684668466846688,1
-13.336333633363338,-26.672667266726677,1
-13.330333033303333,-26.660666066606666,1
-13.324332433243324,-26.648664866486648,1
-13.318331833183318,-26.636663666366637,1
-13.312331233123313,-26.624662466246626,1
-13.306330633063308,-26.612661266126615,1
-13.300330033003302,-26.600660066006604,1
-13.294329432943297,-26.588658865886593,1
-13.288328832883291,-26.576657665766582,1
-13.282328232823282,-26.564656465646564,1
-13.276327632763277,-26.552655265526553,1
-13.270327032703271,-26.540654065406542,1
-13.264326432643266,-26.52865286528653,1
-13.25832583258326,-26.51665166516652,1
-13.252325232523255,-26.50465046504651,1
-13.246324632463246,-26.49264926492649,1
-13.24032403240324,-26.48064806480648,1
-13.234323432343235,-26.46864686468647,1
-13.22832283228323,-26.45664566456646,1
-13.222322232223224,-26.444644464446448,1
-13.216321632163218,-26.432643264326437,1
-13.210321032103213,-26.420642064206426,1
-13.204320432043204,-26.408640864086408,1
-13.198319831983198,-26.396639663966397,1
-13.192319231923193,-26.384638463846386,1
-13.186318631863188,-26.372637263726375,1
-13.180318031803182,-26.360636063606364,1
-13.174317431743177,-26.348634863486353,1
-13.168316831683171,-26.336633663366342,1
-13.162316231623162,-26.324632463246324,1
-13.156315631563157,-26.312631263126313,1
-13.150315031503151,-26.300630063006302,1
-13.144314431443146,-26.28862886288629,1
-13.13831383138314,-26.27662766276628,1
-13.132313231323135,-26.26462646264627,1
-13.126312631263126,-26.25262526252625,1
-13.12031203120312,-26.24062406240624,1
-13.114311431143115,-26.22862286228623,1
-13.10831083108311,-26.21662166216622,1
-13.102310231023104,-26.204620462046208,1
-13.096309630963098,-26.192619261926197,1
-13.090309030903093,-26.180618061806186,1
-13.084308430843084,-26.168616861686168,1
-13.078307830783078,-26.156615661566157,1
-13.072307230723073,-26.144614461446146,1
-13.066306630663068,-26.132613261326135,1
-13.060306030603062,-26.120612061206124,1
-13.054305430543057,-26.108610861086113,1
-13.048304830483051,-26.096609660966102,1
-13.042304230423042,-26.084608460846084,1
-13.036303630363037,-26.072607260726073,1
-13.030303030303031,-26.060606060606062,1
-13.024302430243026,-26.04860486048605,1
-13.01830183018302,-26.03660366036604,1
-13.012301230123015,-26.02460246024603,1
-13.006300630063006,-26.01260126012601,1
-13.000300030003,-26.000600060006,1
-12.994299429942995,-25.98859885988599,1
-12.98829882988299,-25.97659765976598,1
-12.982298229822984,-25.964596459645968,1
-12.976297629762978,-25.952595259525957,1
-12.970297029702973,-25.940594059405946,1
-12.964296429642964,-25.928592859285928,1
-12.958295829582958,-25.916591659165917,1
-12.952295229522953,-25.904590459045906,1
-12.946294629462948,-25.892589258925895,1
-12.940294029402942,-25.880588058805884,1
-12.934293429342937,-25.868586858685873,1
-12.928292829282931,-25.856585658565862,1
-12.922292229222922,-25.844584458445844,1
-12.916291629162917,-25.832583258325833,1
-12.910291029102911,-25.820582058205822,1
-12.904290429042906,-25.80858085808581,1
-12.8982898289829,-25.7965796579658,1
-12.892289228922895,-25.78457845784579,1
-12.886288628862886,-25.77257725772577,1
-12.88028802880288,-25.76057605760576,1
-12.874287428742875,-25.74857485748575,1
-12.86828682868287,-25.73657365736574,1
-12.862286228622864,-25.724572457245728,1
-12.856285628562858,-25.712571257125717,1
-12.850285028502853,-25.700570057005706,1
-12.844284428442844,-25.688568856885688,1
-12.838283828382838,-25.676567656765677,1
-12.832283228322833,-25.664566456645666,1
-12.826282628262828,-25.652565256525655,1
-12.820282028202822,-25.640564056405644,1
-12.814281428142817,-25.628562856285633,1
-12.808280828082811,-25.616561656165622,1
-12.802280228022802,-25.604560456045604,1
-12.796279627962797,-25.592559255925593,1
-12.790279027902791,-25.580558055805582,1
-12.784278427842786,-25.56855685568557,1
-12.77827782778278,-25.55655565556556,1
-12.772277227722775,-25.54455445544555,1
-12.766276627662766,-25.53255325532553,1
-12.76027602760276,-25.52055205520552,1
-12.754275427542755,-25.50855085508551,1
-12.74827482748275,-25.4965496549655,1
-12.742274227422744,-25.484548454845488,1
-12.736273627362738,-25.472547254725477,1
-12.730273027302733,-25.460546054605466,1
-12.724272427242724,-25.448544854485448,1
-12.718271827182718,-25.436543654365437,1
-12.712271227122713,-25.424542454245426,1
-12.706270627062707,-25.412541254125415,1
-12.700270027002702,-25.400540054005404,1
-12.694269426942697,-25.388538853885393,1
-12.688268826882691,-25.376537653765382,1
-12.682268226822682,-25.364536453645364,1
-12.676267626762677,-25.352535253525353,1
-12.670267026702671,-25.340534053405342,1
-12.664266426642666,-25.32853285328533,1
-12.65826582658266,-25.31653165316532,1
-12.652265226522655,-25.30453045304531,1
-12.646264626462646,-25.29252925292529,1
-12.64026402640264,-25.28052805280528,1
-12.634263426342635,-25.26852685268527,1
-12.62826282628263,-25.25652565256526,1
-12.622262226222624,-25.244524452445248,1
-12.616261626162618,-25.232523252325237,1
-12.610261026102613,-25.220522052205226,1
-12.604260426042604,-25.208520852085208,1
-12.598259825982598,-25.196519651965197,1
-12.592259225922593,-25.184518451845186,1
-12.586258625862587,-25.172517251725175,1
-12.580258025802582,-25.160516051605164,1
-12.574257425742577,-25.148514851485153,1
-12.568256825682571,-25.136513651365142,1
-12.562256225622562,-25.124512451245124,1
-12.556255625562557,-25.112511251125113,1
-12.550255025502551,-25.100510051005102,1
-12.544254425442546,-25.08850885088509,1
-12.53825382538254,-25.07650765076508,1
-12.532253225322535,-25.06450645064507,1
-12.526252625262526,-25.05250525052505,1
-12.52025202520252,-25.04050405040504,1
-12.514251425142515,-25.02850285028503,1
-12.50825082508251,-25.01650165016502,1
-12.502250225022504,-25.004500450045008,1
-12.496249624962498,-24.992499249924997,1
-12.490249024902493,-24.980498049804986,1
-12.484248424842484,-24.968496849684968,1
-12.478247824782478,-24.956495649564957,1
-12.472247224722473,-24.944494449444946,1
-12.466246624662467,-24.932493249324935,1
-12.460246024602462,-24.920492049204924,1
-12.454245424542457,-24.908490849084913,1
-12.448244824482451,-24.896489648964902,1
-12.442244224422442,-24.884488448844884,1
-12.436243624362437,-24.872487248724873,1
-12.430243024302431,-24.860486048604862,1
-12.424242424242426,-24.84848484848485,1
-12.41824182418242,-24.83648364836484,1
-12.412241224122415,-24.82448244824483,1
-12.406240624062406,-24.81248124812481,1
-12.4002400240024,-24.8004800480048,1
-12.394239423942395,-24.78847884788479,1
-12.38823882388239,-24.77647764776478,1
-12.382238223822384,-24.764476447644768,1
-12.376237623762378,-24.752475247524757,1
-12.370237023702373,-24.740474047404746,1
-12.364236423642364,-24.728472847284728,1
-12.358235823582358,-24.716471647164717,1
-12.352235223522353,-24.704470447044706,1
-12.346234623462347,-24.692469246924695,1
-12.340234023402342,-24.680468046804684,1
-12.334233423342337,-24.668466846684673,1
-12.328232823282331,-24.656465646564662,1
-12.322232223222322,-24.644464446444644,1
-12.316231623162317,-24.632463246324633,1
-12.310231023102311,-24.620462046204622,1
-12.304230423042306,-24.60846084608461,1
-12.2982298229823,-24.5964596459646,1
-12.292229222922295,-24.58445844584459,1
-12.286228622862286,-24.57245724572457,1
-12.28022802280228,-24.56045604560456,1
-12.274227422742275,-24.54845484548455,1
-12.26822682268227,-24.53645364536454,1
-12.262226222622264,-24.524452445244528,1
-12.256225622562258,-24.512451245124517,1
-12.250225022502253,-24.500450045004506,1
-12.244224422442244,-24.488448844884488,1
-12.238223822382238,-24.476447644764477,1
-12.232223222322233,-24.464446444644466,1
-12.226222622262227,-24.452445244524455,1
-12.220222022202222,-24.440444044404444,1
-12.214221422142217,-24.428442844284433,1
-12.208220822082211,-24.416441644164422,1
-12.202220222022202,-24.404440444044404,1
-12.196219621962197,-24.392439243924393,1
-12.190219021902191,-24.380438043804382,1
-12.184218421842186,-24.36843684368437,1
-12.17821782178218,-24.35643564356436,1
-12.172217221722175,-24.34443444344435,1
-12.166216621662166,-24.33243324332433,1
-12.16021602160216,-24.32043204320432,1
-12.154215421542155,-24.30843084308431,1
-12.14821482148215,-24.2964296429643,1
-12.142214221422144,-24.284428442844288,1
-12.136213621362138,-24.272427242724277,1
-12.130213021302133,-24.260426042604266,1
-12.124212421242124,-24.248424842484248,1
-12.118211821182118,-24.236423642364237,1
-12.112211221122113,-24.224422442244226,1
-12.106210621062107,-24.212421242124215,1
-12.100210021002102,-24.200420042004204,1
-12.094209420942097,-24.188418841884193,1
-12.088208820882091,-24.176417641764182,1
-12.082208220822082,-24.164416441644164,1
-12.076207620762077,-24.152415241524153,1
-12.070207020702071,-24.140414041404142,1
-12.064206420642066,-24.12841284128413,1
-12.05820582058206,-24.11641164116412,1
-12.052205220522055,-24.10441044104411,1
-12.046204620462046,-24.09240924092409,1
-12.04020402040204,-24.08040804080408,1
-12.034203420342035,-24.06840684068407,1
-12.02820282028203,-24.05640564056406,1
-12.022202220222024,-24.044404440444048,1
-12.016201620162018,-24.032403240324037,1
-12.010201020102013,-24.020402040204026,1
-12.004200420042004,-24.008400840084008,1
-11.998199819981998,-23.996399639963997,1
-11.992199219921993,-23.984398439843986,1
-11.986198619861987,-23.972397239723975,1
-11.980198019801982,-23.960396039603964,1
-11.974197419741976,-23.948394839483953,1
-11.968196819681971,-23.936393639363942,1
-11.962196219621962,-23.924392439243924,1
-11.956195619561957,-23.912391239123913,1
-11.950195019501951,-23.900390039003902,1
-11.944194419441946,-23.88838883888389,1
-11.93819381938194,-23.87638763876388,1
-11.932193219321935,-23.86438643864387,1
-11.926192619261926,-23.85238523852385,1
-11.92019201920192,-23.84038403840384,1
-11.914191419141915,-23.82838283828383,1
-11.90819081908191,-23.81638163816382,1
-11.902190219021904,-23.804380438043808,1
-11.896189618961898,-23.792379237923797,1
-11.890189018901893,-23.780378037803786,1
-11.884188418841884,-23.768376837683768,1
-11.878187818781878,-23.756375637563757,1
-11.872187218721873,-23.744374437443746,1
-11.866186618661867,-23.732373237323735,1
-11.860186018601862,-23.720372037203724,1
-11.854185418541856,-23.708370837083713,1
-11.848184818481851,-23.696369636963702,1
-11.842184218421842,-23.684368436843684,1
-11.836183618361837,-23.672367236723673,1
-11.830183018301831,-23.660366036603662,1
-11.824182418241826,-23.64836483648365,1
-11.81818181818182,-23.63636363636364,1
-11.812181218121815,-23.62436243624363,1
-11.806180618061806,-23.61236123612361,1
-11.8001800180018,-23.6003600360036,1
-11.794179417941795,-23.58835883588359,1
-11.78817881788179,-23.57635763576358,1
-11.782178217821784,-23.564356435643568,1
-11.776177617761778,-23.552355235523557,1
-11.770177017701773,-23.540354035403546,1
-11.764176417641764,-23.528352835283528,1
-11.758175817581758,-23.516351635163517,1
-11.752175217521753,-23.504350435043506,1
-11.746174617461747,-23.492349234923495,1
-11.740174017401742,-23.480348034803484,1
-11.734173417341736,-23.468346834683473,1
-11.728172817281731,-23.456345634563462,1
-11.722172217221722,-23.444344434443444,1
-11.716171617161717,-23.432343234323433,1
-11.710171017101711,-23.420342034203422,1
-11.704170417041706,-23.40834083408341,1
-11.6981698169817,-23.3963396339634,1
-11.692169216921695,-23.38433843384339,1
-11.686168616861686,-23.37233723372337,1
-11.68016801680168,-23.36033603360336,1
-11.674167416741675,-23.34833483348335,1
-11.66816681668167,-23.33633363336334,1
-11.662166216621664,-23.324332433243328,1
-11.656165616561658,-23.312331233123317,1
-11.650165016501653,-23.300330033003306,1
-11.644164416441644,-23.288328832883288,1
-11.638163816381638,-23.276327632763277,1
-11.632163216321633,-23.264326432643266,1
-11.626162616261627,-23.252325232523255,1
-11.620162016201622,-23.240324032403244,1
-11.614161416141616,-23.228322832283233,1
-11.608160816081611,-23.216321632163222,1
-11.602160216021602,-23.204320432043204,1
-11.596159615961597,-23.192319231923193,1
-11.590159015901591,-23.180318031803182,1
-11.584158415841586,-23.16831683168317,1
-11.57815781578158,-23.15631563156316,1
-11.572157215721575,-23.14431443144315,1
-11.56615661566157,-23.13231323132314,1
-11.56015601560156,-23.12031203120312,1
-11.554155415541555,-23.10831083108311,1
-11.54815481548155,-23.0963096309631,1
-11.542154215421544,-23.084308430843087,1
-11.536153615361538,-23.072307230723077,1
-11.530153015301533,-23.060306030603066,1
-11.524152415241524,-23.048304830483048,1
-11.518151815181518,-23.036303630363037,1
-11.512151215121513,-23.024302430243026,1
-11.506150615061507,-23.012301230123015,1
-11.500150015001502,-23.000300030003004,1
-11.494149414941496,-22.988298829882993,1
-11.488148814881491,-22.976297629762982,1
-11.482148214821482,-22.964296429642964,1
-11.476147614761476,-22.952295229522953,1
-11.470147014701471,-22.940294029402942,1
-11.464146414641466,-22.92829282928293,1
-11.45814581458146,-22.91629162916292,1
-11.452145214521455,-22.90429042904291,1
-11.44614461446145,-22.8922892289229,1
-11.44014401440144,-22.88028802880288,1
-11.434143414341435,-22.86828682868287,1
-11.42814281428143,-22.85628562856286,1
-11.422142214221424,-22.844284428442847,1
-11.416141614161418,-22.832283228322837,1
-11.410141014101413,-22.820282028202826,1
-11.404140414041404,-22.808280828082808,1
-11.398139813981398,-22.796279627962797,1
-11.392139213921393,-22.784278427842786,1
-11.386138613861387,-22.772277227722775,1
-11.380138013801382,-22.760276027602764,1
-11.374137413741376,-22.748274827482753,1
-11.368136813681371,-22.736273627362742,1
-11.362136213621362,-22.724272427242724,1
-11.356135613561356,-22.712271227122713,1
-11.350135013501351,-22.700270027002702,1
-11.344134413441346,-22.68826882688269,1
-11.33813381338134,-22.67626762676268,1
-11.332133213321335,-22.66426642664267,1
-11.32613261326133,-22.65226522652266,1
-11.32013201320132,-22.64026402640264,1
-11.314131413141315,-22.62826282628263,1
-11.30813081308131,-22.61626162616262,1
-11.302130213021304,-22.604260426042607,1
-11.296129612961298,-22.592259225922596,1
-11.290129012901293,-22.580258025802586,1
-11.284128412841284,-22.568256825682568,1
-11.278127812781278,-22.556255625562557,1
-11.272127212721273,-22.544254425442546,1
-11.266126612661267,-22.532253225322535,1
-11.260126012601262,-22.520252025202524,1
-11.254125412541256,-22.508250825082513,1
-11.248124812481251,-22.496249624962502,1
-11.242124212421242,-22.484248424842484,1
-11.236123612361236,-22.472247224722473,1
-11.230123012301231,-22.460246024602462,1
-11.224122412241226,-22.44824482448245,1
-11.21812181218122,-22.43624362436244,1
-11.212121212121215,-22.42424242424243,1
-11.20612061206121,-22.41224122412242,1
-11.2001200120012,-22.4002400240024,1
-11.194119411941195,-22.38823882388239,1
-11.18811881188119,-22.37623762376238,1
-11.182118211821184,-22.364236423642367,1
-11.176117611761178,-22.352235223522356,1
-11.170117011701173,-22.340234023402346,1
-11.164116411641164,-22.328232823282328,1
-11.158115811581158,-22.316231623162317,1
-11.152115211521153,-22.304230423042306,1
-11.146114611461147,-22.292229222922295,1
-11.140114011401142,-22.280228022802284,1
-11.134113411341136,-22.268226822682273,1
-11.128112811281131,-22.256225622562262,1
-11.122112211221122,-22.244224422442244,1
-11.116111611161116,-22.232223222322233,1
-11.110111011101111,-22.220222022202222,1
-11.104110411041106,-22.20822082208221,1
-11.0981098109811,-22.1962196219622,1
-11.092109210921095,-22.18421842184219,1
-11.08610861086109,-22.17221722172218,1
-11.08010801080108,-22.16021602160216,1
-11.074107410741075,-22.14821482148215,1
-11.06810681068107,-22.13621362136214,1
-11.062106210621064,-22.124212421242127,1
-11.056105610561058,-22.112211221122116,1
-11.050105010501053,-22.100210021002106,1
-11.044104410441044,-22.088208820882087,1
-11.038103810381038,-22.076207620762077,1
-11.032103210321033,-22.064206420642066,1
-11.026102610261027,-22.052205220522055,1
-11.020102010201022,-22.040204020402044,1
-11.014101410141016,-22.028202820282033,1
-11.008100810081011,-22.016201620162022,1
-11.002100210021002,-22.004200420042004,1
-10.996099609960996,-21.992199219921993,1
-10.990099009900991,-21.980198019801982,1
-10.984098409840986,-21.96819681968197,1
-10.97809780978098,-21.95619561956196,1
-10.972097209720975,-21.94419441944195,1
-10.966096609660969,-21.932193219321938,1
-10.96009600960096,-21.92019201920192,1
-10.954095409540955,-21.90819081908191,1
-10.94809480948095,-21.8961896189619,1
-10.942094209420944,-21.884188418841887,1
-10.936093609360938,-21.872187218721876,1
-10.930093009300933,-21.860186018601865,1
-10.924092409240924,-21.848184818481847,1
-10.918091809180918,-21.836183618361837,1
-10.912091209120913,-21.824182418241826,1
-10.906090609060907,-21.812181218121815,1
-10.900090009000902,-21.800180018001804,1
-10.894089408940896,-21.788178817881793,1
-10.888088808880891,-21.776177617761782,1
-10.882088208820882,-21.764176417641764,1
-10.876087608760876,-21.752175217521753,1
-10.870087008700871,-21.740174017401742,1
-10.864086408640865,-21.72817281728173,1
-10.85808580858086,-21.71617161716172,1
-10.852085208520855,-21.70417041704171,1
-10.846084608460849,-21.692169216921698,1
-10.84008400840084,-21.68016801680168,1
-10.834083408340835,-21.66816681668167,1
-10.82808280828083,-21.65616561656166,1
-10.822082208220824,-21.644164416441647,1
-10.816081608160818,-21.632163216321636,1
-10.810081008100813,-21.620162016201625,1
-10.804080408040804,-21.608160816081607,1
-10.798079807980798,-21.596159615961597,1
-10.792079207920793,-21.584158415841586,1
-10.786078607860787,-21.572157215721575,1
-10.780078007800782,-21.560156015601564,1
-10.774077407740776,-21.548154815481553,1
-10.768076807680771,-21.536153615361542,1
-10.762076207620762,-21.524152415241524,1
-10.756075607560756,-21.512151215121513,1
-10.750075007500751,-21.500150015001502,1
-10.744074407440745,-21.48814881488149,1
-10.73807380738074,-21.47614761476148,1
-10.732073207320735,-21.46414641464147,1
-10.726072607260729,-21.452145214521458,1
-10.72007200720072,-21.44014401440144,1
-10.714071407140715,-21.42814281428143,1
-10.70807080708071,-21.41614161416142,1
-10.702070207020704,-21.404140414041407,1
-10.696069606960698,-21.392139213921396,1
-10.690069006900693,-21.380138013801385,1
-10.684068406840684,-21.368136813681367,1
-10.678067806780678,-21.356135613561356,1
-10.672067206720673,-21.344134413441346,1
-10.666066606660667,-21.332133213321335,1
-10.660066006600662,-21.320132013201324,1
-10.654065406540656,-21.308130813081313,1
-10.648064806480651,-21.296129612961302,1
-10.642064206420642,-21.284128412841284,1
-10.636063606360636,-21.272127212721273,1
-10.630063006300631,-21.260126012601262,1
-10.624062406240625,-21.24812481248125,1
-10.61806180618062,-21.23612361236124,1
-10.612061206120615,-21.22412241224123,1
-10.606060606060609,-21.212121212121218,1
-10.6000600060006,-21.2001200120012,1
-10.594059405940595,-21.18811881188119,1
-10.58805880588059,-21.17611761176118,1
-10.582058205820584,-21.164116411641167,1
-10.576057605760578,-21.152115211521156,1
-10.570057005700573,-21.140114011401145,1
-10.564056405640564,-21.128112811281127,1
-10.558055805580558,-21.116111611161116,1
-10.552055205520553,-21.104110411041106,1
-10.546054605460547,-21.092109210921095,1
-10.540054005400542,-21.080108010801084,1
-10.534053405340536,-21.068106810681073,1
-10.528052805280531,-21.056105610561062,1
-10.522052205220522,-21.044104410441044,1
-10.516051605160516,-21.032103210321033,1
-10.510051005100511,-21.020102010201022,1
-10.504050405040505,-21.00810081008101,1
-10.4980498049805,-20.996099609961,1
-10.492049204920495,-20.98409840984099,1
-10.486048604860489,-20.972097209720978,1
-10.48004800480048,-20.96009600960096,1
-10.474047404740475,-20.94809480948095,1
-10.468046804680469,-20.936093609360938,1
-10.462046204620464,-20.924092409240927,1
-10.456045604560458,-20.912091209120916,1
-10.450045004500453,-20.900090009000905,1
-10.444044404440444,-20.888088808880887,1
-10.438043804380438,-20.876087608760876,1
-10.432043204320433,-20.864086408640865,1
-10.426042604260427,-20.852085208520855,1
-10.420042004200422,-20.840084008400844,1
-10.414041404140416,-20.828082808280833,1
-10.40804080408041,-20.81608160816082,1
-10.402040204020402,-20.804080408040804,1
-10.396039603960396,-20.792079207920793,1
-10.390039003900391,-20.780078007800782,1
-10.384038403840385,-20.76807680768077,1
-10.37803780378038,-20.75607560756076,1
-10.372037203720375,-20.74407440744075,1
-10.366036603660369,-20.732073207320738,1
-10.36003600360036,-20.72007200720072,1
-10.354035403540355,-20.70807080708071,1
-10.348034803480349,-20.696069606960698,1
-10.342034203420344,-20.684068406840687,1
-10.336033603360338,-20.672067206720676,1
-10.330033003300333,-20.660066006600665,1
-10.324032403240324,-20.648064806480647,1
-10.318031803180318,-20.636063606360636,1
-10.312031203120313,-20.624062406240625,1
-10.306030603060307,-20.612061206120615,1
-10.300030003000302,-20.600060006000604,1
-10.294029402940296,-20.588058805880593,1
-10.28802880288029,-20.57605760576058,1
-10.282028202820282,-20.564056405640564,1
-10.276027602760276,-20.552055205520553,1
-10.270027002700271,-20.540054005400542,1
-10.264026402640265,-20.52805280528053,1
-10.25802580258026,-20.51605160516052,1
-10.252025202520255,-20.50405040504051,1
-10.246024602460249,-20.492049204920498,1
-10.24002400240024,-20.48004800480048,1
-10.234023402340235,-20.46804680468047,1
-10.228022802280229,-20.456045604560458,1
-10.222022202220224,-20.444044404440447,1
-10.216021602160218,-20.432043204320436,1
-10.210021002100213,-20.420042004200425,1
-10.204020402040204,-20.408040804080407,1
-10.198019801980198,-20.396039603960396,1
-10.192019201920193,-20.384038403840385,1
-10.186018601860187,-20.372037203720375,1
-10.180018001800182,-20.360036003600364,1
-10.174017401740176,-20.348034803480353,1
-10.16801680168017,-20.33603360336034,1
-10.162016201620162,-20.324032403240324,1
-10.156015601560156,-20.312031203120313,1
-10.150015001500151,-20.300030003000302,1
-10.144014401440145,-20.28802880288029,1
-10.13801380138014,-20.27602760276028,1
-10.132013201320134,-20.26402640264027,1
-10.126012601260129,-20.252025202520258,1
-10.12001200120012,-20.24002400240024,1
-10.114011401140115,-20.22802280228023,1
-10.108010801080109,-20.216021602160218,1
-10.102010201020104,-20.204020402040207,1
-10.096009600960098,-20.192019201920196,1
-10.090009000900093,-20.180018001800185,1
-10.084008400840084,-20.168016801680167,1
-10.078007800780078,-20.156015601560156,1
-10.072007200720073,-20.144014401440145,1
-10.066006600660067,-20.132013201320134,1
-10.060006000600062,-20.120012001200124,1
-10.054005400540056,-20.108010801080113,1
-10.04800480048005,-20.0960096009601,1
-10.042004200420042,-20.084008400840084,1
-10.036003600360036,-20.072007200720073,1
-10.030003000300031,-20.060006000600062,1
-10.024002400240025,-20.04800480048005,1
-10.01800180018002,-20.03600360036004,1
-10.012001200120014,-20.02400240024003,1
-10.006000600060009,-20.012001200120018,1
-10.0,-20.0,1
-9.993999399939995,-19.98799879987999,1
-9.987998799879989,-19.975997599759978,1
-9.981998199819984,-19.963996399639967,1
-9.975997599759978,-19.951995199519956,1
-9.969996999699973,-19.939993999399945,1
-9.963996399639964,-19.927992799279927,1
-9.957995799579958,-19.915991599159916,1
-9.951995199519953,-19.903990399039905,1
-9.945994599459947,-19.891989198919894,1
-9.939993999399942,-19.879987998799884,1
-9.933993399339936,-19.867986798679873,1
-9.92799279927993,-19.85598559855986,1
-9.921992199219922,-19.843984398439844,1
-9.915991599159916,-19.831983198319833,1
-9.90999099909991,-19.81998199819982,1
-9.903990399039905,-19.80798079807981,1
-9.8979897989799,-19.7959795979598,1
-9.891989198919894,-19.78397839783979,1
-9.885988598859889,-19.771977197719778,1
-9.87998799879988,-19.75997599759976,1
-9.873987398739875,-19.74797479747975,1
-9.867986798679869,-19.735973597359738,1
-9.861986198619864,-19.723972397239727,1
-9.855985598559858,-19.711971197119716,1
-9.849984998499853,-19.699969996999705,1
-9.843984398439844,-19.687968796879687,1
-9.837983798379838,-19.675967596759676,1
-9.831983198319833,-19.663966396639665,1
-9.825982598259827,-19.651965196519654,1
-9.819981998199822,-19.639963996399644,1
-9.813981398139816,-19.627962796279633,1
-9.80798079807981,-19.61596159615962,1
-9.801980198019802,-19.603960396039604,1
-9.795979597959796,-19.591959195919593,1
-9.78997899789979,-19.57995799579958,1
-9.783978397839785,-19.56795679567957,1
-9.77797779777978,-19.55595559555956,1
-9.771977197719774,-19.54395439543955,1
-9.765976597659769,-19.531953195319538,1
-9.75997599759976,-19.51995199519952,1
-9.753975397539755,-19.50795079507951,1
-9.747974797479749,-19.495949594959498,1
-9.741974197419744,-19.483948394839487,1
-9.735973597359738,-19.471947194719476,1
-9.729972997299733,-19.459945994599465,1
-9.723972397239724,-19.447944794479447,1
-9.717971797179718,-19.435943594359436,1
-9.711971197119713,-19.423942394239425,1
-9.705970597059707,-19.411941194119414,1
-9.699969996999702,-19.399939993999403,1
-9.693969396939696,-19.387938793879393,1
-9.68796879687969,-19.37593759375938,1
-9.681968196819682,-19.363936393639364,1
-9.675967596759676,-19.351935193519353,1
-9.66996699669967,-19.33993399339934,1
-9.663966396639665,-19.32793279327933,1
-9.65796579657966,-19.31593159315932,1
-9.651965196519654,-19.30393039303931,1
-9.645964596459649,-19.291929192919298,1
-9.63996399639964,-19.27992799279928,1
-9.633963396339634,-19.26792679267927,1
-9.627962796279629,-19.255925592559258,1
-9.621962196219624,-19.243924392439247,1
-9.615961596159618,-19.231923192319236,1
-9.609960996099613,-19.219921992199225,1
-9.603960396039604,-19.207920792079207,1
-9.597959795979598,-19.195919591959196,1
-9.591959195919593,-19.183918391839185,1
-9.585958595859587,-19.171917191719174,1
-9.579957995799582,-19.159915991599163,1
-9.573957395739576,-19.147914791479153,1
-9.56795679567957,-19.13591359135914,1
-9.561956195619562,-19.123912391239124,1
-9.555955595559556,-19.111911191119113,1
-9.54995499549955,-19.0999099909991,1
-9.543954395439545,-19.08790879087909,1
-9.53795379537954,-19.07590759075908,1
-9.531953195319534,-19.06390639063907,1
-9.525952595259529,-19.051905190519058,1
-9.51995199519952,-19.03990399039904,1
-9.513951395139514,-19.02790279027903,1
-9.507950795079509,-19.015901590159018,1
-9.501950195019504,-19.003900390039007,1
-9.495949594959498,-18.991899189918996,1
-9.489948994899493,-18.979897989798985,1
-9.483948394839484,-18.967896789678967,1
-9.477947794779478,-18.955895589558956,1
-9.471947194719473,-18.943894389438945,1
-9.465946594659467,-18.931893189318934,1
-9.459945994599462,-18.919891989198923,1
-9.453945394539456,-18.907890789078913,1
-9.44794479447945,-18.8958895889589,1
-9.441944194419442,-18.883888388838884,1
-9.435943594359436,-18.871887188718873,1
-9.42994299429943,-18.85988598859886,1
-9.423942394239425,-18.84788478847885,1
-9.41794179417942,-18.83588358835884,1
-9.411941194119414,-18.82388238823883,1
-9.405940594059409,-18.811881188118818,1
-9.3999399939994,-18.7998799879988,1
-9.393939393939394,-18.78787878787879,1
-9.387938793879389,-18.775877587758778,1
-9.381938193819384,-18.763876387638767,1
-9.375937593759378,-18.751875187518756,1
-9.369936993699373,-18.739873987398745,1
-9.363936393639364,-18.727872787278727,1
-9.357935793579358,-18.715871587158716,1
-9.351935193519353,-18.703870387038705,1
-9.345934593459347,-18.691869186918694,1
-9.339933993399342,-18.679867986798683,1
-9.333933393339336,-18.667866786678672,1
-9.32793279327933,-18.65586558655866,1
-9.321932193219322,-18.643864386438644,1
-9.315931593159316,-18.631863186318633,1
-9.30993099309931,-18.61986198619862,1
-9.303930393039305,-18.60786078607861,1
-9.2979297929793,-18.5958595859586,1
-9.291929192919294,-18.58385838583859,1
-9.285928592859289,-18.571857185718578,1
-9.27992799279928,-18.55985598559856,1
-9.273927392739274,-18.54785478547855,1
-9.267926792679269,-18.535853585358538,1
-9.261926192619264,-18.523852385238527,1
-9.255925592559258,-18.511851185118516,1
-9.249924992499253,-18.499849984998505,1
-9.243924392439244,-18.487848784878487,1
-9.237923792379238,-18.475847584758476,1
-9.231923192319233,-18.463846384638465,1
-9.225922592259227,-18.451845184518454,1
-9.219921992199222,-18.439843984398443,1
-9.213921392139216,-18.427842784278432,1
-9.20792079207921,-18.41584158415842,1
-9.201920192019202,-18.403840384038403,1
-9.195919591959196,-18.391839183918393,1
-9.18991899189919,-18.37983798379838,1
-9.183918391839185,-18.36783678367837,1
-9.17791779177918,-18.35583558355836,1
-9.171917191719174,-18.34383438343835,1
-9.165916591659169,-18.331833183318338,1
-9.15991599159916,-18.31983198319832,1
-9.153915391539154,-18.30783078307831,1
-9.147914791479149,-18.295829582958298,1
-9.141914191419144,-18.283828382838287,1
-9.135913591359138,-18.271827182718276,1
-9.129912991299133,-18.259825982598265,1
-9.123912391239124,-18.247824782478247,1
-9.117911791179118,-18.235823582358236,1
-9.111911191119113,-18.223822382238225,1
-9.105910591059107,-18.211821182118214,1
-9.099909990999102,-18.199819981998203,1
-9.093909390939096,-18.187818781878192,1
-9.08790879087909,-18.17581758175818,1
-9.081908190819082,-18.163816381638163,1
-9.075907590759076,-18.151815181518153,1
-9.06990699069907,-18.13981398139814,1
-9.063906390639065,-18.12781278127813,1
-9.05790579057906,-18.11581158115812,1
-9.051905190519054,-18.10381038103811,1
-9.045904590459049,-18.091809180918098,1
-9.03990399039904,-18.07980798079808,1
-9.033903390339034,-18.06780678067807,1
-9.027902790279029,-18.055805580558058,1
-9.021902190219024,-18.043804380438047,1
-9.015901590159018,-18.031803180318036,1
-9.009900990099013,-18.019801980198025,1
-9.003900390039004,-18.007800780078007,1
-8.997899789978998,-17.995799579957996,1
-8.991899189918993,-17.983798379837985,1
-8.985898589858987,-17.971797179717974,1
-8.979897989798982,-17.959795979597963,1
-8.973897389738976,-17.947794779477952,1
-8.96789678967897,-17.93579357935794,1
-8.961896189618962,-17.923792379237923,1
-8.955895589558956,-17.911791179117913,1
-8.94989498949895,-17.8997899789979,1
-8.943894389438945,-17.88778877887789,1
-8.93789378937894,-17.87578757875788,1
-8.931893189318934,-17.86378637863787,1
-8.925892589258929,-17.851785178517858,1
-8.91989198919892,-17.83978397839784,1
-8.913891389138914,-17.82778277827783,1
-8.907890789078909,-17.815781578157818,1
-8.901890189018903,-17.803780378037807,1
-8.895889588958898,-17.791779177917796,1
-8.889888988898893,-17.779777977797785,1
-8.883888388838884,-17.767776777677767,1
-8.877887788778878,-17.755775577557756,1
-8.871887188718873,-17.743774377437745,1
-8.865886588658867,-17.731773177317734,1
-8.859885988598862,-17.719771977197723,1
-8.853885388538856,-17.707770777077712,1
-8.84788478847885,-17.6957695769577,1
-8.841884188418842,-17.683768376837683,1
-8.835883588358836,-17.671767176717672,1
-8.82988298829883,-17.65976597659766,1
-8.823882388238825,-17.64776477647765,1
-8.81788178817882,-17.63576357635764,1
-8.811881188118814,-17.62376237623763,1
-8.805880588058809,-17.611761176117618,1
-8.7998799879988,-17.5997599759976,1
-8.793879387938794,-17.58775877587759,1
-8.787878787878789,-17.575757575757578,1
-8.781878187818783,-17.563756375637567,1
-8.775877587758778,-17.551755175517556,1
-8.769876987698773,-17.539753975397545,1
-8.763876387638764,-17.527752775277527,1
-8.757875787578758,-17.515751575157516,1
-8.751875187518753,-17.503750375037505,1
-8.745874587458747,-17.491749174917494,1
-8.739873987398742,-17.479747974797483,1
-8.733873387338736,-17.467746774677472,1
-8.72787278727873,-17.45574557455746,1
-8.721872187218722,-17.443744374437443,1
-8.715871587158716,-17.431743174317432,1
-8.70987098709871,-17.41974197419742,1
-8.703870387038705,-17.40774077407741,1
-8.6978697869787,-17.3957395739574,1
-8.691869186918694,-17.38373837383739,1
-8.685868586858689,-17.371737173717378,1
-8.67986798679868,-17.35973597359736,1
-8.673867386738674,-17.34773477347735,1
-8.667866786678669,-17.335733573357338,1
-8.661866186618663,-17.323732373237327,1
-8.655865586558658,-17.311731173117316,1
-8.649864986498653,-17.299729972997305,1
-8.643864386438644,-17.287728772877287,1
-8.637863786378638,-17.275727572757276,1
-8.631863186318633,-17.263726372637265,1
-8.625862586258627,-17.251725172517254,1
-8.619861986198622,-17.239723972397243,1
-8.613861386138616,-17.227722772277232,1
-8.60786078607861,-17.21572157215722,1
-8.601860186018602,-17.203720372037203,1
-8.595859585958596,-17.191719171917192,1
-8.58985898589859,-17.17971797179718,1
-8.583858385838585,-17.16771677167717,1
-8.57785778577858,-17.15571557155716,1
-8.571857185718574,-17.14371437143715,1
-8.565856585658569,-17.131713171317138,1
-8.55985598559856,-17.11971197119712,1
-8.553855385538554,-17.10771077107711,1
-8.547854785478549,-17.095709570957098,1
-8.541854185418543,-17.083708370837087,1
-8.535853585358538,-17.071707170717076,1
-8.529852985298533,-17.059705970597065,1
-8.523852385238524,-17.047704770477047,1
-8.517851785178518,-17.035703570357036,1
-8.511851185118513,-17.023702370237025,1
-8.505850585058507,-17.011701170117014,1
-8.499849984998502,-16.999699969997003,1
-8.493849384938496,-16.987698769876992,1
-8.48784878487849,-16.97569756975698,1
-8.481848184818482,-16.963696369636963,1
-8.475847584758476,-16.951695169516952,1
-8.46984698469847,-16.93969396939694,1
-8.463846384638465,-16.92769276927693,1
-8.45784578457846,-16.91569156915692,1
-8.451845184518454,-16.90369036903691,1
-8.445844584458449,-16.891689168916898,1
-8.43984398439844,-16.87968796879688,1
-8.433843384338434,-16.86768676867687,1
-8.427842784278429,-16.855685568556858,1
-8.421842184218423,-16.843684368436847,1
-8.415841584158418,-16.831683168316836,1
-8.409840984098413,-16.819681968196825,1
-8.403840384038407,-16.807680768076814,1
-8.397839783978398,-16.795679567956796,1
-8.391839183918393,-16.783678367836785,1
-8.385838583858387,-16.771677167716774,1
-8.379837983798382,-16.759675967596763,1
-8.373837383738376,-16.747674767476752,1
-8.36783678367837,-16.73567356735674,1
-8.361836183618362,-16.723672367236723,1
-8.355835583558356,-16.711671167116712,1
-8.34983498349835,-16.6996699669967,1
-8.343834383438345,-16.68766876687669,1
-8.33783378337834,-16.67566756675668,1
-8.331833183318334,-16.66366636663667,1
-8.325832583258329,-16.651665166516658,1
-8.31983198319832,-16.63966396639664,1
-8.313831383138314,-16.62766276627663,1
-8.307830783078309,-16.615661566156618,1
-8.301830183018303,-16.603660366036607,1
-8.295829582958298,-16.591659165916596,1
-8.289828982898293,-16.579657965796585,1
-8.283828382838287,-16.567656765676574,1
-8.277827782778278,-16.555655565556556,1
-8.271827182718273,-16.543654365436545,1
-8.265826582658267,-16.531653165316534,1
-8.259825982598262,-16.519651965196523,1
-8.253825382538256,-16.507650765076512,1
-8.24782478247825,-16.4956495649565,1
-8.241824182418242,-16.483648364836483,1
-8.235823582358236,-16.471647164716472,1
-8.22982298229823,-16.45964596459646,1
-8.223822382238225,-16.44764476447645,1
-8.21782178217822,-16.43564356435644,1
-8.211821182118214,-16.42364236423643,1
-8.205820582058209,-16.411641164116418,1
-8.1998199819982,-16.3996399639964,1
-8.193819381938194,-16.38763876387639,1
-8.187818781878189,-16.375637563756378,1
-8.181818181818183,-16.363636363636367,1
-8.175817581758178,-16.351635163516356,1
-8.169816981698172,-16.339633963396345,1
-8.163816381638167,-16.327632763276334,1
-8.157815781578158,-16.315631563156316,1
-8.151815181518153,-16.303630363036305,1
-8.145814581458147,-16.291629162916294,1
-8.139813981398142,-16.279627962796283,1
-8.133813381338136,-16.267626762676272,1
-8.12781278127813,-16.25562556255626,1
-8.121812181218122,-16.243624362436243,1
-8.115811581158116,-16.231623162316232,1
-8.10981098109811,-16.21962196219622,1
-8.103810381038105,-16.20762076207621,1
-8.0978097809781,-16.1956195619562,1
-8.091809180918094,-16.18361836183619,1
-8.085808580858089,-16.171617161716178,1
-8.07980798079808,-16.15961596159616,1
-8.073807380738074,-16.14761476147615,1
-8.067806780678069,-16.135613561356138,1
-8.061806180618063,-16.123612361236127,1
-8.055805580558058,-16.111611161116116,1
-8.049804980498052,-16.099609960996105,1
-8.043804380438047,-16.087608760876094,1
-8.037803780378038,-16.075607560756076,1
-8.031803180318033,-16.063606360636065,1
-8.025802580258027,-16.051605160516054,1
-8.019801980198022,-16.039603960396043,1
-8.013801380138016,-16.027602760276032,1
-8.00780078007801,-16.01560156015602,1
-8.001800180018002,-16.003600360036003,1
-7.995799579957996,-15.991599159915992,1
-7.989798979897991,-15.979597959795981,1
-7.983798379837985,-15.96759675967597,1
-7.97779777977798,-15.95559555955596,1
-7.971797179717974,-15.943594359435949,1
-7.965796579657969,-15.931593159315938,1
-7.95979597959796,-15.91959195919592,1
-7.953795379537954,-15.907590759075909,1
-7.947794779477949,-15.895589558955898,1
-7.941794179417943,-15.883588358835887,1
-7.935793579357938,-15.871587158715876,1
-7.9297929792979325,-15.859585958595865,1
-7.923792379237927,-15.847584758475854,1
-7.917791779177918,-15.835583558355836,1
-7.9117911791179125,-15.823582358235825,1
-7.905790579057907,-15.811581158115814,1
-7.899789978997902,-15.799579957995803,1
-7.893789378937896,-15.787578757875792,1
-7.887788778877891,-15.775577557755781,1
-7.881788178817882,-15.763576357635763,1
-7.875787578757876,-15.751575157515752,1
-7.869786978697871,-15.739573957395741,1
-7.863786378637865,-15.72757275727573,1
-7.85778577857786,-15.71557155715572,1
-7.851785178517854,-15.703570357035709,1
-7.845784578457849,-15.691569156915698,1
-7.83978397839784,-15.67956795679568,1
-7.833783378337834,-15.667566756675669,1
-7.827782778277829,-15.655565556555658,1
-7.821782178217823,-15.643564356435647,1
-7.815781578157818,-15.631563156315636,1
-7.8097809780978125,-15.619561956195625,1
-7.803780378037807,-15.607560756075614,1
-7.797779777977798,-15.595559555955596,1
-7.7917791779177925,-15.583558355835585,1
-7.785778577857787,-15.571557155715574,1
-7.779777977797782,-15.559555955595563,1
-7.773777377737776,-15.547554755475552,1
-7.767776777677771,-15.535553555355541,1
-7.761776177617762,-15.523552355235523,1
-7.755775577557756,-15.511551155115512,1
-7.749774977497751,-15.499549954995501,1
-7.743774377437745,-15.48754875487549,1
-7.73777377737774,-15.47554755475548,1
-7.731773177317734,-15.463546354635469,1
-7.725772577257729,-15.451545154515458,1
-7.71977197719772,-15.43954395439544,1
-7.713771377137714,-15.427542754275429,1
-7.707770777077709,-15.415541554155418,1
-7.701770177017703,-15.403540354035407,1
-7.695769576957698,-15.391539153915396,1
-7.6897689768976925,-15.379537953795385,1
-7.683768376837687,-15.367536753675374,1
-7.677767776777678,-15.355535553555356,1
-7.6717671767176725,-15.343534353435345,1
-7.665766576657667,-15.331533153315334,1
-7.659765976597662,-15.319531953195323,1
-7.653765376537656,-15.307530753075312,1
-7.647764776477651,-15.295529552955301,1
-7.641764176417642,-15.283528352835283,1
-7.635763576357636,-15.271527152715272,1
-7.629762976297631,-15.259525952595261,1
-7.623762376237625,-15.24752475247525,1
-7.61776177617762,-15.23552355235524,1
-7.611761176117614,-15.223522352235229,1
-7.605760576057609,-15.211521152115218,1
-7.5997599759976,-15.1995199519952,1
-7.593759375937594,-15.187518751875189,1
-7.587758775877589,-15.175517551755178,1
-7.581758175817583,-15.163516351635167,1
-7.575757575757578,-15.151515151515156,1
-7.569756975697572,-15.139513951395145,1
-7.563756375637567,-15.127512751275134,1
-7.557755775577558,-15.115511551155116,1
-7.5517551755175525,-15.103510351035105,1
-7.545754575457547,-15.091509150915094,1
-7.5397539753975416,-15.079507950795083,1
-7.533753375337536,-15.067506750675072,1
-7.527752775277531,-15.055505550555061,1
-7.521752175217522,-15.043504350435043,1
-7.515751575157516,-15.031503150315032,1
-7.509750975097511,-15.019501950195021,1
-7.503750375037505,-15.00750075007501,1
-7.4977497749775,-14.995499549955,1
-7.491749174917494,-14.983498349834989,1
-7.485748574857489,-14.971497149714978,1
-7.47974797479748,-14.95949594959496,1
-7.473747374737474,-14.947494749474949,1
-7.467746774677469,-14.935493549354938,1
-7.461746174617463,-14.923492349234927,1
-7.455745574557458,-14.911491149114916,1
-7.449744974497452,-14.899489948994905,1
-7.443744374437447,-14.887488748874894,1
-7.437743774377438,-14.875487548754876,1
-7.4317431743174325,-14.863486348634865,1
-7.425742574257427,-14.851485148514854,1
-7.4197419741974215,-14.839483948394843,1
-7.413741374137416,-14.827482748274832,1
-7.407740774077411,-14.815481548154821,1
-7.401740174017402,-14.803480348034803,1
-7.395739573957396,-14.791479147914792,1
-7.389738973897391,-14.779477947794781,1
-7.383738373837385,-14.76747674767477,1
-7.37773777377738,-14.75547554755476,1
-7.371737173717374,-14.743474347434748,1
-7.365736573657369,-14.731473147314738,1
-7.35973597359736,-14.71947194719472,1
-7.353735373537354,-14.707470747074709,1
-7.347734773477349,-14.695469546954698,1
-7.341734173417343,-14.683468346834687,1
-7.335733573357338,-14.671467146714676,1
-7.329732973297332,-14.659465946594665,1
-7.323732373237327,-14.647464746474654,1
-7.317731773177318,-14.635463546354636,1
-7.3117311731173125,-14.623462346234625,1
-7.305730573057307,-14.611461146114614,1
-7.2997299729973015,-14.599459945994603,1
-7.293729372937296,-14.587458745874592,1
-7.287728772877291,-14.575457545754581,1
-7.281728172817282,-14.563456345634563,1
-7.275727572757276,-14.551455145514552,1
-7.269726972697271,-14.539453945394541,1
-7.263726372637265,-14.52745274527453,1
-7.25772577257726,-14.51545154515452,1
-7.251725172517254,-14.503450345034508,1
-7.245724572457249,-14.491449144914498,1
-7.23972397239724,-14.47944794479448,1
-7.233723372337234,-14.467446744674469,1
-7.227722772277229,-14.455445544554458,1
-7.221722172217223,-14.443444344434447,1
-7.215721572157218,-14.431443144314436,1
-7.209720972097212,-14.419441944194425,1
-7.203720372037207,-14.407440744074414,1
-7.197719771977198,-14.395439543954396,1
-7.1917191719171925,-14.383438343834385,1
-7.185718571857187,-14.371437143714374,1
-7.1797179717971815,-14.359435943594363,1
-7.173717371737176,-14.347434743474352,1
-7.167716771677171,-14.335433543354341,1
-7.161716171617162,-14.323432343234323,1
-7.155715571557156,-14.311431143114312,1
-7.149714971497151,-14.299429942994301,1
-7.143714371437145,-14.28742874287429,1
-7.13771377137714,-14.27542754275428,1
-7.131713171317134,-14.263426342634268,1
-7.125712571257129,-14.251425142514258,1
-7.11971197119712,-14.23942394239424,1
-7.113711371137114,-14.227422742274229,1
-7.107710771077109,-14.215421542154218,1
-7.101710171017103,-14.203420342034207,1
-7.095709570957098,-14.191419141914196,1
-7.089708970897092,-14.179417941794185,1
-7.083708370837087,-14.167416741674174,1
-7.077707770777078,-14.155415541554156,1
-7.071707170717072,-14.143414341434145,1
-7.065706570657067,-14.131413141314134,1
-7.0597059705970615,-14.119411941194123,1
-7.053705370537056,-14.107410741074112,1
-7.047704770477051,-14.095409540954101,1
-7.0417041704170416,-14.083408340834083,1
-7.035703570357036,-14.071407140714072,1
-7.029702970297031,-14.059405940594061,1
-7.023702370237025,-14.04740474047405,1
-7.01770177017702,-14.03540354035404,1
-7.011701170117014,-14.023402340234028,1
-7.005700570057009,-14.011401140114017,1
-6.999699969997,-13.999399939994,1
-6.993699369936994,-13.987398739873989,1
-6.987698769876989,-13.975397539753978,1
-6.981698169816983,-13.963396339633967,1
-6.975697569756978,-13.951395139513956,1
-6.969696969696972,-13.939393939393945,1
-6.963696369636967,-13.927392739273934,1
-6.957695769576958,-13.915391539153916,1
-6.951695169516952,-13.903390339033905,1
-6.945694569456947,-13.891389138913894,1
-6.9396939693969415,-13.879387938793883,1
-6.933693369336936,-13.867386738673872,1
-6.927692769276931,-13.855385538553861,1
-6.9216921692169215,-13.843384338433843,1
-6.915691569156916,-13.831383138313832,1
-6.909690969096911,-13.819381938193821,1
-6.903690369036905,-13.80738073807381,1
-6.8976897689769,-13.7953795379538,1
-6.891689168916894,-13.783378337833788,1
-6.885688568856889,-13.771377137713777,1
-6.87968796879688,-13.75937593759376,1
-6.873687368736874,-13.747374737473748,1
-6.867686768676869,-13.735373537353738,1
-6.861686168616863,-13.723372337233727,1
-6.855685568556858,-13.711371137113716,1
-6.849684968496852,-13.699369936993705,1
-6.843684368436847,-13.687368736873694,1
-6.837683768376838,-13.675367536753676,1
-6.831683168316832,-13.663366336633665,1
-6.825682568256827,-13.651365136513654,1
-6.8196819681968215,-13.639363936393643,1
-6.813681368136816,-13.627362736273632,1
-6.8076807680768106,-13.615361536153621,1
-6.8016801680168015,-13.603360336033603,1
-6.795679567956796,-13.591359135913592,1
-6.789678967896791,-13.579357935793581,1
-6.783678367836785,-13.56735673567357,1
-6.77767776777678,-13.55535553555356,1
-6.771677167716774,-13.543354335433548,1
-6.765676567656769,-13.531353135313537,1
-6.75967596759676,-13.51935193519352,1
-6.753675367536754,-13.507350735073508,1
-6.747674767476749,-13.495349534953498,1
-6.741674167416743,-13.483348334833487,1
-6.735673567356738,-13.471347134713476,1
-6.729672967296732,-13.459345934593465,1
-6.723672367236727,-13.447344734473454,1
-6.717671767176718,-13.435343534353436,1
-6.711671167116712,-13.423342334233425,1
-6.705670567056707,-13.411341134113414,1
-6.6996699669967015,-13.399339933993403,1
-6.693669366936696,-13.387338733873392,1
-6.6876687668766905,-13.375337533753381,1
-6.6816681668166815,-13.363336333633363,1
-6.675667566756676,-13.351335133513352,1
-6.669666966696671,-13.339333933393341,1
-6.663666366636665,-13.32733273327333,1
-6.65766576657666,-13.31533153315332,1
-6.651665166516654,-13.303330333033308,1
-6.645664566456649,-13.291329132913297,1
-6.63966396639664,-13.27932793279328,1
-6.633663366336634,-13.267326732673268,1
-6.627662766276629,-13.255325532553258,1
-6.621662166216623,-13.243324332433247,1
-6.615661566156618,-13.231323132313236,1
-6.609660966096612,-13.219321932193225,1
-6.603660366036607,-13.207320732073214,1
-6.597659765976598,-13.195319531953196,1
-6.591659165916592,-13.183318331833185,1
-6.585658565856587,-13.171317131713174,1
-6.5796579657965815,-13.159315931593163,1
-6.573657365736576,-13.147314731473152,1
-6.5676567656765705,-13.135313531353141,1
-6.5616561656165615,-13.123312331233123,1
-6.555655565556556,-13.111311131113112,1
-6.549654965496551,-13.099309930993101,1
-6.543654365436545,-13.08730873087309,1
-6.53765376537654,-13.07530753075308,1
-6.531653165316534,-13.063306330633068,1
-6.525652565256529,-13.051305130513057,1
-6.51965196519652,-13.03930393039304,1
-6.513651365136514,-13.027302730273028,1
-6.507650765076509,-13.015301530153017,1
-6.501650165016503,-13.003300330033007,1
-6.495649564956498,-12.991299129912996,1
-6.489648964896492,-12.979297929792985,1
-6.483648364836487,-12.967296729672974,1
-6.477647764776478,-12.955295529552956,1
-6.471647164716472,-12.943294329432945,1
-6.465646564656467,-12.931293129312934,1
-6.4596459645964615,-12.919291929192923,1
-6.453645364536456,-12.907290729072912,1
-6.4476447644764505,-12.895289528952901,1
-6.4416441644164415,-12.883288328832883,1
-6.435643564356436,-12.871287128712872,1
-6.429642964296431,-12.859285928592861,1
-6.423642364236425,-12.84728472847285,1
-6.41764176417642,-12.83528352835284,1
-6.411641164116414,-12.823282328232828,1
-6.405640564056409,-12.811281128112817,1
-6.3996399639964,-12.7992799279928,1
-6.393639363936394,-12.787278727872788,1
-6.387638763876389,-12.775277527752777,1
-6.381638163816383,-12.763276327632767,1
-6.375637563756378,-12.751275127512756,1
-6.369636963696372,-12.739273927392745,1
-6.363636363636367,-12.727272727272734,1
-6.357635763576358,-12.715271527152716,1
-6.351635163516352,-12.703270327032705,1
-6.345634563456347,-12.691269126912694,1
-6.339633963396341,-12.679267926792683,1
-6.333633363336336,-12.667266726672672,1
-6.3276327632763305,-12.655265526552661,1
-6.3216321632163215,-12.643264326432643,1
-6.315631563156316,-12.631263126312632,1
-6.3096309630963106,-12.619261926192621,1
-6.303630363036305,-12.60726072607261,1
-6.2976297629763,-12.5952595259526,1
-6.291629162916294,-12.583258325832588,1
-6.285628562856289,-12.571257125712577,1
-6.27962796279628,-12.55925592559256,1
-6.273627362736274,-12.547254725472548,1
-6.267626762676269,-12.535253525352537,1
-6.261626162616263,-12.523252325232527,1
-6.255625562556258,-12.511251125112516,1
-6.249624962496252,-12.499249924992505,1
-6.243624362436247,-12.487248724872494,1
-6.237623762376238,-12.475247524752476,1
-6.231623162316232,-12.463246324632465,1
-6.225622562256227,-12.451245124512454,1
-6.219621962196221,-12.439243924392443,1
-6.213621362136216,-12.427242724272432,1
-6.2076207620762105,-12.415241524152421,1
-6.2016201620162015,-12.403240324032403,1
-6.195619561956196,-12.391239123912392,1
-6.1896189618961905,-12.379237923792381,1
-6.183618361836185,-12.36723672367237,1
-6.17761776177618,-12.35523552355236,1
-6.171617161716174,-12.343234323432348,1
-6.165616561656169,-12.331233123312337,1
-6.15961596159616,-12.31923192319232,1
-6.153615361536154,-12.307230723072308,1
-6.147614761476149,-12.295229522952297,1
-6.141614161416143,-12.283228322832286,1
-6.135613561356138,-12.271227122712276,1
-6.129612961296132,-12.259225922592265,1
-6.123612361236127,-12.247224722472254,1
-6.117611761176118,-12.235223522352236,1
-6.111611161116112,-12.223222322232225,1
-6.105610561056107,-12.211221122112214,1
-6.099609960996101,-12.199219921992203,1
-6.093609360936096,-12.187218721872192,1
-6.0876087608760905,-12.175217521752181,1
-6.0816081608160815,-12.163216321632163,1
-6.075607560756076,-12.151215121512152,1
-6.0696069606960705,-12.139213921392141,1
-6.063606360636065,-12.12721272127213,1
-6.05760576057606,-12.11521152115212,1
-6.051605160516054,-12.103210321032108,1
-6.045604560456049,-12.091209120912097,1
-6.03960396039604,-12.07920792079208,1
-6.033603360336034,-12.067206720672068,1
-6.027602760276029,-12.055205520552057,1
-6.021602160216023,-12.043204320432046,1
-6.015601560156018,-12.031203120312036,1
-6.009600960096012,-12.019201920192025,1
-6.003600360036007,-12.007200720072014,1
-5.997599759975998,-11.995199519951996,1
-5.991599159915992,-11.983198319831985,1
-5.985598559855987,-11.971197119711974,1
-5.979597959795981,-11.959195919591963,1
-5.973597359735976,-11.947194719471952,1
-5.9675967596759705,-11.935193519351941,1
-5.9615961596159615,-11.923192319231923,1
-5.955595559555956,-11.911191119111912,1
-5.9495949594959505,-11.899189918991901,1
-5.943594359435945,-11.88718871887189,1
-5.93759375937594,-11.87518751875188,1
-5.931593159315934,-11.863186318631868,1
-5.925592559255929,-11.851185118511857,1
-5.91959195919592,-11.83918391839184,1
-5.913591359135914,-11.827182718271828,1
-5.907590759075909,-11.815181518151817,1
-5.901590159015903,-11.803180318031806,1
-5.895589558955898,-11.791179117911796,1
-5.889588958895892,-11.779177917791785,1
-5.883588358835887,-11.767176717671774,1
-5.877587758775878,-11.755175517551756,1
-5.871587158715872,-11.743174317431745,1
-5.865586558655867,-11.731173117311734,1
-5.859585958595861,-11.719171917191723,1
-5.853585358535856,-11.707170717071712,1
-5.8475847584758505,-11.695169516951701,1
-5.841584158415841,-11.683168316831683,1
-5.835583558355836,-11.671167116711672,1
-5.8295829582958305,-11.659165916591661,1
-5.823582358235825,-11.64716471647165,1
-5.81758175817582,-11.63516351635164,1
-5.811581158115814,-11.623162316231628,1
-5.805580558055809,-11.611161116111617,1
-5.7995799579958,-11.5991599159916,1
-5.793579357935794,-11.587158715871588,1
-5.787578757875789,-11.575157515751577,1
-5.781578157815783,-11.563156315631566,1
-5.775577557755778,-11.551155115511555,1
-5.769576957695772,-11.539153915391545,1
-5.763576357635767,-11.527152715271534,1
-5.757575757575758,-11.515151515151516,1
-5.751575157515752,-11.503150315031505,1
-5.745574557455747,-11.491149114911494,1
-5.739573957395741,-11.479147914791483,1
-5.733573357335736,-11.467146714671472,1
-5.7275727572757305,-11.455145514551461,1
-5.721572157215721,-11.443144314431443,1
-5.715571557155716,-11.431143114311432,1
-5.7095709570957105,-11.419141914191421,1
-5.703570357035705,-11.40714071407141,1
-5.6975697569757,-11.3951395139514,1
-5.691569156915694,-11.383138313831388,1
-5.685568556855689,-11.371137113711377,1
-5.67956795679568,-11.35913591359136,1
-5.673567356735674,-11.347134713471348,1
-5.667566756675669,-11.335133513351337,1
-5.661566156615663,-11.323132313231326,1
-5.655565556555658,-11.311131113111315,1
-5.649564956495652,-11.299129912991305,1
-5.643564356435647,-11.287128712871294,1
-5.637563756375638,-11.275127512751276,1
-5.631563156315632,-11.263126312631265,1
-5.625562556255627,-11.251125112511254,1
-5.619561956195621,-11.239123912391243,1
-5.613561356135616,-11.227122712271232,1
-5.60756075607561,-11.21512151215122,1
-5.601560156015601,-11.203120312031203,1
-5.595559555955596,-11.191119111911192,1
-5.5895589558955905,-11.179117911791181,1
-5.583558355835585,-11.16711671167117,1
-5.5775577557755796,-11.155115511551159,1
-5.571557155715574,-11.143114311431148,1
-5.565556555655569,-11.131113111311137,1
-5.55955595559556,-11.11911191119112,1
-5.553555355535554,-11.107110711071108,1
-5.547554755475549,-11.095109510951097,1
-5.541554155415543,-11.083108310831086,1
-5.535553555355538,-11.071107110711075,1
-5.529552955295532,-11.059105910591065,1
-5.523552355235527,-11.047104710471054,1
-5.517551755175518,-11.035103510351036,1
-5.511551155115512,-11.023102310231025,1
-5.505550555055507,-11.011101110111014,1
-5.499549954995501,-10.999099909991003,1
-5.493549354935496,-10.987098709870992,1
-5.48754875487549,-10.97509750975098,1
-5.481548154815481,-10.963096309630963,1
-5.475547554755476,-10.951095109510952,1
-5.4695469546954705,-10.939093909390941,1
-5.463546354635465,-10.92709270927093,1
-5.4575457545754595,-10.915091509150919,1
-5.451545154515454,-10.903090309030908,1
-5.445544554455449,-10.891089108910897,1
-5.43954395439544,-10.87908790879088,1
-5.433543354335434,-10.867086708670868,1
-5.427542754275429,-10.855085508550857,1
-5.421542154215423,-10.843084308430846,1
-5.415541554155418,-10.831083108310835,1
-5.409540954095412,-10.819081908190824,1
-5.403540354035407,-10.807080708070814,1
-5.397539753975398,-10.795079507950796,1
-5.391539153915392,-10.783078307830785,1
-5.385538553855387,-10.771077107710774,1
-5.379537953795381,-10.759075907590763,1
-5.373537353735376,-10.747074707470752,1
-5.36753675367537,-10.73507350735074,1
-5.361536153615365,-10.72307230723073,1
-5.355535553555356,-10.711071107110712,1
-5.3495349534953505,-10.699069906990701,1
-5.343534353435345,-10.68706870687069,1
-5.3375337533753395,-10.675067506750679,1
-5.331533153315334,-10.663066306630668,1
-5.325532553255329,-10.651065106510657,1
-5.31953195319532,-10.63906390639064,1
-5.313531353135314,-10.627062706270628,1
-5.307530753075309,-10.615061506150617,1
-5.301530153015303,-10.603060306030606,1
-5.295529552955298,-10.591059105910595,1
-5.289528952895292,-10.579057905790584,1
-5.283528352835287,-10.567056705670574,1
-5.277527752775278,-10.555055505550555,1
-5.271527152715272,-10.543054305430545,1
-5.265526552655267,-10.531053105310534,1
-5.259525952595261,-10.519051905190523,1
-5.253525352535256,-10.507050705070512,1
-5.24752475247525,-10.4950495049505,1
-5.241524152415245,-10.48304830483049,1
-5.235523552355236,-10.471047104710472,1
-5.2295229522952305,-10.459045904590461,1
-5.223522352235225,-10.44704470447045,1
-5.2175217521752195,-10.435043504350439,1
-5.211521152115214,-10.423042304230428,1
-5.205520552055209,-10.411041104110417,1
-5.1995199519952,-10.3990399039904,1
-5.193519351935194,-10.387038703870388,1
-5.187518751875189,-10.375037503750377,1
-5.181518151815183,-10.363036303630366,1
-5.175517551755178,-10.351035103510355,1
-5.169516951695172,-10.339033903390344,1
-5.163516351635167,-10.327032703270334,1
-5.157515751575158,-10.315031503150315,1
-5.151515151515152,-10.303030303030305,1
-5.145514551455147,-10.291029102910294,1
-5.139513951395141,-10.279027902790283,1
-5.133513351335136,-10.267026702670272,1
-5.12751275127513,-10.25502550255026,1
-5.121512151215125,-10.24302430243025,1
-5.115511551155116,-10.231023102310232,1
-5.10951095109511,-10.21902190219022,1
-5.103510351035105,-10.20702070207021,1
-5.0975097509750995,-10.195019501950199,1
-5.091509150915094,-10.183018301830188,1
-5.085508550855089,-10.171017101710177,1
-5.0795079507950796,-10.159015901590159,1
-5.073507350735074,-10.147014701470148,1
-5.067506750675069,-10.135013501350137,1
-5.061506150615063,-10.123012301230126,1
-5.055505550555058,-10.111011101110115,1
-5.049504950495052,-10.099009900990104,1
-5.043504350435047,-10.087008700870093,1
-5.037503750375038,-10.075007500750075,1
-5.031503150315032,-10.063006300630065,1
-5.025502550255027,-10.051005100510054,1
-5.019501950195021,-10.039003900390043,1
-5.013501350135016,-10.027002700270032,1
-5.00750075007501,-10.01500150015002,1
-5.001500150015005,-10.00300030003001,1
-4.995499549954996,-9.990999099909992,1
-4.98949894989499,-9.97899789978998,1
-4.983498349834985,-9.96699669966997,1
-4.9774977497749795,-9.954995499549959,1
-4.971497149714974,-9.942994299429948,1
-4.965496549654969,-9.930993099309937,1
-4.9594959495949595,-9.918991899189919,1
-4.953495349534954,-9.906990699069908,1
-4.947494749474949,-9.894989498949897,1
-4.941494149414943,-9.882988298829886,1
-4.935493549354938,-9.870987098709875,1
-4.929492949294932,-9.858985898589864,1
-4.923492349234927,-9.846984698469853,1
-4.917491749174918,-9.834983498349835,1
-4.911491149114912,-9.822982298229824,1
-4.905490549054907,-9.810981098109814,1
-4.899489948994901,-9.798979897989803,1
-4.893489348934896,-9.786978697869792,1
-4.88748874887489,-9.77497749774978,1
-4.881488148814885,-9.76297629762977,1
-4.875487548754876,-9.750975097509752,1
-4.86948694869487,-9.73897389738974,1
-4.863486348634865,-9.72697269726973,1
-4.8574857485748595,-9.714971497149719,1
-4.851485148514854,-9.702970297029708,1
-4.8454845484548486,-9.690969096909697,1
-4.8394839483948395,-9.678967896789679,1
-4.833483348334834,-9.666966696669668,1
-4.827482748274829,-9.654965496549657,1
-4.821482148214823,-9.642964296429646,1
-4.815481548154818,-9.630963096309635,1
-4.809480948094812,-9.618961896189624,1
-4.803480348034807,-9.606960696069613,1
-4.797479747974798,-9.594959495949595,1
-4.791479147914792,-9.582958295829584,1
-4.785478547854787,-9.570957095709574,1
-4.779477947794781,-9.558955895589563,1
-4.773477347734776,-9.546954695469552,1
-4.76747674767477,-9.53495349534954,1
-4.761476147614765,-9.52295229522953,1
-4.755475547554756,-9.510951095109512,1
-4.74947494749475,-9.4989498949895,1
-4.743474347434745,-9.48694869486949,1
-4.7374737473747395,-9.474947494749479,1
-4.731473147314734,-9.462946294629468,1
-4.7254725472547285,-9.450945094509457,1
-4.7194719471947195,-9.438943894389439,1
-4.713471347134714,-9.426942694269428,1
-4.707470747074709,-9.414941494149417,1
-4.701470147014703,-9.402940294029406,1
-4.695469546954698,-9.390939093909395,1
-4.689468946894692,-9.378937893789384,1
-4.683468346834687,-9.366936693669373,1
-4.677467746774678,-9.354935493549355,1
-4.671467146714672,-9.342934293429344,1
-4.665466546654667,-9.330933093309334,1
-4.659465946594661,-9.318931893189323,1
-4.653465346534656,-9.306930693069312,1
-4.64746474647465,-9.2949294929493,1
-4.641464146414645,-9.28292829282929,1
-4.635463546354636,-9.270927092709272,1
-4.62946294629463,-9.25892589258926,1
-4.623462346234625,-9.24692469246925,1
-4.6174617461746195,-9.234923492349239,1
-4.611461146114614,-9.222922292229228,1
-4.6054605460546085,-9.210921092109217,1
-4.5994599459945995,-9.198919891989199,1
-4.593459345934594,-9.186918691869188,1
-4.587458745874589,-9.174917491749177,1
-4.581458145814583,-9.162916291629166,1
-4.575457545754578,-9.150915091509155,1
-4.569456945694572,-9.138913891389144,1
-4.563456345634567,-9.126912691269133,1
-4.557455745574558,-9.114911491149115,1
-4.551455145514552,-9.102910291029104,1
-4.545454545454547,-9.090909090909093,1
-4.539453945394541,-9.078907890789083,1
-4.533453345334536,-9.066906690669072,1
-4.52745274527453,-9.05490549054906,1
-4.521452145214525,-9.04290429042905,1
-4.515451545154516,-9.030903090309032,1
-4.50945094509451,-9.01890189018902,1
-4.503450345034505,-9.00690069006901,1
-4.4974497449744995,-8.994899489948999,1
-4.491449144914494,-8.982898289828988,1
-4.4854485448544885,-8.970897089708977,1
-4.4794479447944795,-8.958895889588959,1
-4.473447344734474,-8.946894689468948,1
-4.467446744674469,-8.934893489348937,1
-4.461446144614463,-8.922892289228926,1
-4.455445544554458,-8.910891089108915,1
-4.449444944494452,-8.898889888988904,1
-4.443444344434447,-8.886888688868893,1
-4.437443744374438,-8.874887488748875,1
-4.431443144314432,-8.862886288628864,1
-4.425442544254427,-8.850885088508853,1
-4.419441944194421,-8.838883888388843,1
-4.413441344134416,-8.826882688268832,1
-4.40744074407441,-8.81488148814882,1
-4.401440144014405,-8.80288028802881,1
-4.395439543954396,-8.790879087908792,1
-4.38943894389439,-8.77887788778878,1
-4.383438343834385,-8.76687668766877,1
-4.377437743774379,-8.754875487548759,1
-4.371437143714374,-8.742874287428748,1
-4.3654365436543685,-8.730873087308737,1
-4.3594359435943595,-8.718871887188719,1
-4.353435343534354,-8.706870687068708,1
-4.3474347434743486,-8.694869486948697,1
-4.341434143414343,-8.682868286828686,1
-4.335433543354338,-8.670867086708675,1
-4.329432943294332,-8.658865886588664,1
-4.323432343234327,-8.646864686468653,1
-4.317431743174318,-8.634863486348635,1
-4.311431143114312,-8.622862286228624,1
-4.305430543054307,-8.610861086108613,1
-4.299429942994301,-8.598859885988603,1
-4.293429342934296,-8.586858685868592,1
-4.28742874287429,-8.57485748574858,1
-4.281428142814285,-8.56285628562857,1
-4.275427542754276,-8.550855085508552,1
-4.26942694269427,-8.53885388538854,1
-4.263426342634265,-8.52685268526853,1
-4.257425742574259,-8.514851485148519,1
-4.251425142514254,-8.502850285028508,1
-4.2454245424542485,-8.490849084908497,1
-4.2394239423942395,-8.478847884788479,1
-4.233423342334234,-8.466846684668468,1
-4.2274227422742285,-8.454845484548457,1
-4.221422142214223,-8.442844284428446,1
-4.215421542154218,-8.430843084308435,1
-4.209420942094212,-8.418841884188424,1
-4.203420342034207,-8.406840684068413,1
-4.197419741974198,-8.394839483948395,1
-4.191419141914192,-8.382838283828384,1
-4.185418541854187,-8.370837083708373,1
-4.179417941794181,-8.358835883588362,1
-4.173417341734176,-8.346834683468352,1
-4.16741674167417,-8.33483348334834,1
-4.161416141614165,-8.32283228322833,1
-4.155415541554156,-8.310831083108312,1
-4.14941494149415,-8.2988298829883,1
-4.143414341434145,-8.28682868286829,1
-4.137413741374139,-8.274827482748279,1
-4.131413141314134,-8.262826282628268,1
-4.1254125412541285,-8.250825082508257,1
-4.1194119411941195,-8.238823882388239,1
-4.113411341134114,-8.226822682268228,1
-4.1074107410741085,-8.214821482148217,1
-4.101410141014103,-8.202820282028206,1
-4.095409540954098,-8.190819081908195,1
-4.089408940894092,-8.178817881788184,1
-4.083408340834087,-8.166816681668173,1
-4.077407740774078,-8.154815481548155,1
-4.071407140714072,-8.142814281428144,1
-4.065406540654067,-8.130813081308133,1
-4.059405940594061,-8.118811881188122,1
-4.053405340534056,-8.106810681068112,1
-4.04740474047405,-8.0948094809481,1
-4.041404140414045,-8.08280828082809,1
-4.035403540354036,-8.070807080708072,1
-4.02940294029403,-8.05880588058806,1
-4.023402340234025,-8.04680468046805,1
-4.017401740174019,-8.034803480348039,1
-4.011401140114014,-8.022802280228028,1
-4.0054005400540085,-8.010801080108017,1
-3.9993999399939995,-7.998799879987999,1
-3.993399339933994,-7.986798679867988,1
-3.9873987398739885,-7.974797479747977,1
-3.981398139813983,-7.962796279627966,1
-3.9753975397539776,-7.950795079507955,1
-3.969396939693972,-7.938793879387944,1
-3.9633963396339666,-7.926792679267933,1
-3.9573957395739576,-7.914791479147915,1
-3.951395139513952,-7.902790279027904,1
-3.9453945394539467,-7.890789078907893,1
-3.9393939393939412,-7.8787878787878824,1
-3.9333933393339358,-7.8667866786678715,1
-3.9273927392739303,-7.854785478547861,1
-3.921392139213925,-7.84278427842785,1
-3.915391539153916,-7.830783078307832,1
-3.9093909390939103,-7.818781878187821,1
-3.903390339033905,-7.80678067806781,1
-3.8973897389738994,-7.794779477947799,1
-3.891389138913894,-7.782778277827788,1
-3.8853885388538885,-7.770777077707777,1
-3.8793879387938794,-7.758775877587759,1
-3.873387338733874,-7.746774677467748,1
-3.8673867386738685,-7.734773477347737,1
-3.861386138613863,-7.722772277227726,1
-3.8553855385538576,-7.710771077107715,1
-3.849384938493852,-7.698769876987704,1
-3.8433843384338466,-7.686768676867693,1
-3.8373837383738376,-7.674767476747675,1
-3.831383138313832,-7.662766276627664,1
-3.8253825382538267,-7.650765076507653,1
-3.819381938193821,-7.638763876387642,1
-3.8133813381338157,-7.6267626762676315,1
-3.8073807380738103,-7.6147614761476206,1
-3.801380138013805,-7.60276027602761,1
-3.795379537953796,-7.590759075907592,1
-3.7893789378937903,-7.578757875787581,1
-3.783378337833785,-7.56675667566757,1
-3.7773777377737794,-7.554755475547559,1
-3.771377137713774,-7.542754275427548,1
-3.7653765376537685,-7.530753075307537,1
-3.7593759375937594,-7.518751875187519,1
-3.753375337533754,-7.506750675067508,1
-3.7473747374737485,-7.494749474947497,1
-3.741374137413743,-7.482748274827486,1
-3.7353735373537376,-7.470747074707475,1
-3.729372937293732,-7.458745874587464,1
-3.7233723372337266,-7.446744674467453,1
-3.7173717371737176,-7.434743474347435,1
-3.711371137113712,-7.422742274227424,1
-3.7053705370537067,-7.410741074107413,1
-3.699369936993701,-7.398739873987402,1
-3.6933693369336957,-7.3867386738673915,1
-3.6873687368736903,-7.3747374737473805,1
-3.681368136813685,-7.36273627362737,1
-3.675367536753676,-7.350735073507352,1
-3.6693669366936703,-7.338733873387341,1
-3.663366336633665,-7.32673267326733,1
-3.6573657365736594,-7.314731473147319,1
-3.651365136513654,-7.302730273027308,1
-3.6453645364536484,-7.290729072907297,1
-3.6393639363936394,-7.278727872787279,1
-3.633363336333634,-7.266726672667268,1
-3.6273627362736285,-7.254725472547257,1
-3.621362136213623,-7.242724272427246,1
-3.6153615361536175,-7.230723072307235,1
-3.609360936093612,-7.218721872187224,1
-3.6033603360336066,-7.206720672067213,1
-3.5973597359735976,-7.194719471947195,1
-3.591359135913592,-7.182718271827184,1
-3.5853585358535867,-7.170717071707173,1
-3.579357935793581,-7.158715871587162,1
-3.5733573357335757,-7.1467146714671514,1
-3.5673567356735703,-7.1347134713471405,1
-3.561356135613565,-7.12271227122713,1
-3.5553555355535558,-7.1107110711071115,1
-3.5493549354935503,-7.098709870987101,1
-3.543354335433545,-7.08670867086709,1
-3.5373537353735394,-7.074707470747079,1
-3.531353135313534,-7.062706270627068,1
-3.5253525352535284,-7.050705070507057,1
-3.5193519351935194,-7.038703870387039,1
-3.513351335133514,-7.026702670267028,1
-3.5073507350735085,-7.014701470147017,1
-3.501350135013503,-7.002700270027006,1
-3.4953495349534975,-6.990699069906995,1
-3.489348934893492,-6.978697869786984,1
-3.4833483348334866,-6.966696669666973,1
-3.4773477347734776,-6.954695469546955,1
-3.471347134713472,-6.942694269426944,1
-3.4653465346534666,-6.930693069306933,1
-3.459345934593461,-6.918691869186922,1
-3.4533453345334557,-6.906690669066911,1
-3.4473447344734502,-6.8946894689469005,1
-3.4413441344134448,-6.8826882688268896,1
-3.4353435343534358,-6.8706870687068715,1
-3.4293429342934303,-6.858685868586861,1
-3.423342334233425,-6.84668466846685,1
-3.4173417341734194,-6.834683468346839,1
-3.411341134113414,-6.822682268226828,1
-3.4053405340534084,-6.810681068106817,1
-3.3993399339933994,-6.798679867986799,1
-3.393339333933394,-6.786678667866788,1
-3.3873387338733885,-6.774677467746777,1
-3.381338133813383,-6.762676267626766,1
-3.3753375337533775,-6.750675067506755,1
-3.369336933693372,-6.738673867386744,1
-3.3633363336333666,-6.726672667266733,1
-3.3573357335733576,-6.714671467146715,1
-3.351335133513352,-6.702670267026704,1
-3.3453345334533466,-6.690669066906693,1
-3.339333933393341,-6.678667866786682,1
-3.3333333333333357,-6.666666666666671,1
-3.3273327332733302,-6.6546654665466605,1
-3.3213321332133248,-6.6426642664266495,1
-3.3153315331533157,-6.6306630663066315,1
-3.3093309330933103,-6.618661866186621,1
-3.303330333033305,-6.60666066606661,1
-3.2973297329732993,-6.594659465946599,1
-3.291329132913294,-6.582658265826588,1
-3.2853285328532884,-6.570657065706577,1
-3.2793279327932794,-6.558655865586559,1
-3.273327332733274,-6.546654665466548,1
-3.2673267326732685,-6.534653465346537,1
-3.261326132613263,-6.522652265226526,1
-3.2553255325532575,-6.510651065106515,1
-3.249324932493252,-6.498649864986504,1
-3.2433243324332466,-6.486648664866493,1
-3.2373237323732376,-6.474647464746475,1
-3.231323132313232,-6.462646264626464,1
-3.2253225322532266,-6.450645064506453,1
-3.219321932193221,-6.438643864386442,1
-3.2133213321332157,-6.426642664266431,1
-3.2073207320732102,-6.4146414641464204,1
-3.2013201320132048,-6.4026402640264095,1
-3.1953195319531957,-6.3906390639063915,1
-3.1893189318931903,-6.3786378637863805,1
-3.183318331833185,-6.36663666366637,1
-3.1773177317731793,-6.354635463546359,1
-3.171317131713174,-6.342634263426348,1
-3.1653165316531684,-6.330633063306337,1
-3.1593159315931594,-6.318631863186319,1
-3.153315331533154,-6.306630663066308,1
-3.1473147314731484,-6.294629462946297,1
-3.141314131413143,-6.282628262826286,1
-3.1353135313531375,-6.270627062706275,1
-3.129312931293132,-6.258625862586264,1
-3.1233123312331266,-6.246624662466253,1
-3.1173117311731176,-6.234623462346235,1
-3.111311131113112,-6.222622262226224,1
-3.1053105310531066,-6.210621062106213,1
-3.099309930993101,-6.198619861986202,1
-3.0933093309330957,-6.186618661866191,1
-3.08730873087309,-6.17461746174618,1
-3.0813081308130847,-6.1626162616261695,1
-3.0753075307530757,-6.1506150615061514,1
-3.0693069306930703,-6.1386138613861405,1
-3.063306330633065,-6.12661266126613,1
-3.0573057305730593,-6.114611461146119,1
-3.051305130513054,-6.102610261026108,1
-3.0453045304530484,-6.090609060906097,1
-3.0393039303930394,-6.078607860786079,1
-3.033303330333034,-6.066606660666068,1
-3.0273027302730284,-6.054605460546057,1
-3.021302130213023,-6.042604260426046,1
-3.0153015301530175,-6.030603060306035,1
-3.009300930093012,-6.018601860186024,1
-3.0033003300330066,-6.006600660066013,1
-2.9972997299729975,-5.994599459945995,1
-2.991299129912992,-5.982598259825984,1
-2.9852985298529866,-5.970597059705973,1
-2.979297929792981,-5.958595859585962,1
-2.9732973297329757,-5.946594659465951,1
-2.96729672967297,-5.93459345934594,1
-2.9612961296129647,-5.9225922592259295,1
-2.9552955295529557,-5.910591059105911,1
-2.9492949294929502,-5.8985898589859005,1
-2.943294329432945,-5.88658865886589,1
-2.9372937293729393,-5.874587458745879,1
-2.931293129312934,-5.862586258625868,1
-2.9252925292529284,-5.850585058505857,1
-2.9192919291929194,-5.838583858385839,1
-2.913291329132914,-5.826582658265828,1
-2.9072907290729084,-5.814581458145817,1
-2.901290129012903,-5.802580258025806,1
-2.8952895289528975,-5.790579057905795,1
-2.889288928892892,-5.778577857785784,1
-2.8832883288328865,-5.766576657665773,1
-2.8772877287728775,-5.754575457545755,1
-2.871287128712872,-5.742574257425744,1
-2.8652865286528666,-5.730573057305733,1
-2.859285928592861,-5.718571857185722,1
-2.8532853285328557,-5.706570657065711,1
-2.84728472847285,-5.6945694569457,1
-2.8412841284128447,-5.6825682568256894,1
-2.8352835283528357,-5.670567056705671,1
-2.8292829282928302,-5.6585658565856605,1
-2.8232823282328248,-5.6465646564656495,1
-2.8172817281728193,-5.634563456345639,1
-2.811281128112814,-5.622562256225628,1
-2.8052805280528084,-5.610561056105617,1
-2.7992799279927993,-5.598559855985599,1
-2.793279327932794,-5.586558655865588,1
-2.7872787278727884,-5.574557455745577,1
-2.781278127812783,-5.562556255625566,1
-2.7752775277527775,-5.550555055505555,1
-2.769276927692772,-5.538553855385544,1
-2.7632763276327665,-5.526552655265533,1
-2.7572757275727575,-5.514551455145515,1
-2.751275127512752,-5.502550255025504,1
-2.7452745274527466,-5.490549054905493,1
-2.739273927392741,-5.478547854785482,1
-2.7332733273327356,-5.466546654665471,1
-2.72727272727273,-5.45454545454546,1
-2.7212721272127247,-5.442544254425449,1
-2.7152715271527157,-5.430543054305431,1
-2.7092709270927102,-5.4185418541854204,1
-2.7032703270327048,-5.4065406540654095,1
-2.6972697269726993,-5.394539453945399,1
-2.691269126912694,-5.382538253825388,1
-2.6852685268526884,-5.370537053705377,1
-2.6792679267926793,-5.358535853585359,1
-2.673267326732674,-5.346534653465348,1
-2.6672667266726684,-5.334533453345337,1
-2.661266126612663,-5.322532253225326,1
-2.6552655265526575,-5.310531053105315,1
-2.649264926492652,-5.298529852985304,1
-2.6432643264326465,-5.286528652865293,1
-2.6372637263726375,-5.274527452745275,1
-2.631263126312632,-5.262526252625264,1
-2.6252625262526266,-5.250525052505253,1
-2.619261926192621,-5.238523852385242,1
-2.6132613261326156,-5.226522652265231,1
-2.60726072607261,-5.21452145214522,1
-2.6012601260126047,-5.202520252025209,1
-2.5952595259525957,-5.190519051905191,1
-2.58925892589259,-5.17851785178518,1
-2.5832583258325847,-5.1665166516651695,1
-2.5772577257725793,-5.1545154515451586,1
-2.571257125712574,-5.142514251425148,1
-2.5652565256525683,-5.130513051305137,1
-2.5592559255925593,-5.118511851185119,1
-2.553255325532554,-5.106510651065108,1
-2.5472547254725484,-5.094509450945097,1
-2.541254125412543,-5.082508250825086,1
-2.5352535253525375,-5.070507050705075,1
-2.529252925292532,-5.058505850585064,1
-2.5232523252325265,-5.046504650465053,1
-2.5172517251725175,-5.034503450345035,1
-2.511251125112512,-5.022502250225024,1
-2.5052505250525066,-5.010501050105013,1
-2.499249924992501,-4.998499849985002,1
-2.4932493249324956,-4.986498649864991,1
-2.48724872487249,-4.97449744974498,1
-2.4812481248124847,-4.962496249624969,1
-2.4752475247524757,-4.950495049504951,1
-2.46924692469247,-4.93849384938494,1
-2.4632463246324647,-4.9264926492649295,1
-2.4572457245724593,-4.9144914491449185,1
-2.451245124512454,-4.902490249024908,1
-2.4452445244524483,-4.890489048904897,1
-2.4392439243924393,-4.878487848784879,1
-2.433243324332434,-4.866486648664868,1
-2.4272427242724284,-4.854485448544857,1
-2.421242124212423,-4.842484248424846,1
-2.4152415241524174,-4.830483048304835,1
-2.409240924092412,-4.818481848184824,1
-2.4032403240324065,-4.806480648064813,1
-2.3972397239723975,-4.794479447944795,1
-2.391239123912392,-4.782478247824784,1
-2.3852385238523865,-4.770477047704773,1
-2.379237923792381,-4.758475847584762,1
-2.3732373237323756,-4.746474647464751,1
-2.36723672367237,-4.73447344734474,1
-2.3612361236123647,-4.722472247224729,1
-2.3552355235523557,-4.710471047104711,1
-2.34923492349235,-4.6984698469847,1
-2.3432343234323447,-4.6864686468646894,1
-2.3372337233723393,-4.6744674467446785,1
-2.331233123312334,-4.662466246624668,1
-2.3252325232523283,-4.650465046504657,1
-2.319231923192323,-4.638463846384646,1
-2.313231323132314,-4.626462646264628,1
-2.3072307230723084,-4.614461446144617,1
-2.301230123012303,-4.602460246024606,1
-2.2952295229522974,-4.590459045904595,1
-2.289228922892292,-4.578457845784584,1
-2.2832283228322865,-4.566456645664573,1
-2.2772277227722775,-4.554455445544555,1
-2.271227122712272,-4.542454245424544,1
-2.2652265226522665,-4.530453045304533,1
-2.259225922592261,-4.518451845184522,1
-2.2532253225322556,-4.506450645064511,1
-2.24722472247225,-4.4944494449445,1
-2.2412241224122447,-4.482448244824489,1
-2.2352235223522356,-4.470447044704471,1
-2.22922292229223,-4.45844584458446,1
-2.2232223222322247,-4.446444644464449,1
-2.2172217221722192,-4.4344434443444385,1
-2.2112211221122138,-4.4224422442244276,1
-2.2052205220522083,-4.410441044104417,1
-2.199219921992203,-4.398439843984406,1
-2.193219321932194,-4.386438643864388,1
-2.1872187218721884,-4.374437443744377,1
-2.181218121812183,-4.362436243624366,1
-2.1752175217521774,-4.350435043504355,1
-2.169216921692172,-4.338433843384344,1
-2.1632163216321665,-4.326432643264333,1
-2.1572157215721575,-4.314431443144315,1
-2.151215121512152,-4.302430243024304,1
-2.1452145214521465,-4.290429042904293,1
-2.139213921392141,-4.278427842784282,1
-2.1332133213321356,-4.266426642664271,1
-2.12721272127213,-4.25442544254426,1
-2.1212121212121247,-4.242424242424249,1
-2.1152115211521156,-4.230423042304231,1
-2.10921092109211,-4.21842184218422,1
-2.1032103210321047,-4.206420642064209,1
-2.0972097209720992,-4.1944194419441985,1
-2.0912091209120938,-4.1824182418241875,1
-2.0852085208520883,-4.170417041704177,1
-2.079207920792083,-4.158415841584166,1
-2.073207320732074,-4.146414641464148,1
-2.0672067206720683,-4.134413441344137,1
-2.061206120612063,-4.122412241224126,1
-2.0552055205520574,-4.110411041104115,1
-2.049204920492052,-4.098409840984104,1
-2.0432043204320465,-4.086408640864093,1
-2.0372037203720375,-4.074407440744075,1
-2.031203120312032,-4.062406240624064,1
-2.0252025202520265,-4.050405040504053,1
-2.019201920192021,-4.038403840384042,1
-2.0132013201320156,-4.026402640264031,1
-2.00720072007201,-4.01440144014402,1
-2.0012001200120046,-4.002400240024009,1
-1.9951995199519956,-3.9903990399039913,1
-1.9891989198919902,-3.9783978397839803,1
-1.9831983198319847,-3.9663966396639694,1
-1.9771977197719792,-3.9543954395439584,1
-1.9711971197119738,-3.9423942394239475,1
-1.9651965196519683,-3.9303930393039366,1
-1.9591959195919628,-3.9183918391839256,1
-1.9531953195319538,-3.9063906390639076,1
-1.9471947194719483,-3.8943894389438967,1
-1.9411941194119429,-3.8823882388238857,1
-1.9351935193519374,-3.870387038703875,1
-1.929192919291932,-3.858385838583864,1
-1.9231923192319265,-3.846384638463853,1
-1.9171917191719174,-3.834383438343835,1
-1.911191119111912,-3.822382238223824,1
-1.9051905190519065,-3.810381038103813,1
-1.899189918991901,-3.798379837983802,1
-1.8931893189318956,-3.786378637863791,1
-1.88718871887189,-3.77437743774378,1
-1.8811881188118846,-3.7623762376237693,1
-1.8751875187518756,-3.7503750375037512,1
-1.8691869186918701,-3.7383738373837403,1
-1.8631863186318647,-3.7263726372637294,1
-1.8571857185718592,-3.7143714371437184,1
-1.8511851185118537,-3.7023702370237075,1
-1.8451845184518483,-3.6903690369036966,1
-1.8391839183918428,-3.6783678367836856,1
-1.8331833183318338,-3.6663666366636676,1
-1.8271827182718283,-3.6543654365436566,1
-1.8211821182118229,-3.6423642364236457,1
-1.8151815181518174,-3.6303630363036348,1
-1.809180918091812,-3.618361836183624,1
-1.8031803180318065,-3.606360636063613,1
-1.7971797179717974,-3.594359435943595,1
-1.791179117911792,-3.582358235823584,1
-1.7851785178517865,-3.570357035703573,1
-1.779177917791781,-3.558355835583562,1
-1.7731773177317756,-3.546354635463551,1
-1.76717671767177,-3.53435343534354,1
-1.7611761176117646,-3.5223522352235292,1
-1.7551755175517556,-3.510351035103511,1
-1.7491749174917501,-3.4983498349835003,1
-1.7431743174317447,-3.4863486348634893,1
-1.7371737173717392,-3.4743474347434784,1
-1.7311731173117337,-3.4623462346234675,1
-1.7251725172517283,-3.4503450345034565,1
-1.7191719171917228,-3.4383438343834456,1
-1.7131713171317138,-3.4263426342634276,1
-1.7071707170717083,-3.4143414341434166,1
-1.7011701170117028,-3.4023402340234057,1
-1.6951695169516974,-3.3903390339033947,1
-1.689168916891692,-3.378337833783384,1
-1.6831683168316864,-3.366336633663373,1
-1.6771677167716774,-3.354335433543355,1
-1.671167116711672,-3.342334233423344,1
-1.6651665166516665,-3.330333033303333,1
-1.659165916591661,-3.318331833183322,1
-1.6531653165316555,-3.306330633063311,1
-1.64716471647165,-3.2943294329433,1
-1.6411641164116446,-3.2823282328232892,1
-1.6351635163516356,-3.270327032703271,1
-1.6291629162916301,-3.2583258325832603,1
-1.6231623162316247,-3.2463246324632493,1
-1.6171617161716192,-3.2343234323432384,1
-1.6111611161116137,-3.2223222322232274,1
-1.6051605160516083,-3.2103210321032165,1
-1.5991599159916028,-3.1983198319832056,1
-1.5931593159315938,-3.1863186318631875,1
-1.5871587158715883,-3.1743174317431766,1
-1.5811581158115828,-3.1623162316231657,1
-1.5751575157515774,-3.1503150315031547,1
-1.569156915691572,-3.138313831383144,1
-1.5631563156315664,-3.126312631263133,1
-1.5571557155715574,-3.114311431143115,1
-1.551155115511552,-3.102310231023104,1
-1.5451545154515465,-3.090309030903093,1
-1.539153915391541,-3.078307830783082,1
-1.5331533153315355,-3.066306630663071,1
-1.52715271527153,-3.05430543054306,1
-1.5211521152115246,-3.042304230423049,1
-1.5151515151515156,-3.030303030303031,1
-1.5091509150915101,-3.0183018301830202,1
-1.5031503150315046,-3.0063006300630093,1
-1.4971497149714992,-2.9942994299429984,1
-1.4911491149114937,-2.9822982298229874,1
-1.4851485148514882,-2.9702970297029765,1
-1.4791479147914828,-2.9582958295829656,1
-1.4731473147314738,-2.9462946294629475,1
-1.4671467146714683,-2.9342934293429366,1
-1.4611461146114628,-2.9222922292229256,1
-1.4551455145514574,-2.9102910291029147,1
-1.4491449144914519,-2.8982898289829038,1
-1.4431443144314464,-2.886288628862893,1
-1.4371437143714374,-2.874287428742875,1
-1.431143114311432,-2.862286228622864,1
-1.4251425142514265,-2.850285028502853,1
-1.419141914191421,-2.838283828382842,1
-1.4131413141314155,-2.826282628262831,1
-1.40714071407141,-2.81428142814282,1
-1.4011401140114046,-2.802280228022809,1
-1.3951395139513956,-2.790279027902791,1
-1.38913891389139,-2.77827782778278,1
-1.3831383138313846,-2.7662766276627693,1
-1.3771377137713792,-2.7542754275427583,1
-1.3711371137113737,-2.7422742274227474,1
-1.3651365136513682,-2.7302730273027365,1
-1.3591359135913628,-2.7182718271827255,1
-1.3531353135313537,-2.7062706270627075,1
-1.3471347134713483,-2.6942694269426966,1
-1.3411341134113428,-2.6822682268226856,1
-1.3351335133513373,-2.6702670267026747,1
-1.3291329132913319,-2.6582658265826637,1
-1.3231323132313264,-2.646264626462653,1
-1.3171317131713174,-2.6342634263426348,1
-1.311131113111312,-2.622262226222624,1
-1.3051305130513065,-2.610261026102613,1
-1.299129912991301,-2.598259825982602,1
-1.2931293129312955,-2.586258625862591,1
-1.28712871287129,-2.57425742574258,1
-1.2811281128112846,-2.562256225622569,1
-1.2751275127512756,-2.550255025502551,1
-1.26912691269127,-2.53825382538254,1
-1.2631263126312646,-2.5262526252625292,1
-1.2571257125712592,-2.5142514251425183,1
-1.2511251125112537,-2.5022502250225074,1
-1.2451245124512482,-2.4902490249024964,1
-1.2391239123912428,-2.4782478247824855,1
-1.2331233123312337,-2.4662466246624675,1
-1.2271227122712283,-2.4542454245424565,1
-1.2211221122112228,-2.4422442244224456,1
-1.2151215121512173,-2.4302430243024347,1
-1.2091209120912119,-2.4182418241824237,1
-1.2031203120312064,-2.406240624062413,1
-1.1971197119711974,-2.3942394239423948,1
-1.191119111911192,-2.382238223822384,1
-1.1851185118511864,-2.370237023702373,1
-1.179117911791181,-2.358235823582362,1
-1.1731173117311755,-2.346234623462351,1
-1.16711671167117,-2.33423342334234,1
-1.1611161116111646,-2.322232223222329,1
-1.1551155115511555,-2.310231023102311,1
-1.14911491149115,-2.2982298229823,1
-1.1431143114311446,-2.2862286228622892,1
-1.1371137113711391,-2.2742274227422783,1
-1.1311131113111337,-2.2622262226222674,1
-1.1251125112511282,-2.2502250225022564,1
-1.1191119111911227,-2.2382238223822455,1
-1.1131113111311137,-2.2262226222622274,1
-1.1071107110711083,-2.2142214221422165,1
-1.1011101110111028,-2.2022202220222056,1
-1.0951095109510973,-2.1902190219021946,1
-1.0891089108910919,-2.1782178217821837,1
-1.0831083108310864,-2.1662166216621728,1
-1.0771077107710774,-2.1542154215421547,1
-1.071107110711072,-2.142214221422144,1
-1.0651065106510664,-2.130213021302133,1
-1.059105910591061,-2.118211821182122,1
-1.0531053105310555,-2.106210621062111,1
-1.04710471047105,-2.0942094209421,1
-1.0411041104110446,-2.082208220822089,1
-1.0351035103510355,-2.070207020702071,1
-1.02910291029103,-2.05820582058206,1
-1.0231023102310246,-2.046204620462049,1
-1.0171017101710191,-2.0342034203420383,1
-1.0111011101110137,-2.0222022202220273,1
-1.0051005100510082,-2.0102010201020164,1
-0.9990999099910027,-1.9981998199820055,1
-0.9930993099309937,-1.9861986198619874,1
-0.9870987098709882,-1.9741974197419765,1
-0.9810981098109828,-1.9621962196219656,1
-0.9750975097509773,-1.9501950195019546,1
-0.9690969096909718,-1.9381938193819437,1
-0.9630963096309664,-1.9261926192619327,1
-0.9570957095709574,-1.9141914191419147,1
-0.9510951095109519,-1.9021902190219038,1
-0.9450945094509464,-1.8901890189018928,1
-0.939093909390941,-1.878187818781882,1
-0.9330933093309355,-1.866186618661871,1
-0.92709270927093,-1.85418541854186,1
-0.9210921092109245,-1.842184218421849,1
-0.9150915091509155,-1.830183018301831,1
-0.9090909090909101,-1.8181818181818201,1
-0.9030903090309046,-1.8061806180618092,1
-0.8970897089708991,-1.7941794179417982,1
-0.8910891089108937,-1.7821782178217873,1
-0.8850885088508882,-1.7701770177017764,1
-0.8790879087908827,-1.7581758175817654,1
-0.8730873087308737,-1.7461746174617474,1
-0.8670867086708682,-1.7341734173417365,1
-0.8610861086108628,-1.7221722172217255,1
-0.8550855085508573,-1.7101710171017146,1
-0.8490849084908518,-1.6981698169817037,1
-0.8430843084308464,-1.6861686168616927,1
-0.8370837083708373,-1.6741674167416747,1
-0.8310831083108319,-1.6621662166216638,1
-0.8250825082508264,-1.6501650165016528,1
-0.8190819081908209,-1.6381638163816419,1
-0.8130813081308155,-1.626162616261631,1
-0.80708070807081,-1.61416141614162,1
-0.8010801080108045,-1.602160216021609,1
-0.7950795079507955,-1.590159015901591,1
-0.78907890789079,-1.57815781578158,1
-0.7830783078307846,-1.5661566156615692,1
-0.7770777077707791,-1.5541554155415582,1
-0.7710771077107736,-1.5421542154215473,1
-0.7650765076507682,-1.5301530153015364,1
-0.7590759075907627,-1.5181518151815254,1
-0.7530753075307537,-1.5061506150615074,1
-0.7470747074707482,-1.4941494149414964,1
-0.7410741074107428,-1.4821482148214855,1
-0.7350735073507373,-1.4701470147014746,1
-0.7290729072907318,-1.4581458145814636,1
-0.7230723072307264,-1.4461446144614527,1
-0.7170717071707173,-1.4341434143414347,1
-0.7110711071107119,-1.4221422142214237,1
-0.7050705070507064,-1.4101410141014128,1
-0.6990699069907009,-1.3981398139814019,1
-0.6930693069306955,-1.386138613861391,1
-0.68706870687069,-1.37413741374138,1
-0.6810681068106845,-1.362136213621369,1
-0.6750675067506755,-1.350135013501351,1
-0.66906690669067,-1.33813381338134,1
-0.6630663066306646,-1.3261326132613291,1
-0.6570657065706591,-1.3141314131413182,1
-0.6510651065106536,-1.3021302130213073,1
-0.6450645064506482,-1.2901290129012963,1
-0.6390639063906427,-1.2781278127812854,1
-0.6330633063306337,-1.2661266126612674,1
-0.6270627062706282,-1.2541254125412564,1
-0.6210621062106227,-1.2421242124212455,1
-0.6150615061506173,-1.2301230123012346,1
-0.6090609060906118,-1.2181218121812236,1
-0.6030603060306063,-1.2061206120612127,1
-0.5970597059705973,-1.1941194119411946,1
-0.5910591059105919,-1.1821182118211837,1
-0.5850585058505864,-1.1701170117011728,1
-0.5790579057905809,-1.1581158115811618,1
-0.5730573057305755,-1.146114611461151,1
-0.56705670567057,-1.13411341134114,1
-0.5610561056105645,-1.122112211221129,1
-0.5550555055505555,-1.110111011101111,1
-0.54905490549055,-1.0981098109811,1
-0.5430543054305446,-1.0861086108610891,1
-0.5370537053705391,-1.0741074107410782,1
-0.5310531053105336,-1.0621062106210672,1
-0.5250525052505282,-1.0501050105010563,1
-0.5190519051905227,-1.0381038103810454,1
-0.5130513051305137,-1.0261026102610273,1
-0.5070507050705082,-1.0141014101410164,1
-0.5010501050105027,-1.0021002100210055,1
-0.49504950495049727,-0.9900990099009945,1
-0.4890489048904918,-0.9780978097809836,1
-0.48304830483048633,-0.9660966096609727,1
-0.4770477047704773,-0.9540954095409546,1
-0.47104710471047184,-0.9420942094209437,1
-0.4650465046504664,-0.9300930093009327,1
-0.4590459045904609,-0.9180918091809218,1
-0.45304530453045544,-0.9060906090609109,1
-0.44704470447044997,-0.8940894089408999,1
-0.4410441044104445,-0.882088208820889,1
-0.4350435043504355,-0.870087008700871,1
-0.42904290429043,-0.85808580858086,1
-0.42304230423042455,-0.8460846084608491,1
-0.4170417041704191,-0.8340834083408382,1
-0.4110411041104136,-0.8220822082208272,1
-0.40504050405040815,-0.8100810081008163,1
-0.3990399039904027,-0.7980798079808054,1
-0.39303930393039366,-0.7860786078607873,1
-0.3870387038703882,-0.7740774077407764,1
-0.3810381038103827,-0.7620762076207654,1
-0.37503750375037725,-0.7500750075007545,1
-0.3690369036903718,-0.7380738073807436,1
-0.3630363036303663,-0.7260726072607326,1
-0.3570357035703573,-0.7140714071407146,1
-0.35103510351035183,-0.7020702070207037,1
-0.34503450345034636,-0.6900690069006927,1
-0.3390339033903409,-0.6780678067806818,1
-0.33303330333033543,-0.6660666066606709,1
-0.32703270327032996,-0.6540654065406599,1
-0.3210321032103245,-0.642064206420649,1
-0.3150315031503155,-0.630063006300631,1
-0.30903090309031,-0.61806180618062,1
-0.30303030303030454,-0.6060606060606091,1
-0.29702970297029907,-0.5940594059405981,1
-0.2910291029102936,-0.5820582058205872,1
-0.28502850285028813,-0.5700570057005763,1
-0.27902790279028267,-0.5580558055805653,1
-0.27302730273027365,-0.5460546054605473,1
-0.2670267026702682,-0.5340534053405364,1
-0.2610261026102627,-0.5220522052205254,1
-0.25502550255025724,-0.5100510051005145,1
-0.24902490249025178,-0.49804980498050355,1
-0.2430243024302463,-0.4860486048604926,1
-0.2370237023702373,-0.4740474047404746,1
-0.23102310231023182,-0.46204620462046364,1
-0.22502250225022635,-0.4500450045004527,1
-0.21902190219022089,-0.43804380438044177,1
-0.21302130213021542,-0.42604260426043083,1
-0.20702070207020995,-0.4140414041404199,1
-0.20102010201020448,-0.40204020402040896,1
-0.19501950195019546,-0.3900390039003909,1
-0.18901890189019,-0.37803780378038,1
-0.18301830183018453,-0.36603660366036905,1
-0.17701770177017906,-0.3540354035403581,1
-0.1710171017101736,-0.3420342034203472,1
-0.16501650165016812,-0.33003300330033625,1
-0.15901590159016266,-0.3180318031803253,1
-0.15301530153015364,-0.30603060306030727,1
-0.14701470147014817,-0.29402940294029634,1
-0.1410141014101427,-0.2820282028202854,1
-0.13501350135013723,-0.27002700270027447,1
-0.12901290129013177,-0.25802580258026353,1
-0.1230123012301263,-0.2460246024602526,1
-0.11701170117011728,-0.23402340234023455,1
-0.11101110111011181,-0.22202220222022362,1
-0.10501050105010634,-0.21002100210021268,1
-0.09900990099010087,-0.19801980198020175,1
-0.0930093009300954,-0.1860186018601908,1
-0.08700870087008994,-0.17401740174017988,1
-0.08100810081008447,-0.16201620162016894,1
-0.07500750075007545,-0.1500150015001509,1
-0.06900690069006998,-0.13801380138013997,1
-0.06300630063006452,-0.12601260126012903,1
-0.05700570057005905,-0.1140114011401181,1
-0.05100510051005358,-0.10201020102010716,1
-0.04500450045004811,-0.09000900090009623,1
-0.039003900390042645,-0.07800780078008529,1
-0.033003300330033625,-0.06600660066006725,1
-0.027002700270028157,-0.054005400540056314,1
-0.02100210021002269,-0.04200420042004538,1
-0.015001500150017222,-0.030003000300034444,1
-0.009000900090011754,-0.01800180018002351,1
-0.0030003000300062865,-0.006000600060012573,1
0.003000300030002734,0.006000600060005468,1
0.009000900090008201,0.018001800180016403,1
0.015001500150013669,0.030003000300027338,1
0.021002100210019137,0.042004200420038273,1
0.027002700270024604,0.05400540054004921,1
0.03300330033003007,0.06600660066006014,1
0.03900390039003554,0.07800780078007108,1
0.04500450045004456,0.09000900090008912,1
0.05100510051005003,0.10201020102010006,1
0.057005700570055495,0.11401140114011099,1
0.06300630063006096,0.12601260126012193,1
0.06900690069006643,0.13801380138013286,1
0.0750075007500719,0.1500150015001438,1
0.08100810081007737,0.16201620162015473,1
0.08700870087008639,0.17401740174017277,1
0.09300930093009185,0.1860186018601837,1
0.09900990099009732,0.19801980198019464,1
0.10501050105010279,0.21002100210020558,1
0.11101110111010826,0.2220222022202165,1
0.11701170117011372,0.23402340234022745,1
0.12301230123012274,0.2460246024602455,1
0.1290129012901282,0.2580258025802564,1
0.13501350135013368,0.27002700270026736,1
0.14101410141013915,0.2820282028202783,1
0.14701470147014462,0.29402940294028923,1
0.15301530153015008,0.30603060306030017,1
0.15901590159015555,0.3180318031803111,1
0.16501650165016457,0.33003300330032914,1
0.17101710171017004,0.3420342034203401,1
0.1770177017701755,0.354035403540351,1
0.18301830183018097,0.36603660366036195,1
0.18901890189018644,0.3780378037803729,1
0.1950195019501919,0.3900390039003838,1
0.20102010201019738,0.40204020402039475,1
0.2070207020702064,0.4140414041404128,1
0.21302130213021186,0.42604260426042373,1
0.21902190219021733,0.43804380438043466,1
0.2250225022502228,0.4500450045004456,1
0.23102310231022827,0.46204620462045654,1
0.23702370237023374,0.47404740474046747,1
0.24302430243024276,0.4860486048604855,1
0.24902490249024822,0.49804980498049645,1
0.2550255025502537,0.5100510051005074,1
0.26102610261025916,0.5220522052205183,1
0.2670267026702646,0.5340534053405293,1
0.2730273027302701,0.5460546054605402,1
0.27902790279027556,0.5580558055805511,1
0.2850285028502846,0.5700570057005692,1
0.29102910291029005,0.5820582058205801,1
0.2970297029702955,0.594059405940591,1
0.303030303030301,0.606060606060602,1
0.30903090309030645,0.6180618061806129,1
0.3150315031503119,0.6300630063006238,1
0.3210321032103174,0.6420642064206348,1
0.3270327032703264,0.6540654065406528,1
0.3330333033303319,0.6660666066606638,1
0.33903390339033734,0.6780678067806747,1
0.3450345034503428,0.6900690069006856,1
0.3510351035103483,0.7020702070206966,1
0.35703570357035375,0.7140714071407075,1
0.36303630363036277,0.7260726072607255,1
0.36903690369036823,0.7380738073807365,1
0.3750375037503737,0.7500750075007474,1
0.38103810381037917,0.7620762076207583,1
0.38703870387038464,0.7740774077407693,1
0.3930393039303901,0.7860786078607802,1
0.3990399039903956,0.7980798079807911,1
0.4050405040504046,0.8100810081008092,1
0.41104110411041006,0.8220822082208201,1
0.41704170417041553,0.8340834083408311,1
0.423042304230421,0.846084608460842,1
0.42904290429042646,0.8580858085808529,1
0.43504350435043193,0.8700870087008639,1
0.4410441044104374,0.8820882088208748,1
0.4470447044704464,0.8940894089408928,1
0.4530453045304519,0.9060906090609038,1
0.45904590459045735,0.9180918091809147,1
0.4650465046504628,0.9300930093009256,1
0.4710471047104683,0.9420942094209366,1
0.47704770477047376,0.9540954095409475,1
0.4830483048304828,0.9660966096609656,1
0.48904890489048825,0.9780978097809765,1
0.4950495049504937,0.9900990099009874,1
0.5010501050104992,1.0021002100209984,1
0.5070507050705046,1.0141014101410093,1
0.5130513051305101,1.0261026102610202,1
0.5190519051905156,1.0381038103810312,1
0.5250525052505246,1.0501050105010492,1
0.5310531053105301,1.0621062106210601,1
0.5370537053705355,1.074107410741071,1
0.543054305430541,1.086108610861082,1
0.5490549054905465,1.098109810981093,1
0.5550555055505519,1.1101110111011039,1
0.5610561056105574,1.1221122112211148,1
0.5670567056705664,1.1341134113411329,1
0.5730573057305719,1.1461146114611438,1
0.5790579057905774,1.1581158115811547,1
0.5850585058505828,1.1701170117011657,1
0.5910591059105883,1.1821182118211766,1
0.5970597059705938,1.1941194119411875,1
0.6030603060306028,1.2061206120612056,1
0.6090609060906083,1.2181218121812165,1
0.6150615061506137,1.2301230123012274,1
0.6210621062106192,1.2421242124212384,1
0.6270627062706247,1.2541254125412493,1
0.6330633063306301,1.2661266126612603,1
0.6390639063906356,1.2781278127812712,1
0.6450645064506446,1.2901290129012892,1
0.6510651065106501,1.3021302130213002,1
0.6570657065706555,1.314131413141311,1
0.663066306630661,1.326132613261322,1
0.6690669066906665,1.338133813381333,1
0.675067506750672,1.350135013501344,1
0.6810681068106774,1.3621362136213548,1
0.6870687068706864,1.3741374137413729,1
0.6930693069306919,1.3861386138613838,1
0.6990699069906974,1.3981398139813948,1
0.7050705070507028,1.4101410141014057,1
0.7110711071107083,1.4221422142214166,1
0.7170717071707138,1.4341434143414276,1
0.7230723072307228,1.4461446144614456,1
0.7290729072907283,1.4581458145814565,1
0.7350735073507337,1.4701470147014675,1
0.7410741074107392,1.4821482148214784,1
0.7470747074707447,1.4941494149414893,1
0.7530753075307501,1.5061506150615003,1
0.7590759075907556,1.5181518151815112,1
0.7650765076507646,1.5301530153015293,1
0.7710771077107701,1.5421542154215402,1
0.7770777077707756,1.5541554155415511,1
0.783078307830781,1.566156615661562,1
0.7890789078907865,1.578157815781573,1
0.795079507950792,1.590159015901584,1
0.8010801080107974,1.6021602160215949,1
0.8070807080708065,1.614161416141613,1
0.8130813081308119,1.6261626162616238,1
0.8190819081908174,1.6381638163816348,1
0.8250825082508229,1.6501650165016457,1
0.8310831083108283,1.6621662166216566,1
0.8370837083708338,1.6741674167416676,1
0.8430843084308393,1.6861686168616785,1
0.8490849084908483,1.6981698169816966,1
0.8550855085508537,1.7101710171017075,1
0.8610861086108592,1.7221722172217184,1
0.8670867086708647,1.7341734173417294,1
0.8730873087308701,1.7461746174617403,1
0.8790879087908756,1.7581758175817512,1
0.8850885088508846,1.7701770177017693,1
0.8910891089108901,1.7821782178217802,1
0.8970897089708956,1.7941794179417911,1
0.903090309030901,1.806180618061802,1
0.9090909090909065,1.818181818181813,1
0.915091509150912,1.830183018301824,1
0.9210921092109174,1.8421842184218349,1
0.9270927092709265,1.854185418541853,1
0.9330933093309319,1.8661866186618639,1
0.9390939093909374,1.8781878187818748,1
0.9450945094509429,1.8901890189018857,1
0.9510951095109483,1.9021902190218967,1
0.9570957095709538,1.9141914191419076,1
0.9630963096309593,1.9261926192619185,1
0.9690969096909683,1.9381938193819366,1
0.9750975097509738,1.9501950195019475,1
0.9810981098109792,1.9621962196219584,1
0.9870987098709847,1.9741974197419694,1
0.9930993099309902,1.9861986198619803,1
0.9990999099909956,1.9981998199819913,1
1.0051005100510046,2.0102010201020093,1
1.0111011101110101,2.0222022202220202,1
1.0171017101710156,2.034203420342031,1
1.023102310231021,2.046204620462042,1
1.0291029102910265,2.058205820582053,1
1.035103510351032,2.070207020702064,1
1.0411041104110375,2.082208220822075,1
1.0471047104710465,2.094209420942093,1
1.053105310531052,2.106210621062104,1
1.0591059105910574,2.118211821182115,1
1.0651065106510629,2.1302130213021258,1
1.0711071107110683,2.1422142214221367,1
1.0771077107710738,2.1542154215421476,1
1.0831083108310793,2.1662166216621586,1
1.0891089108910883,2.1782178217821766,1
1.0951095109510938,2.1902190219021875,1
1.1011101110110992,2.2022202220221985,1
1.1071107110711047,2.2142214221422094,1
1.1131113111311102,2.2262226222622203,1
1.1191119111911156,2.2382238223822313,1
1.1251125112511247,2.2502250225022493,1
1.1311131113111301,2.2622262226222603,1
1.1371137113711356,2.274227422742271,1
1.143114311431141,2.286228622862282,1
1.1491149114911465,2.298229822982293,1
1.155115511551152,2.310231023102304,1
1.1611161116111575,2.322232223222315,1
1.1671167116711665,2.334233423342333,1
1.173117311731172,2.346234623462344,1
1.1791179117911774,2.358235823582355,1
1.1851185118511829,2.3702370237023658,1
1.1911191119111884,2.3822382238223767,1
1.1971197119711938,2.3942394239423876,1
1.2031203120311993,2.4062406240623986,1
1.2091209120912083,2.4182418241824166,1
1.2151215121512138,2.4302430243024276,1
1.2211221122112192,2.4422442244224385,1
1.2271227122712247,2.4542454245424494,1
1.2331233123312302,2.4662466246624604,1
1.2391239123912356,2.4782478247824713,1
1.2451245124512447,2.4902490249024893,1
1.2511251125112501,2.5022502250225003,1
1.2571257125712556,2.514251425142511,1
1.263126312631261,2.526252625262522,1
1.2691269126912665,2.538253825382533,1
1.275127512751272,2.550255025502544,1
1.2811281128112775,2.562256225622555,1
1.2871287128712865,2.574257425742573,1
1.293129312931292,2.586258625862584,1
1.2991299129912974,2.598259825982595,1
1.305130513051303,2.610261026102606,1
1.3111311131113084,2.6222622262226167,1
1.3171317131713138,2.6342634263426277,1
1.3231323132313193,2.6462646264626386,1
1.3291329132913283,2.6582658265826566,1
1.3351335133513338,2.6702670267026676,1
1.3411341134113393,2.6822682268226785,1
1.3471347134713447,2.6942694269426894,1
1.3531353135313502,2.7062706270627004,1
1.3591359135913557,2.7182718271827113,1
1.3651365136513647,2.7302730273027294,1
1.3711371137113701,2.7422742274227403,1
1.3771377137713756,2.7542754275427512,1
1.383138313831381,2.766276627662762,1
1.3891389138913866,2.778277827782773,1
1.395139513951392,2.790279027902784,1
1.4011401140113975,2.802280228022795,1
1.4071407140714065,2.814281428142813,1
1.413141314131412,2.826282628262824,1
1.4191419141914174,2.838283828382835,1
1.425142514251423,2.850285028502846,1
1.4311431143114284,2.8622862286228568,1
1.4371437143714338,2.8742874287428677,1
1.4431443144314393,2.8862886288628786,1
1.4491449144914483,2.8982898289828967,1
1.4551455145514538,2.9102910291029076,1
1.4611461146114593,2.9222922292229185,1
1.4671467146714647,2.9342934293429295,1
1.4731473147314702,2.9462946294629404,1
1.4791479147914757,2.9582958295829513,1
1.4851485148514847,2.9702970297029694,1
1.4911491149114902,2.9822982298229803,1
1.4971497149714956,2.9942994299429913,1
1.503150315031501,3.006300630063002,1
1.5091509150915066,3.018301830183013,1
1.515151515151512,3.030303030303024,1
1.5211521152115175,3.042304230423035,1
1.5271527152715265,3.054305430543053,1
1.533153315331532,3.066306630663064,1
1.5391539153915375,3.078307830783075,1
1.545154515451543,3.090309030903086,1
1.5511551155115484,3.1023102310230968,1
1.5571557155715539,3.1143114311431077,1
1.5631563156315593,3.1263126312631186,1
1.5691569156915683,3.1383138313831367,1
1.5751575157515738,3.1503150315031476,1
1.5811581158115793,3.1623162316231586,1
1.5871587158715847,3.1743174317431695,1
1.5931593159315902,3.1863186318631804,1
1.5991599159915957,3.1983198319831914,1
1.6051605160516047,3.2103210321032094,1
1.6111611161116102,3.2223222322232203,1
1.6171617161716156,3.2343234323432313,1
1.623162316231621,3.246324632463242,1
1.6291629162916266,3.258325832583253,1
1.635163516351632,3.270327032703264,1
1.6411641164116375,3.282328232823275,1
1.6471647164716465,3.294329432943293,1
1.653165316531652,3.306330633063304,1
1.6591659165916575,3.318331833183315,1
1.665166516651663,3.330333033303326,1
1.6711671167116684,3.342334233423337,1
1.6771677167716739,3.3543354335433477,1
1.6831683168316793,3.3663366336633587,1
1.6891689168916884,3.3783378337833767,1
1.6951695169516938,3.3903390339033876,1
1.7011701170116993,3.4023402340233986,1
1.7071707170717048,3.4143414341434095,1
1.7131713171317102,3.4263426342634205,1
1.7191719171917157,3.4383438343834314,1
1.7251725172517247,3.4503450345034494,1
1.7311731173117302,3.4623462346234604,1
1.7371737173717356,3.4743474347434713,1
1.7431743174317411,3.4863486348634822,1
1.7491749174917466,3.498349834983493,1
1.755175517551752,3.510351035103504,1
1.7611761176117575,3.522352235223515,1
1.7671767176717665,3.534353435343533,1
1.773177317731772,3.546354635463544,1
1.7791779177917775,3.558355835583555,1
1.785178517851783,3.570357035703566,1
1.7911791179117884,3.582358235823577,1
1.7971797179717939,3.5943594359435878,1
1.8031803180317993,3.6063606360635987,1
1.8091809180918084,3.6183618361836167,1
1.8151815181518138,3.6303630363036277,1
1.8211821182118193,3.6423642364236386,1
1.8271827182718248,3.6543654365436495,1
1.8331833183318302,3.6663666366636605,1
1.8391839183918357,3.6783678367836714,1
1.8451845184518447,3.6903690369036894,1
1.8511851185118502,3.7023702370237004,1
1.8571857185718557,3.7143714371437113,1
1.8631863186318611,3.7263726372637223,1
1.8691869186918666,3.738373837383733,1
1.875187518751872,3.750375037503744,1
1.8811881188118775,3.762376237623755,1
1.8871887188718866,3.774377437743773,1
1.893189318931892,3.786378637863784,1
1.8991899189918975,3.798379837983795,1
1.905190519051903,3.810381038103806,1
1.9111911191119084,3.822382238223817,1
1.9171917191719139,3.8343834383438278,1
1.9231923192319194,3.8463846384638387,1
1.9291929192919284,3.8583858385838568,1
1.9351935193519338,3.8703870387038677,1
1.9411941194119393,3.8823882388238786,1
1.9471947194719448,3.8943894389438896,1
1.9531953195319502,3.9063906390639005,1
1.9591959195919557,3.9183918391839114,1
1.9651965196519647,3.9303930393039295,1
1.9711971197119702,3.9423942394239404,1
1.9771977197719757,3.9543954395439513,1
1.9831983198319811,3.9663966396639623,1
1.9891989198919866,3.978397839783973,1
1.995199519951992,3.990399039903984,1
2.001200120012001,4.002400240024002,1
2.0072007200720066,4.014401440144013,1
2.013201320132012,4.026402640264024,1
2.0192019201920175,4.038403840384035,1
2.025202520252023,4.050405040504046,1
2.0312031203120284,4.062406240624057,1
2.037203720372034,4.074407440744068,1
2.0432043204320394,4.086408640864079,1
2.049204920492045,4.09840984098409,1
2.0552055205520503,4.110411041104101,1
2.0612061206120558,4.1224122412241115,1
2.0672067206720683,4.134413441344137,1
2.073207320732074,4.146414641464148,1
2.0792079207920793,4.158415841584159,1
2.0852085208520847,4.1704170417041695,1
2.09120912091209,4.18241824182418,1
2.0972097209720957,4.194419441944191,1
2.103210321032101,4.206420642064202,1
2.1092109210921066,4.218421842184213,1
2.115211521152112,4.230423042304224,1
2.1212121212121176,4.242424242424235,1
2.127212721272123,4.254425442544246,1
2.1332133213321285,4.266426642664257,1
2.139213921392134,4.278427842784268,1
2.1452145214521465,4.290429042904293,1
2.151215121512152,4.302430243024304,1
2.1572157215721575,4.314431443144315,1
2.163216321632163,4.326432643264326,1
2.1692169216921684,4.338433843384337,1
2.175217521752174,4.350435043504348,1
2.1812181218121793,4.362436243624359,1
2.187218721872185,4.37443744374437,1
2.1932193219321903,4.3864386438643805,1
2.1992199219921957,4.3984398439843915,1
2.205220522052201,4.410441044104402,1
2.2112211221122067,4.422442244224413,1
2.217221722172212,4.434443444344424,1
2.2232223222322176,4.446444644464435,1
2.22922292229223,4.45844584458446,1
2.2352235223522356,4.470447044704471,1
2.241224122412241,4.482448244824482,1
2.2472247224722466,4.494449444944493,1
2.253225322532252,4.506450645064504,1
2.2592259225922575,4.518451845184515,1
2.265226522652263,4.530453045304526,1
2.2712271227122685,4.542454245424537,1
2.277227722772274,4.554455445544548,1
2.2832283228322794,4.566456645664559,1
2.289228922892285,4.57845784578457,1
2.2952295229522903,4.590459045904581,1
2.301230123012296,4.602460246024592,1
2.3072307230723084,4.614461446144617,1
2.313231323132314,4.626462646264628,1
2.3192319231923193,4.638463846384639,1
2.3252325232523248,4.6504650465046495,1
2.3312331233123302,4.6624662466246605,1
2.3372337233723357,4.674467446744671,1
2.343234323432341,4.686468646864682,1
2.3492349234923466,4.698469846984693,1
2.355235523552352,4.710471047104704,1
2.3612361236123576,4.722472247224715,1
2.367236723672363,4.734473447344726,1
2.3732373237323685,4.746474647464737,1
2.379237923792374,4.758475847584748,1
2.3852385238523865,4.770477047704773,1
2.391239123912392,4.782478247824784,1
2.3972397239723975,4.794479447944795,1
2.403240324032403,4.806480648064806,1
2.4092409240924084,4.818481848184817,1
2.415241524152414,4.830483048304828,1
2.4212421242124194,4.842484248424839,1
2.427242724272425,4.85448544854485,1
2.4332433243324303,4.866486648664861,1
2.4392439243924358,4.8784878487848715,1
2.4452445244524412,4.8904890489048825,1
2.4512451245124467,4.902490249024893,1
2.457245724572452,4.914491449144904,1
2.4632463246324576,4.926492649264915,1
2.46924692469247,4.93849384938494,1
2.4752475247524757,4.950495049504951,1
2.481248124812481,4.962496249624962,1
2.4872487248724866,4.974497449744973,1
2.493249324932492,4.986498649864984,1
2.4992499249924975,4.998499849984995,1
2.505250525052503,5.010501050105006,1
2.5112511251125085,5.022502250225017,1
2.517251725172514,5.034503450345028,1
2.5232523252325194,5.046504650465039,1
2.529252925292525,5.05850585058505,1
2.5352535253525303,5.070507050705061,1
2.541254125412536,5.082508250825072,1
2.5472547254725484,5.094509450945097,1
2.553255325532554,5.106510651065108,1
2.5592559255925593,5.118511851185119,1
2.565256525652565,5.13051305130513,1
2.5712571257125703,5.1425142514251405,1
2.5772577257725757,5.1545154515451514,1
2.583258325832581,5.166516651665162,1
2.5892589258925867,5.178517851785173,1
2.595259525952592,5.190519051905184,1
2.6012601260125976,5.202520252025195,1
2.607260726072603,5.214521452145206,1
2.6132613261326085,5.226522652265217,1
2.619261926192614,5.238523852385228,1
2.6252625262526266,5.250525052505253,1
2.631263126312632,5.262526252625264,1
2.6372637263726375,5.274527452745275,1
2.643264326432643,5.286528652865286,1
2.6492649264926484,5.298529852985297,1
2.655265526552654,5.310531053105308,1
2.6612661266126594,5.322532253225319,1
2.667266726672665,5.33453345334533,1
2.6732673267326703,5.346534653465341,1
2.679267926792676,5.358535853585352,1
2.6852685268526812,5.3705370537053625,1
2.6912691269126867,5.382538253825373,1
2.697269726972692,5.394539453945384,1
2.7032703270326977,5.406540654065395,1
2.7092709270927102,5.4185418541854204,1
2.7152715271527157,5.430543054305431,1
2.721272127212721,5.442544254425442,1
2.7272727272727266,5.454545454545453,1
2.733273327332732,5.466546654665464,1
2.7392739273927376,5.478547854785475,1
2.745274527452743,5.490549054905486,1
2.7512751275127485,5.502550255025497,1
2.757275727572754,5.514551455145508,1
2.7632763276327594,5.526552655265519,1
2.769276927692765,5.53855385538553,1
2.7752775277527704,5.550555055505541,1
2.781278127812776,5.562556255625552,1
2.7872787278727884,5.574557455745577,1
2.793279327932794,5.586558655865588,1
2.7992799279927993,5.598559855985599,1
2.805280528052805,5.61056105610561,1
2.8112811281128103,5.622562256225621,1
2.8172817281728157,5.6345634563456315,1
2.823282328232821,5.646564656465642,1
2.8292829282928267,5.658565856585653,1
2.835283528352832,5.670567056705664,1
2.8412841284128376,5.682568256825675,1
2.847284728472843,5.694569456945686,1
2.8532853285328486,5.706570657065697,1
2.859285928592854,5.718571857185708,1
2.8652865286528666,5.730573057305733,1
2.871287128712872,5.742574257425744,1
2.8772877287728775,5.754575457545755,1
2.883288328832883,5.766576657665766,1
2.8892889288928885,5.778577857785777,1
2.895289528952894,5.790579057905788,1
2.9012901290128994,5.802580258025799,1
2.907290729072905,5.81458145814581,1
2.9132913291329103,5.826582658265821,1
2.919291929192916,5.838583858385832,1
2.9252925292529213,5.8505850585058425,1
2.9312931293129267,5.8625862586258535,1
2.937293729372932,5.874587458745864,1
2.9432943294329377,5.886588658865875,1
2.9492949294929502,5.8985898589859005,1
2.9552955295529557,5.910591059105911,1
2.961296129612961,5.922592259225922,1
2.9672967296729666,5.934593459345933,1
2.973297329732972,5.946594659465944,1
2.9792979297929776,5.958595859585955,1
2.985298529852983,5.970597059705966,1
2.9912991299129885,5.982598259825977,1
2.997299729972994,5.994599459945988,1
3.0033003300329995,6.006600660065999,1
3.009300930093005,6.01860186018601,1
3.0153015301530104,6.030603060306021,1
3.021302130213016,6.042604260426032,1
3.0273027302730284,6.054605460546057,1
3.033303330333034,6.066606660666068,1
3.0393039303930394,6.078607860786079,1
3.045304530453045,6.09060906090609,1
3.0513051305130503,6.102610261026101,1
3.0573057305730558,6.1146114611461115,1
3.0633063306330612,6.1266126612661225,1
3.0693069306930667,6.138613861386133,1
3.075307530753072,6.150615061506144,1
3.0813081308130776,6.162616261626155,1
3.087308730873083,6.174617461746166,1
3.0933093309330886,6.186618661866177,1
3.099309930993094,6.198619861986188,1
3.1053105310531066,6.210621062106213,1
3.111311131113112,6.222622262226224,1
3.1173117311731176,6.234623462346235,1
3.123312331233123,6.246624662466246,1
3.1293129312931285,6.258625862586257,1
3.135313531353134,6.270627062706268,1
3.1413141314131394,6.282628262826279,1
3.147314731473145,6.29462946294629,1
3.1533153315331504,6.306630663066301,1
3.159315931593156,6.318631863186312,1
3.1653165316531613,6.330633063306323,1
3.1713171317131668,6.3426342634263335,1
3.1773177317731722,6.3546354635463445,1
3.1833183318331777,6.366636663666355,1
3.1893189318931903,6.3786378637863805,1
3.1953195319531957,6.3906390639063915,1
3.201320132013201,6.402640264026402,1
3.2073207320732067,6.414641464146413,1
3.213321332133212,6.426642664266424,1
3.2193219321932176,6.438643864386435,1
3.225322532253223,6.450645064506446,1
3.2313231323132285,6.462646264626457,1
3.237323732373234,6.474647464746468,1
3.2433243324332395,6.486648664866479,1
3.249324932493245,6.49864986498649,1
3.2553255325532504,6.510651065106501,1
3.261326132613256,6.522652265226512,1
3.2673267326732685,6.534653465346537,1
3.273327332733274,6.546654665466548,1
3.2793279327932794,6.558655865586559,1
3.285328532853285,6.57065706570657,1
3.2913291329132903,6.582658265826581,1
3.297329732973296,6.594659465946592,1
3.3033303330333013,6.6066606660666025,1
3.3093309330933067,6.6186618661866135,1
3.315331533153312,6.630663066306624,1
3.3213321332133177,6.642664266426635,1
3.327332733273323,6.654665466546646,1
3.3333333333333286,6.666666666666657,1
3.339333933393334,6.678667866786668,1
3.3453345334533466,6.690669066906693,1
3.351335133513352,6.702670267026704,1
3.3573357335733576,6.714671467146715,1
3.363336333633363,6.726672667266726,1
3.3693369336933685,6.738673867386737,1
3.375337533753374,6.750675067506748,1
3.3813381338133794,6.762676267626759,1
3.387338733873385,6.77467746774677,1
3.3933393339333904,6.786678667866781,1
3.399339933993396,6.798679867986792,1
3.4053405340534013,6.810681068106803,1
3.411341134113407,6.822682268226814,1
3.4173417341734122,6.8346834683468245,1
3.4233423342334177,6.846684668466835,1
3.4293429342934303,6.858685868586861,1
3.4353435343534358,6.8706870687068715,1
3.4413441344134412,6.8826882688268824,1
3.4473447344734467,6.894689468946893,1
3.453345334533452,6.906690669066904,1
3.4593459345934576,6.918691869186915,1
3.465346534653463,6.930693069306926,1
3.4713471347134686,6.942694269426937,1
3.477347734773474,6.954695469546948,1
3.4833483348334795,6.966696669666959,1
3.489348934893485,6.97869786978697,1
3.4953495349534904,6.990699069906981,1
3.501350135013496,7.002700270026992,1
3.5073507350735085,7.014701470147017,1
3.513351335133514,7.026702670267028,1
3.5193519351935194,7.038703870387039,1
3.525352535253525,7.05070507050705,1
3.5313531353135303,7.062706270627061,1
3.537353735373536,7.074707470747072,1
3.5433543354335413,7.086708670867083,1
3.5493549354935467,7.0987098709870935,1
3.555355535553552,7.110711071107104,1
3.5613561356135577,7.122712271227115,1
3.567356735673563,7.134713471347126,1
3.5733573357335686,7.146714671467137,1
3.579357935793574,7.158715871587148,1
3.5853585358535867,7.170717071707173,1
3.591359135913592,7.182718271827184,1
3.5973597359735976,7.194719471947195,1
3.603360336033603,7.206720672067206,1
3.6093609360936085,7.218721872187217,1
3.615361536153614,7.230723072307228,1
3.6213621362136195,7.242724272427239,1
3.627362736273625,7.25472547254725,1
3.6333633363336304,7.266726672667261,1
3.639363936393636,7.278727872787272,1
3.6453645364536413,7.290729072907283,1
3.651365136513647,7.302730273027294,1
3.6573657365736523,7.3147314731473045,1
3.6633663366336577,7.3267326732673155,1
3.6693669366936703,7.338733873387341,1
3.675367536753676,7.350735073507352,1
3.6813681368136812,7.3627362736273625,1
3.6873687368736867,7.374737473747373,1
3.693369336933692,7.386738673867384,1
3.6993699369936976,7.398739873987395,1
3.705370537053703,7.410741074107406,1
3.7113711371137086,7.422742274227417,1
3.717371737173714,7.434743474347428,1
3.7233723372337195,7.446744674467439,1
3.729372937293725,7.45874587458745,1
3.7353735373537305,7.470747074707461,1
3.741374137413736,7.482748274827472,1
3.7473747374737485,7.494749474947497,1
3.753375337533754,7.506750675067508,1
3.7593759375937594,7.518751875187519,1
3.765376537653765,7.53075307530753,1
3.7713771377137704,7.542754275427541,1
3.777377737773776,7.554755475547552,1
3.7833783378337813,7.566756675667563,1
3.7893789378937868,7.5787578757875735,1
3.7953795379537922,7.5907590759075845,1
3.8013801380137977,7.602760276027595,1
3.807380738073803,7.614761476147606,1
3.8133813381338086,7.626762676267617,1
3.819381938193814,7.638763876387628,1
3.8253825382538196,7.650765076507639,1
3.831383138313832,7.662766276627664,1
3.8373837383738376,7.674767476747675,1
3.843384338433843,7.686768676867686,1
3.8493849384938486,7.698769876987697,1
3.855385538553854,7.710771077107708,1
3.8613861386138595,7.722772277227719,1
3.867386738673865,7.73477347734773,1
3.8733873387338704,7.746774677467741,1
3.879387938793876,7.758775877587752,1
3.8853885388538814,7.770777077707763,1
3.891389138913887,7.782778277827774,1
3.8973897389738923,7.794779477947785,1
3.9033903390338978,7.8067806780677955,1
3.9093909390939103,7.818781878187821,1
3.915391539153916,7.830783078307832,1
3.9213921392139213,7.8427842784278425,1
3.9273927392739267,7.8547854785478535,1
3.933393339333932,7.866786678667864,1
3.9393939393939377,7.878787878787875,1
3.945394539453943,7.890789078907886,1
3.9513951395139486,7.902790279027897,1
3.957395739573954,7.914791479147908,1
3.9633963396339595,7.926792679267919,1
3.969396939693965,7.93879387938793,1
3.9753975397539705,7.950795079507941,1
3.981398139813976,7.962796279627952,1
3.9873987398739885,7.974797479747977,1
3.993399339933994,7.986798679867988,1
3.9993999399939995,7.998799879987999,1
4.005400540054005,8.01080108010801,1
4.01140114011401,8.02280228022802,1
4.017401740174016,8.034803480348032,1
4.023402340234021,8.046804680468043,1
4.029402940294027,8.058805880588054,1
4.035403540354032,8.070807080708065,1
4.041404140414038,8.082808280828075,1
4.047404740474043,8.094809480948086,1
4.053405340534049,8.106810681068097,1
4.059405940594054,8.118811881188108,1
4.06540654065406,8.13081308130812,1
4.071407140714072,8.142814281428144,1
4.077407740774078,8.154815481548155,1
4.083408340834083,8.166816681668166,1
4.089408940894089,8.178817881788177,1
4.095409540954094,8.190819081908188,1
4.1014101410140995,8.202820282028199,1
4.107410741074105,8.21482148214821,1
4.11341134113411,8.22682268226822,1
4.119411941194116,8.238823882388232,1
4.125412541254121,8.250825082508243,1
4.131413141314127,8.262826282628254,1
4.137413741374132,8.274827482748265,1
4.143414341434138,8.286828682868276,1
4.14941494149415,8.2988298829883,1
4.155415541554156,8.310831083108312,1
4.161416141614161,8.322832283228323,1
4.167416741674167,8.334833483348334,1
4.173417341734172,8.346834683468344,1
4.179417941794178,8.358835883588355,1
4.185418541854183,8.370837083708366,1
4.191419141914189,8.382838283828377,1
4.197419741974194,8.394839483948388,1
4.2034203420342,8.4068406840684,1
4.209420942094205,8.41884188418841,1
4.2154215421542105,8.430843084308421,1
4.221422142214216,8.442844284428432,1
4.2274227422742285,8.454845484548457,1
4.233423342334234,8.466846684668468,1
4.2394239423942395,8.478847884788479,1
4.245424542454245,8.49084908490849,1
4.25142514251425,8.5028502850285,1
4.257425742574256,8.514851485148512,1
4.263426342634261,8.526852685268523,1
4.269426942694267,8.538853885388534,1
4.275427542754272,8.550855085508545,1
4.281428142814278,8.562856285628555,1
4.287428742874283,8.574857485748566,1
4.293429342934289,8.586858685868577,1
4.299429942994294,8.598859885988588,1
4.3054305430543,8.6108610861086,1
4.311431143114312,8.622862286228624,1
4.317431743174318,8.634863486348635,1
4.323432343234323,8.646864686468646,1
4.329432943294329,8.658865886588657,1
4.335433543354334,8.670867086708668,1
4.3414341434143395,8.682868286828679,1
4.347434743474345,8.69486948694869,1
4.3534353435343505,8.706870687068701,1
4.359435943594356,8.718871887188712,1
4.365436543654361,8.730873087308723,1
4.371437143714367,8.742874287428734,1
4.377437743774372,8.754875487548745,1
4.383438343834378,8.766876687668756,1
4.38943894389439,8.77887788778878,1
4.395439543954396,8.790879087908792,1
4.401440144014401,8.802880288028803,1
4.407440744074407,8.814881488148814,1
4.413441344134412,8.826882688268824,1
4.419441944194418,8.838883888388835,1
4.425442544254423,8.850885088508846,1
4.431443144314429,8.862886288628857,1
4.437443744374434,8.874887488748868,1
4.44344434443444,8.88688868886888,1
4.449444944494445,8.89888988898889,1
4.4554455445544505,8.910891089108901,1
4.461446144614456,8.922892289228912,1
4.467446744674469,8.934893489348937,1
4.473447344734474,8.946894689468948,1
4.4794479447944795,8.958895889588959,1
4.485448544854485,8.97089708970897,1
4.49144914491449,8.98289828982898,1
4.497449744974496,8.994899489948992,1
4.503450345034501,9.006900690069003,1
4.509450945094507,9.018901890189014,1
4.515451545154512,9.030903090309025,1
4.521452145214518,9.042904290429036,1
4.527452745274523,9.054905490549046,1
4.533453345334529,9.066906690669057,1
4.539453945394534,9.078907890789068,1
4.54545454545454,9.09090909090908,1
4.551455145514552,9.102910291029104,1
4.557455745574558,9.114911491149115,1
4.563456345634563,9.126912691269126,1
4.569456945694569,9.138913891389137,1
4.575457545754574,9.150915091509148,1
4.5814581458145796,9.162916291629159,1
4.587458745874585,9.17491749174917,1
4.5934593459345905,9.186918691869181,1
4.599459945994596,9.198919891989192,1
4.605460546054601,9.210921092109203,1
4.611461146114607,9.222922292229214,1
4.617461746174612,9.234923492349225,1
4.623462346234618,9.246924692469236,1
4.62946294629463,9.25892589258926,1
4.635463546354636,9.270927092709272,1
4.641464146414641,9.282928292829283,1
4.647464746474647,9.294929492949294,1
4.653465346534652,9.306930693069305,1
4.659465946594658,9.318931893189315,1
4.665466546654663,9.330933093309326,1
4.671467146714669,9.342934293429337,1
4.677467746774674,9.354935493549348,1
4.68346834683468,9.36693669366936,1
4.689468946894685,9.37893789378937,1
4.6954695469546905,9.390939093909381,1
4.701470147014696,9.402940294029392,1
4.707470747074709,9.414941494149417,1
4.713471347134714,9.426942694269428,1
4.7194719471947195,9.438943894389439,1
4.725472547254725,9.45094509450945,1
4.7314731473147305,9.462946294629461,1
4.737473747374736,9.474947494749472,1
4.743474347434741,9.486948694869483,1
4.749474947494747,9.498949894989494,1
4.755475547554752,9.510951095109505,1
4.761476147614758,9.522952295229516,1
4.767476747674763,9.534953495349527,1
4.773477347734769,9.546954695469537,1
4.779477947794774,9.558955895589548,1
4.78547854785478,9.57095709570956,1
4.791479147914792,9.582958295829584,1
4.797479747974798,9.594959495949595,1
4.803480348034803,9.606960696069606,1
4.809480948094809,9.618961896189617,1
4.815481548154814,9.630963096309628,1
4.82148214821482,9.64296429642964,1
4.827482748274825,9.65496549654965,1
4.8334833483348305,9.666966696669661,1
4.839483948394836,9.678967896789672,1
4.8454845484548414,9.690969096909683,1
4.851485148514847,9.702970297029694,1
4.857485748574852,9.714971497149705,1
4.863486348634858,9.726972697269716,1
4.86948694869487,9.73897389738974,1
4.875487548754876,9.750975097509752,1
4.881488148814881,9.762976297629763,1
4.887488748874887,9.774977497749774,1
4.893489348934892,9.786978697869785,1
4.899489948994898,9.798979897989796,1
4.905490549054903,9.810981098109806,1
4.911491149114909,9.822982298229817,1
4.917491749174914,9.834983498349828,1
4.92349234923492,9.84698469846984,1
4.929492949294925,9.85898589858985,1
4.935493549354931,9.870987098709861,1
4.941494149414936,9.882988298829872,1
4.947494749474949,9.894989498949897,1
4.953495349534954,9.906990699069908,1
4.9594959495949595,9.918991899189919,1
4.965496549654965,9.93099309930993,1
4.9714971497149705,9.942994299429941,1
4.977497749774976,9.954995499549952,1
4.983498349834981,9.966996699669963,1
4.989498949894987,9.978997899789974,1
4.995499549954992,9.990999099909985,1
5.001500150014998,10.003000300029996,1
5.007500750075003,10.015001500150007,1
5.013501350135009,10.027002700270017,1
5.019501950195014,10.039003900390028,1
5.02550255025502,10.05100510051004,1
5.031503150315032,10.063006300630065,1
5.037503750375038,10.075007500750075,1
5.043504350435043,10.087008700870086,1
5.049504950495049,10.099009900990097,1
5.055505550555054,10.111011101110108,1
5.06150615061506,10.12301230123012,1
5.067506750675065,10.13501350135013,1
5.0735073507350705,10.147014701470141,1
5.079507950795076,10.159015901590152,1
5.0855085508550815,10.171017101710163,1
5.091509150915087,10.183018301830174,1
5.097509750975092,10.195019501950185,1
5.103510351035098,10.207020702070196,1
5.10951095109511,10.21902190219022,1
5.115511551155116,10.231023102310232,1
5.121512151215121,10.243024302430243,1
5.127512751275127,10.255025502550254,1
5.133513351335132,10.267026702670265,1
5.139513951395138,10.279027902790276,1
5.145514551455143,10.291029102910286,1
5.151515151515149,10.303030303030297,1
5.157515751575154,10.315031503150308,1
5.16351635163516,10.32703270327032,1
5.169516951695165,10.33903390339033,1
5.175517551755171,10.351035103510341,1
5.181518151815176,10.363036303630352,1
5.187518751875189,10.375037503750377,1
5.193519351935194,10.387038703870388,1
5.1995199519952,10.3990399039904,1
5.205520552055205,10.41104110411041,1
5.2115211521152105,10.423042304230421,1
5.217521752175216,10.435043504350432,1
5.223522352235221,10.447044704470443,1
5.229522952295227,10.459045904590454,1
5.235523552355232,10.471047104710465,1
5.241524152415238,10.483048304830476,1
5.247524752475243,10.495049504950487,1
5.253525352535249,10.507050705070498,1
5.259525952595254,10.519051905190508,1
5.26552655265526,10.53105310531052,1
5.271527152715272,10.543054305430545,1
5.277527752775278,10.555055505550555,1
5.283528352835283,10.567056705670566,1
5.289528952895289,10.579057905790577,1
5.295529552955294,10.591059105910588,1
5.3015301530153,10.6030603060306,1
5.307530753075305,10.61506150615061,1
5.3135313531353106,10.627062706270621,1
5.319531953195316,10.639063906390632,1
5.3255325532553215,10.651065106510643,1
5.331533153315327,10.663066306630654,1
5.337533753375332,10.675067506750665,1
5.343534353435338,10.687068706870676,1
5.3495349534953505,10.699069906990701,1
5.355535553555356,10.711071107110712,1
5.361536153615361,10.723072307230723,1
5.367536753675367,10.735073507350734,1
5.373537353735372,10.747074707470745,1
5.379537953795378,10.759075907590756,1
5.385538553855383,10.771077107710767,1
5.391539153915389,10.783078307830777,1
5.397539753975394,10.795079507950788,1
5.4035403540354,10.8070807080708,1
5.409540954095405,10.81908190819081,1
5.415541554155411,10.831083108310821,1
5.421542154215416,10.843084308430832,1
5.427542754275429,10.855085508550857,1
5.433543354335434,10.867086708670868,1
5.43954395439544,10.87908790879088,1
5.445544554455445,10.89108910891089,1
5.4515451545154505,10.903090309030901,1
5.457545754575456,10.915091509150912,1
5.4635463546354615,10.927092709270923,1
5.469546954695467,10.939093909390934,1
5.475547554755472,10.951095109510945,1
5.481548154815478,10.963096309630956,1
5.487548754875483,10.975097509750967,1
5.493549354935489,10.987098709870978,1
5.499549954995494,10.999099909990989,1
5.5055505550555,11.011101110111,1
5.511551155115512,11.023102310231025,1
5.517551755175518,11.035103510351036,1
5.523552355235523,11.047104710471046,1
5.529552955295529,11.059105910591057,1
5.535553555355534,11.071107110711068,1
5.54155415541554,11.08310831083108,1
5.547554755475545,11.09510951095109,1
5.553555355535551,11.107110711071101,1
5.559555955595556,11.119111911191112,1
5.5655565556555615,11.131113111311123,1
5.571557155715567,11.143114311431134,1
5.5775577557755724,11.155115511551145,1
5.583558355835578,11.167116711671156,1
5.5895589558955905,11.179117911791181,1
5.595559555955596,11.191119111911192,1
5.601560156015601,11.203120312031203,1
5.607560756075607,11.215121512151214,1
5.613561356135612,11.227122712271225,1
5.619561956195618,11.239123912391236,1
5.625562556255623,11.251125112511247,1
5.631563156315629,11.263126312631258,1
5.637563756375634,11.275127512751268,1
5.64356435643564,11.28712871287128,1
5.649564956495645,11.29912991299129,1
5.655565556555651,11.311131113111301,1
5.661566156615656,11.323132313231312,1
5.667566756675669,11.335133513351337,1
5.673567356735674,11.347134713471348,1
5.67956795679568,11.35913591359136,1
5.685568556855685,11.37113711371137,1
5.6915691569156905,11.383138313831381,1
5.697569756975696,11.395139513951392,1
5.7035703570357015,11.407140714071403,1
5.709570957095707,11.419141914191414,1
5.715571557155712,11.431143114311425,1
5.721572157215718,11.443144314431436,1
5.727572757275723,11.455145514551447,1
5.733573357335729,11.467146714671458,1
5.739573957395734,11.479147914791469,1
5.74557455745574,11.49114911491148,1
5.751575157515752,11.503150315031505,1
5.757575757575758,11.515151515151516,1
5.763576357635763,11.527152715271527,1
5.769576957695769,11.539153915391537,1
5.775577557755774,11.551155115511548,1
5.78157815781578,11.56315631563156,1
5.787578757875785,11.57515751575157,1
5.793579357935791,11.587158715871581,1
5.799579957995796,11.599159915991592,1
5.8055805580558015,11.611161116111603,1
5.811581158115807,11.623162316231614,1
5.8175817581758125,11.635163516351625,1
5.823582358235818,11.647164716471636,1
5.8295829582958305,11.659165916591661,1
5.835583558355836,11.671167116711672,1
5.841584158415841,11.683168316831683,1
5.847584758475847,11.695169516951694,1
5.853585358535852,11.707170717071705,1
5.859585958595858,11.719171917191716,1
5.865586558655863,11.731173117311727,1
5.871587158715869,11.743174317431738,1
5.877587758775874,11.755175517551748,1
5.88358835883588,11.76717671767176,1
5.889588958895885,11.77917791779177,1
5.895589558955891,11.791179117911781,1
5.901590159015896,11.803180318031792,1
5.907590759075909,11.815181518151817,1
5.913591359135914,11.827182718271828,1
5.91959195919592,11.83918391839184,1
5.925592559255925,11.85118511851185,1
5.931593159315931,11.863186318631861,1
5.937593759375936,11.875187518751872,1
5.9435943594359415,11.887188718871883,1
5.949594959495947,11.899189918991894,1
5.955595559555952,11.911191119111905,1
5.961596159615958,11.923192319231916,1
5.967596759675963,11.935193519351927,1
5.973597359735969,11.947194719471938,1
5.979597959795974,11.959195919591949,1
5.98559855985598,11.97119711971196,1
5.991599159915992,11.983198319831985,1
5.997599759975998,11.995199519951996,1
6.003600360036003,12.007200720072007,1
6.009600960096009,12.019201920192017,1
6.015601560156014,12.031203120312028,1
6.02160216021602,12.04320432043204,1
6.027602760276025,12.05520552055205,1
6.033603360336031,12.067206720672061,1
6.039603960396036,12.079207920792072,1
6.0456045604560416,12.091209120912083,1
6.051605160516047,12.103210321032094,1
6.0576057605760525,12.115211521152105,1
6.063606360636058,12.127212721272116,1
6.0696069606960705,12.139213921392141,1
6.075607560756076,12.151215121512152,1
6.0816081608160815,12.163216321632163,1
6.087608760876087,12.175217521752174,1
6.093609360936092,12.187218721872185,1
6.099609960996098,12.199219921992196,1
6.105610561056103,12.211221122112207,1
6.111611161116109,12.223222322232218,1
6.117611761176114,12.235223522352229,1
6.12361236123612,12.24722472247224,1
6.129612961296125,12.25922592259225,1
6.135613561356131,12.271227122712261,1
6.141614161416136,12.283228322832272,1
6.147614761476149,12.295229522952297,1
6.153615361536154,12.307230723072308,1
6.15961596159616,12.31923192319232,1
6.165616561656165,12.33123312331233,1
6.171617161716171,12.343234323432341,1
6.177617761776176,12.355235523552352,1
6.1836183618361815,12.367236723672363,1
6.189618961896187,12.379237923792374,1
6.1956195619561925,12.391239123912385,1
6.201620162016198,12.403240324032396,1
6.207620762076203,12.415241524152407,1
6.213621362136209,12.427242724272418,1
6.219621962196214,12.439243924392429,1
6.22562256225622,12.45124512451244,1
6.231623162316232,12.463246324632465,1
6.237623762376238,12.475247524752476,1
6.243624362436243,12.487248724872487,1
6.249624962496249,12.499249924992498,1
6.255625562556254,12.511251125112508,1
6.26162616261626,12.52325232523252,1
6.267626762676265,12.53525352535253,1
6.273627362736271,12.547254725472541,1
6.279627962796276,12.559255925592552,1
6.285628562856282,12.571257125712563,1
6.291629162916287,12.583258325832574,1
6.2976297629762925,12.595259525952585,1
6.303630363036298,12.607260726072596,1
6.3096309630963106,12.619261926192621,1
6.315631563156316,12.631263126312632,1
6.3216321632163215,12.643264326432643,1
6.327632763276327,12.655265526552654,1
6.333633363336332,12.667266726672665,1
6.339633963396338,12.679267926792676,1
6.345634563456343,12.691269126912687,1
6.351635163516349,12.703270327032698,1
6.357635763576354,12.715271527152709,1
6.36363636363636,12.72727272727272,1
6.369636963696365,12.73927392739273,1
6.375637563756371,12.751275127512741,1
6.381638163816376,12.763276327632752,1
6.387638763876389,12.775277527752777,1
6.393639363936394,12.787278727872788,1
6.3996399639964,12.7992799279928,1
6.405640564056405,12.81128112811281,1
6.411641164116411,12.823282328232821,1
6.417641764176416,12.835283528352832,1
6.4236423642364215,12.847284728472843,1
6.429642964296427,12.859285928592854,1
6.4356435643564325,12.871287128712865,1
6.441644164416438,12.883288328832876,1
6.447644764476443,12.895289528952887,1
6.453645364536449,12.907290729072898,1
6.459645964596454,12.919291929192909,1
6.46564656465646,12.93129312931292,1
6.471647164716472,12.943294329432945,1
6.477647764776478,12.955295529552956,1
6.483648364836483,12.967296729672967,1
6.489648964896489,12.979297929792978,1
6.495649564956494,12.991299129912989,1
6.5016501650165,13.003300330033,1
6.507650765076505,13.01530153015301,1
6.513651365136511,13.027302730273021,1
6.519651965196516,13.039303930393032,1
6.525652565256522,13.051305130513043,1
6.531653165316527,13.063306330633054,1
6.5376537653765325,13.075307530753065,1
6.543654365436538,13.087308730873076,1
6.549654965496551,13.099309930993101,1
6.555655565556556,13.111311131113112,1
6.5616561656165615,13.123312331233123,1
6.567656765676567,13.135313531353134,1
6.5736573657365724,13.147314731473145,1
6.579657965796578,13.159315931593156,1
6.585658565856583,13.171317131713167,1
6.591659165916589,13.183318331833178,1
6.597659765976594,13.195319531953189,1
6.6036603660366,13.2073207320732,1
6.609660966096605,13.21932193219321,1
6.615661566156611,13.231323132313221,1
6.621662166216616,13.243324332433232,1
6.627662766276629,13.255325532553258,1
6.633663366336634,13.267326732673268,1
6.63966396639664,13.27932793279328,1
6.645664566456645,13.29132913291329,1
6.651665166516651,13.303330333033301,1
6.657665766576656,13.315331533153312,1
6.663666366636662,13.327332733273323,1
6.669666966696667,13.339333933393334,1
6.6756675667566725,13.351335133513345,1
6.681668166816678,13.363336333633356,1
6.687668766876683,13.375337533753367,1
6.693669366936689,13.387338733873378,1
6.699669966996694,13.399339933993389,1
6.7056705670567,13.4113411341134,1
6.711671167116712,13.423342334233425,1
6.717671767176718,13.435343534353436,1
6.723672367236723,13.447344734473447,1
6.729672967296729,13.459345934593458,1
6.735673567356734,13.471347134713469,1
6.74167416741674,13.48334833483348,1
6.747674767476745,13.49534953495349,1
6.753675367536751,13.507350735073501,1
6.759675967596756,13.519351935193512,1
6.765676567656762,13.531353135313523,1
6.771677167716767,13.543354335433534,1
6.7776777677767726,13.555355535553545,1
6.783678367836778,13.567356735673556,1
6.789678967896791,13.579357935793581,1
6.795679567956796,13.591359135913592,1
6.8016801680168015,13.603360336033603,1
6.807680768076807,13.615361536153614,1
6.8136813681368125,13.627362736273625,1
6.819681968196818,13.639363936393636,1
6.825682568256823,13.651365136513647,1
6.831683168316829,13.663366336633658,1
6.837683768376834,13.675367536753669,1
6.84368436843684,13.68736873687368,1
6.849684968496845,13.69936993699369,1
6.855685568556851,13.711371137113701,1
6.861686168616856,13.723372337233712,1
6.867686768676862,13.735373537353723,1
6.873687368736874,13.747374737473748,1
6.87968796879688,13.75937593759376,1
6.885688568856885,13.77137713771377,1
6.891689168916891,13.783378337833781,1
6.897689768976896,13.795379537953792,1
6.903690369036902,13.807380738073803,1
6.909690969096907,13.819381938193814,1
6.9156915691569125,13.831383138313825,1
6.921692169216918,13.843384338433836,1
6.9276927692769235,13.855385538553847,1
6.933693369336929,13.867386738673858,1
6.939693969396934,13.879387938793869,1
6.94569456945694,13.89138913891388,1
6.951695169516952,13.903390339033905,1
6.957695769576958,13.915391539153916,1
6.963696369636963,13.927392739273927,1
6.969696969696969,13.939393939393938,1
6.975697569756974,13.951395139513949,1
6.98169816981698,13.96339633963396,1
6.987698769876985,13.97539753975397,1
6.993699369936991,13.987398739873981,1
6.999699969996996,13.999399939993992,1
7.005700570057002,14.011401140114003,1
7.011701170117007,14.023402340234014,1
7.017701770177013,14.035403540354025,1
7.023702370237018,14.047404740474036,1
7.029702970297031,14.059405940594061,1
7.035703570357036,14.071407140714072,1
7.0417041704170416,14.083408340834083,1
7.047704770477047,14.095409540954094,1
7.0537053705370525,14.107410741074105,1
7.059705970597058,14.119411941194116,1
7.065706570657063,14.131413141314127,1
7.071707170717069,14.143414341434138,1
7.077707770777074,14.155415541554149,1
7.08370837083708,14.16741674167416,1
7.089708970897085,14.17941794179417,1
7.095709570957091,14.191419141914182,1
7.101710171017096,14.203420342034192,1
7.107710771077102,14.215421542154203,1
7.113711371137114,14.227422742274229,1
7.11971197119712,14.23942394239424,1
7.125712571257125,14.25142514251425,1
7.131713171317131,14.263426342634261,1
7.137713771377136,14.275427542754272,1
7.143714371437142,14.287428742874283,1
7.149714971497147,14.299429942994294,1
7.1557155715571525,14.311431143114305,1
7.161716171617158,14.323432343234316,1
7.1677167716771635,14.335433543354327,1
7.173717371737169,14.347434743474338,1
7.179717971797174,14.359435943594349,1
7.18571857185718,14.37143714371436,1
7.1917191719171925,14.383438343834385,1
7.197719771977198,14.395439543954396,1
7.203720372037203,14.407440744074407,1
7.209720972097209,14.419441944194418,1
7.215721572157214,14.431443144314429,1
7.22172217221722,14.44344434443444,1
7.227722772277225,14.45544554455445,1
7.233723372337231,14.467446744674461,1
7.239723972397236,14.479447944794472,1
7.245724572457242,14.491449144914483,1
7.251725172517247,14.503450345034494,1
7.257725772577253,14.515451545154505,1
7.263726372637258,14.527452745274516,1
7.269726972697271,14.539453945394541,1
7.275727572757276,14.551455145514552,1
7.281728172817282,14.563456345634563,1
7.287728772877287,14.575457545754574,1
7.2937293729372925,14.587458745874585,1
7.299729972997298,14.599459945994596,1
7.3057305730573034,14.611461146114607,1
7.311731173117309,14.623462346234618,1
7.317731773177314,14.635463546354629,1
7.32373237323732,14.64746474647464,1
7.329732973297325,14.65946594659465,1
7.335733573357331,14.671467146714662,1
7.341734173417336,14.683468346834673,1
7.347734773477342,14.695469546954683,1
7.353735373537354,14.707470747074709,1
7.35973597359736,14.71947194719472,1
7.365736573657365,14.73147314731473,1
7.371737173717371,14.743474347434741,1
7.377737773777376,14.755475547554752,1
7.383738373837382,14.767476747674763,1
7.389738973897387,14.779477947794774,1
7.395739573957393,14.791479147914785,1
7.401740174017398,14.803480348034796,1
7.4077407740774035,14.815481548154807,1
7.413741374137409,14.827482748274818,1
7.419741974197414,14.839483948394829,1
7.42574257425742,14.85148514851484,1
7.4317431743174325,14.863486348634865,1
7.437743774377438,14.875487548754876,1
7.443744374437443,14.887488748874887,1
7.449744974497449,14.899489948994898,1
7.455745574557454,14.911491149114909,1
7.46174617461746,14.92349234923492,1
7.467746774677465,14.93549354935493,1
7.473747374737471,14.947494749474942,1
7.479747974797476,14.959495949594952,1
7.485748574857482,14.971497149714963,1
7.491749174917487,14.983498349834974,1
7.497749774977493,14.995499549954985,1
7.503750375037498,15.007500750074996,1
7.509750975097511,15.019501950195021,1
7.515751575157516,15.031503150315032,1
7.521752175217522,15.043504350435043,1
7.527752775277527,15.055505550555054,1
7.5337533753375325,15.067506750675065,1
7.539753975397538,15.079507950795076,1
7.5457545754575435,15.091509150915087,1
7.551755175517549,15.103510351035098,1
7.557755775577554,15.115511551155109,1
7.56375637563756,15.12751275127512,1
7.569756975697565,15.13951395139513,1
7.575757575757571,15.151515151515142,1
7.581758175817576,15.163516351635153,1
7.587758775877582,15.175517551755163,1
7.593759375937594,15.187518751875189,1
7.5997599759976,15.1995199519952,1
7.605760576057605,15.21152115211521,1
7.611761176117611,15.223522352235221,1
7.617761776177616,15.235523552355232,1
7.623762376237622,15.247524752475243,1
7.629762976297627,15.259525952595254,1
7.635763576357633,15.271527152715265,1
7.641764176417638,15.283528352835276,1
7.6477647764776435,15.295529552955287,1
7.653765376537649,15.307530753075298,1
7.6597659765976545,15.319531953195309,1
7.66576657665766,15.33153315331532,1
7.6717671767176725,15.343534353435345,1
7.677767776777678,15.355535553555356,1
7.683768376837683,15.367536753675367,1
7.689768976897689,15.379537953795378,1
7.695769576957694,15.391539153915389,1
7.7017701770177,15.4035403540354,1
7.707770777077705,15.41554155415541,1
7.713771377137711,15.427542754275422,1
7.719771977197716,15.439543954395432,1
7.725772577257722,15.451545154515443,1
7.731773177317727,15.463546354635454,1
7.737773777377733,15.475547554755465,1
7.743774377437738,15.487548754875476,1
7.749774977497751,15.499549954995501,1
7.755775577557756,15.511551155115512,1
7.761776177617762,15.523552355235523,1
7.767776777677767,15.535553555355534,1
7.7737773777377726,15.547554755475545,1
7.779777977797778,15.559555955595556,1
7.7857785778577835,15.571557155715567,1
7.791779177917789,15.583558355835578,1
7.797779777977794,15.595559555955589,1
7.8037803780378,15.6075607560756,1
7.809780978097805,15.61956195619561,1
7.815781578157811,15.631563156315622,1
7.821782178217816,15.643564356435633,1
7.827782778277822,15.655565556555644,1
7.833783378337834,15.667566756675669,1
7.83978397839784,15.67956795679568,1
7.845784578457845,15.69156915691569,1
7.851785178517851,15.703570357035701,1
7.857785778577856,15.715571557155712,1
7.863786378637862,15.727572757275723,1
7.869786978697867,15.739573957395734,1
7.875787578757873,15.751575157515745,1
7.881788178817878,15.763576357635756,1
7.8877887788778835,15.775577557755767,1
7.893789378937889,15.787578757875778,1
7.8997899789978945,15.799579957995789,1
7.9057905790579,15.8115811581158,1
7.9117911791179125,15.823582358235825,1
7.917791779177918,15.835583558355836,1
7.9237923792379235,15.847584758475847,1
7.929792979297929,15.859585958595858,1
7.935793579357934,15.871587158715869,1
7.94179417941794,15.88358835883588,1
7.947794779477945,15.89558955895589,1
7.953795379537951,15.907590759075902,1
7.959795979597956,15.919591959195913,1
7.965796579657962,15.931593159315923,1
7.971797179717967,15.943594359435934,1
7.977797779777973,15.955595559555945,1
7.983798379837978,15.967596759675956,1
7.989798979897991,15.979597959795981,1
7.995799579957996,15.991599159915992,1
8.001800180018002,16.003600360036003,1
8.007800780078007,16.015601560156014,1
8.013801380138013,16.027602760276025,1
8.019801980198018,16.039603960396036,1
8.025802580258024,16.051605160516047,1
8.031803180318029,16.063606360636058,1
8.037803780378034,16.07560756075607,1
8.04380438043804,16.08760876087608,1
8.049804980498045,16.09960996099609,1
8.05580558055805,16.1116111611161,1
8.061806180618056,16.123612361236113,1
8.067806780678062,16.135613561356124,1
8.073807380738074,16.14761476147615,1
8.07980798079808,16.15961596159616,1
8.085808580858085,16.17161716171617,1
8.09180918091809,16.18361836183618,1
8.097809780978096,16.195619561956192,1
8.103810381038102,16.207620762076203,1
8.109810981098107,16.219621962196214,1
8.115811581158113,16.231623162316225,1
8.121812181218118,16.243624362436236,1
8.127812781278124,16.255625562556247,1
8.133813381338129,16.267626762676258,1
8.139813981398135,16.27962796279627,1
8.14581458145814,16.29162916291628,1
8.151815181518153,16.303630363036305,1
8.157815781578158,16.315631563156316,1
8.163816381638163,16.327632763276327,1
8.169816981698169,16.339633963396338,1
8.175817581758174,16.35163516351635,1
8.18181818181818,16.36363636363636,1
8.187818781878185,16.37563756375637,1
8.19381938193819,16.38763876387638,1
8.199819981998196,16.399639963996393,1
8.205820582058202,16.411641164116404,1
8.211821182118207,16.423642364236414,1
8.217821782178213,16.435643564356425,1
8.223822382238218,16.447644764476436,1
8.22982298229823,16.45964596459646,1
8.235823582358236,16.471647164716472,1
8.241824182418242,16.483648364836483,1
8.247824782478247,16.495649564956494,1
8.253825382538253,16.507650765076505,1
8.259825982598258,16.519651965196516,1
8.265826582658264,16.531653165316527,1
8.271827182718269,16.543654365436538,1
8.277827782778274,16.55565556555655,1
8.28382838283828,16.56765676567656,1
8.289828982898285,16.57965796579657,1
8.29582958295829,16.59165916591658,1
8.301830183018296,16.603660366036593,1
8.307830783078302,16.615661566156604,1
8.313831383138314,16.62766276627663,1
8.31983198319832,16.63966396639664,1
8.325832583258325,16.65166516651665,1
8.33183318331833,16.66366636663666,1
8.337833783378336,16.675667566756672,1
8.343834383438342,16.687668766876683,1
8.349834983498347,16.699669966996694,1
8.355835583558353,16.711671167116705,1
8.361836183618358,16.723672367236716,1
8.367836783678364,16.735673567356727,1
8.373837383738369,16.747674767476738,1
8.379837983798375,16.75967596759675,1
8.38583858385838,16.77167716771676,1
8.391839183918393,16.783678367836785,1
8.397839783978398,16.795679567956796,1
8.403840384038403,16.807680768076807,1
8.409840984098409,16.819681968196818,1
8.415841584158414,16.83168316831683,1
8.42184218421842,16.84368436843684,1
8.427842784278425,16.85568556855685,1
8.43384338433843,16.86768676867686,1
8.439843984398436,16.879687968796873,1
8.445844584458442,16.891689168916884,1
8.451845184518447,16.903690369036894,1
8.457845784578453,16.915691569156905,1
8.463846384638458,16.927692769276916,1
8.46984698469847,16.93969396939694,1
8.475847584758476,16.951695169516952,1
8.481848184818482,16.963696369636963,1
8.487848784878487,16.975697569756974,1
8.493849384938493,16.987698769876985,1
8.499849984998498,16.999699969996996,1
8.505850585058504,17.011701170117007,1
8.511851185118509,17.023702370237018,1
8.517851785178514,17.03570357035703,1
8.52385238523852,17.04770477047704,1
8.529852985298525,17.05970597059705,1
8.535853585358531,17.071707170717062,1
8.541854185418536,17.083708370837073,1
8.547854785478542,17.095709570957084,1
8.553855385538554,17.10771077107711,1
8.55985598559856,17.11971197119712,1
8.565856585658565,17.13171317131713,1
8.57185718571857,17.14371437143714,1
8.577857785778576,17.155715571557153,1
8.583858385838582,17.167716771677163,1
8.589858985898587,17.179717971797174,1
8.595859585958593,17.191719171917185,1
8.601860186018598,17.203720372037196,1
8.607860786078604,17.215721572157207,1
8.613861386138609,17.227722772277218,1
8.619861986198615,17.23972397239723,1
8.62586258625862,17.25172517251724,1
8.631863186318633,17.263726372637265,1
8.637863786378638,17.275727572757276,1
8.643864386438644,17.287728772877287,1
8.649864986498649,17.299729972997298,1
8.655865586558654,17.31173117311731,1
8.66186618661866,17.32373237323732,1
8.667866786678665,17.33573357335733,1
8.67386738673867,17.34773477347734,1
8.679867986798676,17.359735973597353,1
8.685868586858682,17.371737173717364,1
8.691869186918687,17.383738373837375,1
8.697869786978693,17.395739573957385,1
8.703870387038698,17.407740774077396,1
8.70987098709871,17.41974197419742,1
8.715871587158716,17.431743174317432,1
8.721872187218722,17.443744374437443,1
8.727872787278727,17.455745574557454,1
8.733873387338733,17.467746774677465,1
8.739873987398738,17.479747974797476,1
8.745874587458744,17.491749174917487,1
8.751875187518749,17.503750375037498,1
8.757875787578755,17.51575157515751,1
8.76387638763876,17.52775277527752,1
8.769876987698765,17.53975397539753,1
8.775877587758771,17.551755175517542,1
8.781878187818776,17.563756375637553,1
8.787878787878782,17.575757575757564,1
8.793879387938794,17.58775877587759,1
8.7998799879988,17.5997599759976,1
8.805880588058805,17.61176117611761,1
8.81188118811881,17.62376237623762,1
8.817881788178816,17.635763576357633,1
8.823882388238822,17.647764776477644,1
8.829882988298827,17.659765976597654,1
8.835883588358833,17.671767176717665,1
8.841884188418838,17.683768376837676,1
8.847884788478844,17.695769576957687,1
8.853885388538849,17.707770777077698,1
8.859885988598855,17.71977197719771,1
8.86588658865886,17.73177317731772,1
8.871887188718873,17.743774377437745,1
8.877887788778878,17.755775577557756,1
8.883888388838884,17.767776777677767,1
8.889888988898889,17.779777977797778,1
8.895889588958894,17.79177917791779,1
8.9018901890189,17.8037803780378,1
8.907890789078905,17.81578157815781,1
8.91389138913891,17.82778277827782,1
8.919891989198916,17.839783978397833,1
8.925892589258922,17.851785178517844,1
8.931893189318927,17.863786378637855,1
8.937893789378933,17.875787578757866,1
8.943894389438938,17.887788778877876,1
8.94989498949895,17.8997899789979,1
8.955895589558956,17.911791179117913,1
8.961896189618962,17.923792379237923,1
8.967896789678967,17.935793579357934,1
8.973897389738973,17.947794779477945,1
8.979897989798978,17.959795979597956,1
8.985898589858984,17.971797179717967,1
8.991899189918989,17.983798379837978,1
8.997899789978995,17.99579957995799,1
9.003900390039,18.007800780078,1
9.009900990099005,18.01980198019801,1
9.015901590159011,18.031803180318022,1
9.021902190219016,18.043804380438033,1
9.027902790279022,18.055805580558044,1
9.033903390339034,18.06780678067807,1
9.03990399039904,18.07980798079808,1
9.045904590459045,18.09180918091809,1
9.05190519051905,18.1038103810381,1
9.057905790579056,18.115811581158113,1
9.063906390639062,18.127812781278124,1
9.069906990699067,18.139813981398135,1
9.075907590759073,18.151815181518145,1
9.081908190819078,18.163816381638156,1
9.087908790879084,18.175817581758167,1
9.09390939093909,18.18781878187818,1
9.099909990999095,18.19981998199819,1
9.1059105910591,18.2118211821182,1
9.111911191119113,18.223822382238225,1
9.117911791179118,18.235823582358236,1
9.123912391239124,18.247824782478247,1
9.129912991299129,18.259825982598258,1
9.135913591359135,18.27182718271827,1
9.14191419141914,18.28382838283828,1
9.147914791479145,18.29582958295829,1
9.153915391539151,18.307830783078302,1
9.159915991599156,18.319831983198313,1
9.165916591659162,18.331833183318324,1
9.171917191719167,18.343834383438335,1
9.177917791779173,18.355835583558346,1
9.183918391839178,18.367836783678356,1
9.18991899189919,18.37983798379838,1
9.195919591959196,18.391839183918393,1
9.201920192019202,18.403840384038403,1
9.207920792079207,18.415841584158414,1
9.213921392139213,18.427842784278425,1
9.219921992199218,18.439843984398436,1
9.225922592259224,18.451845184518447,1
9.231923192319229,18.463846384638458,1
9.237923792379235,18.47584758475847,1
9.24392439243924,18.48784878487848,1
9.249924992499245,18.49984998499849,1
9.255925592559251,18.511851185118502,1
9.261926192619256,18.523852385238513,1
9.267926792679262,18.535853585358524,1
9.273927392739274,18.54785478547855,1
9.27992799279928,18.55985598559856,1
9.285928592859285,18.57185718571857,1
9.29192919291929,18.58385838583858,1
9.297929792979296,18.595859585958593,1
9.303930393039302,18.607860786078604,1
9.309930993099307,18.619861986198615,1
9.315931593159313,18.631863186318625,1
9.321932193219318,18.643864386438636,1
9.327932793279324,18.655865586558647,1
9.33393339333933,18.66786678667866,1
9.339933993399335,18.67986798679867,1
9.34593459345934,18.69186918691868,1
9.351935193519353,18.703870387038705,1
9.357935793579358,18.715871587158716,1
9.363936393639364,18.727872787278727,1
9.369936993699369,18.739873987398738,1
9.375937593759375,18.75187518751875,1
9.38193819381938,18.76387638763876,1
9.387938793879385,18.77587758775877,1
9.393939393939391,18.787878787878782,1
9.399939993999396,18.799879987998793,1
9.405940594059402,18.811881188118804,1
9.411941194119407,18.823882388238815,1
9.417941794179413,18.835883588358826,1
9.423942394239418,18.847884788478837,1
9.42994299429943,18.85988598859886,1
9.435943594359436,18.871887188718873,1
9.441944194419442,18.883888388838884,1
9.447944794479447,18.895889588958894,1
9.453945394539453,18.907890789078905,1
9.459945994599458,18.919891989198916,1
9.465946594659464,18.931893189318927,1
9.471947194719469,18.943894389438938,1
9.477947794779475,18.95589558955895,1
9.48394839483948,18.96789678967896,1
9.489948994899486,18.97989798979897,1
9.495949594959491,18.991899189918982,1
9.501950195019496,19.003900390038993,1
9.507950795079502,19.015901590159004,1
9.513951395139514,19.02790279027903,1
9.51995199519952,19.03990399039904,1
9.525952595259525,19.05190519051905,1
9.531953195319531,19.063906390639062,1
9.537953795379536,19.075907590759073,1
9.543954395439542,19.087908790879084,1
9.549954995499547,19.099909990999095,1
9.555955595559553,19.111911191119106,1
9.561956195619558,19.123912391239116,1
9.567956795679564,19.135913591359127,1
9.57395739573957,19.14791479147914,1
9.579957995799575,19.15991599159915,1
9.58595859585958,19.17191719171916,1
9.591959195919593,19.183918391839185,1
9.597959795979598,19.195919591959196,1
9.603960396039604,19.207920792079207,1
9.609960996099609,19.219921992199218,1
9.615961596159615,19.23192319231923,1
9.62196219621962,19.24392439243924,1
9.627962796279625,19.25592559255925,1
9.633963396339631,19.267926792679262,1
9.639963996399636,19.279927992799273,1
9.645964596459642,19.291929192919284,1
9.651965196519647,19.303930393039295,1
9.657965796579653,19.315931593159306,1
9.663966396639658,19.327932793279317,1
9.66996699669967,19.33993399339934,1
9.675967596759676,19.351935193519353,1
9.681968196819682,19.363936393639364,1
9.687968796879687,19.375937593759375,1
9.693969396939693,19.387938793879385,1
9.699969996999698,19.399939993999396,1
9.705970597059704,19.411941194119407,1
9.71197119711971,19.42394239423942,1
9.717971797179715,19.43594359435943,1
9.72397239723972,19.44794479447944,1
9.729972997299726,19.45994599459945,1
9.735973597359731,19.471947194719462,1
9.741974197419736,19.483948394839473,1
9.747974797479742,19.495949594959484,1
9.753975397539755,19.50795079507951,1
9.75997599759976,19.51995199519952,1
9.765976597659765,19.53195319531953,1
9.771977197719771,19.543954395439542,1
9.777977797779776,19.555955595559553,1
9.783978397839782,19.567956795679564,1
9.789978997899787,19.579957995799575,1
9.795979597959793,19.591959195919586,1
9.801980198019798,19.603960396039597,1
9.807980798079804,19.615961596159607,1
9.81398139813981,19.62796279627962,1
9.819981998199815,19.63996399639963,1
9.82598259825982,19.65196519651964,1
9.831983198319833,19.663966396639665,1
9.837983798379838,19.675967596759676,1
9.843984398439844,19.687968796879687,1
9.849984998499849,19.699969996999698,1
9.855985598559855,19.71197119711971,1
9.86198619861986,19.72397239723972,1
9.867986798679866,19.73597359735973,1
9.873987398739871,19.747974797479742,1
9.879987998799876,19.759975997599753,1
9.885988598859882,19.771977197719764,1
9.891989198919887,19.783978397839775,1
9.897989798979893,19.795979597959786,1
9.903990399039898,19.807980798079797,1
9.90999099909991,19.81998199819982,1
9.915991599159916,19.831983198319833,1
9.921992199219922,19.843984398439844,1
9.927992799279927,19.855985598559855,1
9.933993399339933,19.867986798679866,1
9.939993999399938,19.879987998799876,1
9.945994599459944,19.891989198919887,1
9.95199519951995,19.9039903990399,1
9.957995799579955,19.91599159915991,1
9.96399639963996,19.92799279927992,1
9.969996999699966,19.93999399939993,1
9.975997599759971,19.951995199519942,1
9.981998199819976,19.963996399639953,1
9.987998799879982,19.975997599759964,1
9.993999399939995,19.98799879987999,1
10.0,20.0,1
10.006000600060005,20.01200120012001,1
10.012001200120011,20.024002400240022,1
10.018001800180016,20.036003600360033,1
10.024002400240022,20.048004800480044,1
10.030003000300027,20.060006000600055,1
10.036003600360033,20.072007200720066,1
10.042004200420038,20.084008400840077,1
10.048004800480044,20.096009600960087,1
10.05400540054005,20.1080108010801,1
10.060006000600055,20.12001200120011,1
10.06600660066006,20.13201320132012,1
10.072007200720073,20.144014401440145,1
10.078007800780078,20.156015601560156,1
10.084008400840084,20.168016801680167,1
10.09000900090009,20.18001800180018,1
10.096009600960095,20.19201920192019,1
10.1020102010201,20.2040204020402,1
10.108010801080106,20.21602160216021,1
10.114011401140111,20.228022802280222,1
10.120012001200116,20.240024002400233,1
10.126012601260122,20.252025202520244,1
10.132013201320127,20.264026402640255,1
10.138013801380133,20.276027602760266,1
10.144014401440138,20.288028802880277,1
10.150015001500144,20.300030003000288,1
10.156015601560156,20.312031203120313,1
10.162016201620162,20.324032403240324,1
10.168016801680167,20.336033603360335,1
10.174017401740173,20.348034803480346,1
10.180018001800178,20.360036003600356,1
10.186018601860184,20.372037203720367,1
10.19201920192019,20.38403840384038,1
10.198019801980195,20.39603960396039,1
10.2040204020402,20.4080408040804,1
10.210021002100206,20.42004200420041,1
10.216021602160211,20.432043204320422,1
10.222022202220217,20.444044404440433,1
10.228022802280222,20.456045604560444,1
10.234023402340235,20.46804680468047,1
10.24002400240024,20.48004800480048,1
10.246024602460245,20.49204920492049,1
10.252025202520251,20.504050405040502,1
10.258025802580256,20.516051605160513,1
10.264026402640262,20.528052805280524,1
10.270027002700267,20.540054005400535,1
10.276027602760273,20.552055205520546,1
10.282028202820278,20.564056405640557,1
10.288028802880284,20.576057605760568,1
10.29402940294029,20.58805880588058,1
10.300030003000295,20.60006000600059,1
10.3060306030603,20.6120612061206,1
10.312031203120313,20.624062406240625,1
10.318031803180318,20.636063606360636,1
10.324032403240324,20.648064806480647,1
10.33003300330033,20.66006600660066,1
10.336033603360335,20.67206720672067,1
10.34203420342034,20.68406840684068,1
10.348034803480346,20.69606960696069,1
10.354035403540351,20.708070807080702,1
10.360036003600356,20.720072007200713,1
10.366036603660362,20.732073207320724,1
10.372037203720367,20.744074407440735,1
10.378037803780373,20.756075607560746,1
10.384038403840378,20.768076807680757,1
10.390039003900384,20.780078007800768,1
10.396039603960396,20.792079207920793,1
10.402040204020402,20.804080408040804,1
10.408040804080407,20.816081608160815,1
10.414041404140413,20.828082808280826,1
10.420042004200418,20.840084008400837,1
10.426042604260424,20.852085208520847,1
10.43204320432043,20.86408640864086,1
10.438043804380435,20.87608760876087,1
10.44404440444044,20.88808880888088,1
10.450045004500446,20.90009000900089,1
10.456045604560451,20.912091209120902,1
10.462046204620457,20.924092409240913,1
10.468046804680462,20.936093609360924,1
10.474047404740475,20.94809480948095,1
10.48004800480048,20.96009600960096,1
10.486048604860486,20.97209720972097,1
10.492049204920491,20.984098409840982,1
10.498049804980496,20.996099609960993,1
10.504050405040502,21.008100810081004,1
10.510051005100507,21.020102010201015,1
10.516051605160513,21.032103210321026,1
10.522052205220518,21.044104410441037,1
10.528052805280524,21.056105610561048,1
10.53405340534053,21.06810681068106,1
10.540054005400535,21.08010801080107,1
10.54605460546054,21.09210921092108,1
10.552055205520553,21.104110411041106,1
10.558055805580558,21.116111611161116,1
10.564056405640564,21.128112811281127,1
10.57005700570057,21.14011401140114,1
10.576057605760575,21.15211521152115,1
10.58205820582058,21.16411641164116,1
10.588058805880586,21.17611761176117,1
10.594059405940591,21.188118811881182,1
10.600060006000597,21.200120012001193,1
10.606060606060602,21.212121212121204,1
10.612061206120607,21.224122412241215,1
10.618061806180613,21.236123612361226,1
10.624062406240618,21.248124812481237,1
10.630063006300624,21.260126012601248,1
10.636063606360636,21.272127212721273,1
10.642064206420642,21.284128412841284,1
10.648064806480647,21.296129612961295,1
10.654065406540653,21.308130813081306,1
10.660066006600658,21.320132013201317,1
10.666066606660664,21.332133213321328,1
10.67206720672067,21.34413441344134,1
10.678067806780675,21.35613561356135,1
10.68406840684068,21.36813681368136,1
10.690069006900686,21.38013801380137,1
10.696069606960691,21.392139213921382,1
10.702070207020697,21.404140414041393,1
10.708070807080702,21.416141614161404,1
10.714071407140715,21.42814281428143,1
10.72007200720072,21.44014401440144,1
10.726072607260726,21.45214521452145,1
10.732073207320731,21.464146414641462,1
10.738073807380736,21.476147614761473,1
10.744074407440742,21.488148814881484,1
10.750075007500747,21.500150015001495,1
10.756075607560753,21.512151215121506,1
10.762076207620758,21.524152415241517,1
10.768076807680764,21.536153615361528,1
10.77407740774077,21.54815481548154,1
10.780078007800775,21.56015601560155,1
10.78607860786078,21.57215721572156,1
10.792079207920793,21.584158415841586,1
10.798079807980798,21.596159615961597,1
10.804080408040804,21.608160816081607,1
10.81008100810081,21.62016201620162,1
10.816081608160815,21.63216321632163,1
10.82208220822082,21.64416441644164,1
10.828082808280826,21.65616561656165,1
10.834083408340831,21.668166816681662,1
10.840084008400837,21.680168016801673,1
10.846084608460842,21.692169216921684,1
10.852085208520847,21.704170417041695,1
10.858085808580853,21.716171617161706,1
10.864086408640858,21.728172817281717,1
10.870087008700864,21.740174017401728,1
10.876087608760876,21.752175217521753,1
10.882088208820882,21.764176417641764,1
10.888088808880887,21.776177617761775,1
10.894089408940893,21.788178817881786,1
10.900090009000898,21.800180018001797,1
10.906090609060904,21.812181218121808,1
10.91209120912091,21.82418241824182,1
10.918091809180915,21.83618361836183,1
10.92409240924092,21.84818481848184,1
10.930093009300926,21.86018601860185,1
10.936093609360931,21.872187218721862,1
10.942094209420937,21.884188418841873,1
10.948094809480942,21.896189618961884,1
10.954095409540955,21.90819081908191,1
10.96009600960096,21.92019201920192,1
10.966096609660966,21.93219321932193,1
10.972097209720971,21.944194419441942,1
10.978097809780976,21.956195619561953,1
10.984098409840982,21.968196819681964,1
10.990099009900987,21.980198019801975,1
10.996099609960993,21.992199219921986,1
11.002100210020998,22.004200420041997,1
11.008100810081004,22.016201620162008,1
11.01410141014101,22.02820282028202,1
11.020102010201015,22.04020402040203,1
11.02610261026102,22.05220522052204,1
11.032103210321033,22.064206420642066,1
11.038103810381038,22.076207620762077,1
11.044104410441044,22.088208820882087,1
11.05010501050105,22.1002100210021,1
11.056105610561055,22.11221122112211,1
11.06210621062106,22.12421242124212,1
11.068106810681066,22.13621362136213,1
11.074107410741071,22.148214821482142,1
11.080108010801077,22.160216021602153,1
11.086108610861082,22.172217221722164,1
11.092109210921087,22.184218421842175,1
11.098109810981093,22.196219621962186,1
11.104110411041098,22.208220822082197,1
11.110111011101104,22.220222022202208,1
11.116111611161116,22.232223222322233,1
11.122112211221122,22.244224422442244,1
11.128112811281127,22.256225622562255,1
11.134113411341133,22.268226822682266,1
11.140114011401138,22.280228022802277,1
11.146114611461144,22.292229222922288,1
11.15211521152115,22.3042304230423,1
11.158115811581155,22.31623162316231,1
11.16411641164116,22.32823282328232,1
11.170117011701166,22.34023402340233,1
11.176117611761171,22.352235223522342,1
11.182118211821177,22.364236423642353,1
11.188118811881182,22.376237623762364,1
11.194119411941195,22.38823882388239,1
11.2001200120012,22.4002400240024,1
11.206120612061206,22.41224122412241,1
11.212121212121211,22.424242424242422,1
11.218121812181217,22.436243624362433,1
11.224122412241222,22.448244824482444,1
11.230123012301227,22.460246024602455,1
11.236123612361233,22.472247224722466,1
11.242124212421238,22.484248424842477,1
11.248124812481244,22.496249624962488,1
11.25412541254125,22.5082508250825,1
11.260126012601255,22.52025202520251,1
11.26612661266126,22.53225322532252,1
11.272127212721273,22.544254425442546,1
11.278127812781278,22.556255625562557,1
11.284128412841284,22.568256825682568,1
11.29012901290129,22.58025802580258,1
11.296129612961295,22.59225922592259,1
11.3021302130213,22.6042604260426,1
11.308130813081306,22.61626162616261,1
11.314131413141311,22.628262826282622,1
11.320132013201317,22.640264026402633,1
11.326132613261322,22.652265226522644,1
11.332133213321328,22.664266426642655,1
11.338133813381333,22.676267626762666,1
11.344134413441338,22.688268826882677,1
11.350135013501344,22.700270027002688,1
11.356135613561356,22.712271227122713,1
11.362136213621362,22.724272427242724,1
11.368136813681367,22.736273627362735,1
11.374137413741373,22.748274827482746,1
11.380138013801378,22.760276027602757,1
11.386138613861384,22.772277227722768,1
11.39213921392139,22.78427842784278,1
11.398139813981395,22.79627962796279,1
11.4041404140414,22.8082808280828,1
11.410141014101406,22.82028202820281,1
11.416141614161411,22.832283228322822,1
11.422142214221417,22.844284428442833,1
11.428142814281422,22.856285628562844,1
11.434143414341435,22.86828682868287,1
11.44014401440144,22.88028802880288,1
11.446144614461446,22.89228922892289,1
11.452145214521451,22.904290429042902,1
11.458145814581457,22.916291629162913,1
11.464146414641462,22.928292829282924,1
11.470147014701467,22.940294029402935,1
11.476147614761473,22.952295229522946,1
11.482148214821478,22.964296429642957,1
11.488148814881484,22.976297629762968,1
11.49414941494149,22.98829882988298,1
11.500150015001495,23.00030003000299,1
11.5061506150615,23.012301230123,1
11.512151215121513,23.024302430243026,1
11.518151815181518,23.036303630363037,1
11.524152415241524,23.048304830483048,1
11.53015301530153,23.06030603060306,1
11.536153615361535,23.07230723072307,1
11.54215421542154,23.08430843084308,1
11.548154815481546,23.09630963096309,1
11.554155415541551,23.108310831083102,1
11.560156015601557,23.120312031203113,1
11.566156615661562,23.132313231323124,1
11.572157215721568,23.144314431443135,1
11.578157815781573,23.156315631563146,1
11.584158415841578,23.168316831683157,1
11.590159015901584,23.180318031803168,1
11.596159615961597,23.192319231923193,1
11.602160216021602,23.204320432043204,1
11.608160816081607,23.216321632163215,1
11.614161416141613,23.228322832283226,1
11.620162016201618,23.240324032403237,1
11.626162616261624,23.252325232523248,1
11.63216321632163,23.26432643264326,1
11.638163816381635,23.27632763276327,1
11.64416441644164,23.28832883288328,1
11.650165016501646,23.30033003300329,1
11.656165616561651,23.312331233123302,1
11.662166216621657,23.324332433243313,1
11.668166816681662,23.336333633363324,1
11.674167416741675,23.34833483348335,1
11.68016801680168,23.36033603360336,1
11.686168616861686,23.37233723372337,1
11.692169216921691,23.384338433843382,1
11.698169816981697,23.396339633963393,1
11.704170417041702,23.408340834083404,1
11.710171017101707,23.420342034203415,1
11.716171617161713,23.432343234323426,1
11.722172217221718,23.444344434443437,1
11.728172817281724,23.456345634563448,1
11.73417341734173,23.46834683468346,1
11.740174017401735,23.48034803480347,1
11.74617461746174,23.49234923492348,1
11.752175217521753,23.504350435043506,1
11.758175817581758,23.516351635163517,1
11.764176417641764,23.528352835283528,1
11.77017701770177,23.54035403540354,1
11.776177617761775,23.55235523552355,1
11.78217821782178,23.56435643564356,1
11.788178817881786,23.57635763576357,1
11.794179417941791,23.588358835883582,1
11.800180018001797,23.600360036003593,1
11.806180618061802,23.612361236123604,1
11.812181218121808,23.624362436243615,1
11.818181818181813,23.636363636363626,1
11.824182418241818,23.648364836483637,1
11.830183018301824,23.660366036603648,1
11.836183618361837,23.672367236723673,1
11.842184218421842,23.684368436843684,1
11.848184818481847,23.696369636963695,1
11.854185418541853,23.708370837083706,1
11.860186018601858,23.720372037203717,1
11.866186618661864,23.732373237323728,1
11.87218721872187,23.74437443744374,1
11.878187818781875,23.75637563756375,1
11.88418841884188,23.76837683768376,1
11.890189018901886,23.78037803780377,1
11.896189618961891,23.792379237923782,1
11.902190219021897,23.804380438043793,1
11.908190819081902,23.816381638163804,1
11.914191419141915,23.82838283828383,1
11.92019201920192,23.84038403840384,1
11.926192619261926,23.85238523852385,1
11.932193219321931,23.864386438643862,1
11.938193819381937,23.876387638763873,1
11.944194419441942,23.888388838883884,1
11.950195019501948,23.900390039003895,1
11.956195619561953,23.912391239123906,1
11.962196219621958,23.924392439243917,1
11.968196819681964,23.936393639363928,1
11.97419741974197,23.94839483948394,1
11.980198019801975,23.96039603960395,1
11.98619861986198,23.97239723972396,1
11.992199219921993,23.984398439843986,1
11.998199819981998,23.996399639963997,1
12.004200420042004,24.008400840084008,1
12.01020102010201,24.02040204020402,1
12.016201620162015,24.03240324032403,1
12.02220222022202,24.04440444044404,1
12.028202820282026,24.05640564056405,1
12.034203420342031,24.068406840684062,1
12.040204020402037,24.080408040804073,1
12.046204620462042,24.092409240924084,1
12.052205220522048,24.104410441044095,1
12.058205820582053,24.116411641164106,1
12.064206420642059,24.128412841284117,1
12.070207020702064,24.140414041404128,1
12.076207620762077,24.152415241524153,1
12.082208220822082,24.164416441644164,1
12.088208820882087,24.176417641764175,1
12.094209420942093,24.188418841884186,1
12.100210021002098,24.200420042004197,1
12.106210621062104,24.212421242124208,1
12.11221122112211,24.22442244224422,1
12.118211821182115,24.23642364236423,1
12.12421242124212,24.24842484248424,1
12.130213021302126,24.26042604260425,1
12.136213621362131,24.272427242724262,1
12.142214221422137,24.284428442844273,1
12.148214821482142,24.296429642964284,1
12.154215421542155,24.30843084308431,1
12.16021602160216,24.32043204320432,1
12.166216621662166,24.33243324332433,1
12.172217221722171,24.344434443444342,1
12.178217821782177,24.356435643564353,1
12.184218421842182,24.368436843684364,1
12.190219021902188,24.380438043804375,1
12.196219621962193,24.392439243924386,1
12.202220222022198,24.404440444044397,1
12.208220822082204,24.416441644164408,1
12.21422142214221,24.42844284428442,1
12.220222022202215,24.44044404440443,1
12.22622262226222,24.45244524452444,1
12.232223222322233,24.464446444644466,1
12.238223822382238,24.476447644764477,1
12.244224422442244,24.488448844884488,1
12.25022502250225,24.5004500450045,1
12.256225622562255,24.51245124512451,1
12.26222622262226,24.52445244524452,1
12.268226822682266,24.53645364536453,1
12.274227422742271,24.548454845484542,1
12.280228022802277,24.560456045604553,1
12.286228622862282,24.572457245724564,1
12.292229222922288,24.584458445844575,1
12.298229822982293,24.596459645964586,1
12.304230423042299,24.608460846084597,1
12.310231023102304,24.620462046204608,1
12.316231623162317,24.632463246324633,1
12.322232223222322,24.644464446444644,1
12.328232823282328,24.656465646564655,1
12.334233423342333,24.668466846684666,1
12.340234023402338,24.680468046804677,1
12.346234623462344,24.692469246924688,1
12.35223522352235,24.7044704470447,1
12.358235823582355,24.71647164716471,1
12.36423642364236,24.72847284728472,1
12.370237023702366,24.74047404740473,1
12.376237623762371,24.752475247524742,1
12.382238223822377,24.764476447644753,1
12.388238823882382,24.776477647764764,1
12.394239423942395,24.78847884788479,1
12.4002400240024,24.8004800480048,1
12.406240624062406,24.81248124812481,1
12.412241224122411,24.824482448244822,1
12.418241824182417,24.836483648364833,1
12.424242424242422,24.848484848484844,1
12.430243024302428,24.860486048604855,1
12.436243624362433,24.872487248724866,1
12.442244224422438,24.884488448844877,1
12.448244824482444,24.896489648964888,1
12.45424542454245,24.9084908490849,1
12.460246024602455,24.92049204920491,1
12.46624662466246,24.93249324932492,1
12.472247224722473,24.944494449444946,1
12.478247824782478,24.956495649564957,1
12.484248424842484,24.968496849684968,1
12.49024902490249,24.98049804980498,1
12.496249624962495,24.99249924992499,1
12.5022502250225,25.004500450045,1
12.508250825082506,25.01650165016501,1
12.514251425142511,25.028502850285022,1
12.520252025202517,25.040504050405033,1
12.526252625262522,25.052505250525044,1
12.532253225322528,25.064506450645055,1
12.538253825382533,25.076507650765066,1
12.544254425442539,25.088508850885077,1
12.550255025502544,25.100510051005088,1
12.556255625562557,25.112511251125113,1
12.562256225622562,25.124512451245124,1
12.568256825682568,25.136513651365135,1
12.574257425742573,25.148514851485146,1
12.580258025802578,25.160516051605157,1
12.586258625862584,25.172517251725168,1
12.59225922592259,25.18451845184518,1
12.598259825982595,25.19651965196519,1
12.6042604260426,25.2085208520852,1
12.610261026102606,25.22052205220521,1
12.616261626162611,25.232523252325223,1
12.622262226222617,25.244524452445233,1
12.628262826282622,25.256525652565244,1
12.634263426342635,25.26852685268527,1
12.64026402640264,25.28052805280528,1
12.646264626462646,25.29252925292529,1
12.652265226522651,25.304530453045302,1
12.658265826582657,25.316531653165313,1
12.664266426642662,25.328532853285324,1
12.670267026702668,25.340534053405335,1
12.676267626762673,25.352535253525346,1
12.682268226822679,25.364536453645357,1
12.688268826882684,25.376537653765368,1
12.69426942694269,25.38853885388538,1
12.700270027002695,25.40054005400539,1
12.7062706270627,25.4125412541254,1
12.712271227122713,25.424542454245426,1
12.718271827182718,25.436543654365437,1
12.724272427242724,25.448544854485448,1
12.73027302730273,25.46054605460546,1
12.736273627362735,25.47254725472547,1
12.74227422742274,25.48454845484548,1
12.748274827482746,25.49654965496549,1
12.754275427542751,25.508550855085502,1
12.760276027602757,25.520552055205513,1
12.766276627662762,25.532553255325524,1
12.772277227722768,25.544554455445535,1
12.778277827782773,25.556555655565546,1
12.784278427842779,25.568556855685557,1
12.790279027902784,25.580558055805568,1
12.796279627962797,25.592559255925593,1
12.802280228022802,25.604560456045604,1
12.808280828082808,25.616561656165615,1
12.814281428142813,25.628562856285626,1
12.820282028202818,25.640564056405637,1
12.826282628262824,25.652565256525648,1
12.83228322832283,25.66456645664566,1
12.838283828382835,25.67656765676567,1
12.84428442844284,25.68856885688568,1
12.850285028502846,25.70057005700569,1
12.856285628562851,25.712571257125703,1
12.862286228622857,25.724572457245714,1
12.868286828682862,25.736573657365724,1
12.874287428742875,25.74857485748575,1
12.88028802880288,25.76057605760576,1
12.886288628862886,25.77257725772577,1
12.892289228922891,25.784578457845782,1
12.898289828982897,25.796579657965793,1
12.904290429042902,25.808580858085804,1
12.910291029102908,25.820582058205815,1
12.916291629162913,25.832583258325826,1
12.922292229222919,25.844584458445837,1
12.928292829282924,25.856585658565848,1
12.93429342934293,25.86858685868586,1
12.940294029402935,25.88058805880587,1
12.94629462946294,25.89258925892588,1
12.952295229522953,25.904590459045906,1
12.958295829582958,25.916591659165917,1
12.964296429642964,25.928592859285928,1
12.97029702970297,25.94059405940594,1
12.976297629762975,25.95259525952595,1
12.98229822982298,25.96459645964596,1
12.988298829882986,25.97659765976597,1
12.994299429942991,25.988598859885983,1
13.000300030002997,26.000600060005993,1
13.006300630063002,26.012601260126004,1
13.012301230123008,26.024602460246015,1
13.018301830183013,26.036603660366026,1
13.024302430243019,26.048604860486037,1
13.030303030303024,26.060606060606048,1
13.036303630363037,26.072607260726073,1
13.042304230423042,26.084608460846084,1
13.048304830483048,26.096609660966095,1
13.054305430543053,26.108610861086106,1
13.060306030603059,26.120612061206117,1
13.066306630663064,26.132613261326128,1
13.07230723072307,26.14461446144614,1
13.078307830783075,26.15661566156615,1
13.08430843084308,26.16861686168616,1
13.090309030903086,26.18061806180617,1
13.096309630963091,26.192619261926183,1
13.102310231023097,26.204620462046194,1
13.108310831083102,26.216621662166204,1
13.114311431143115,26.22862286228623,1
13.12031203120312,26.24062406240624,1
13.126312631263126,26.25262526252625,1
13.132313231323131,26.264626462646262,1
13.138313831383137,26.276627662766273,1
13.144314431443142,26.288628862886284,1
13.150315031503148,26.300630063006295,1
13.156315631563153,26.312631263126306,1
13.162316231623159,26.324632463246317,1
13.168316831683164,26.336633663366328,1
13.17431743174317,26.34863486348634,1
13.180318031803175,26.36063606360635,1
13.18631863186318,26.37263726372636,1
13.192319231923186,26.384638463846372,1
13.198319831983198,26.396639663966397,1
13.204320432043204,26.408640864086408,1
13.21032103210321,26.42064206420642,1
13.216321632163215,26.43264326432643,1
13.22232223222322,26.44464446444644,1
13.228322832283226,26.45664566456645,1
13.234323432343231,26.468646864686463,1
13.240324032403237,26.480648064806473,1
13.246324632463242,26.492649264926484,1
13.252325232523248,26.504650465046495,1
13.258325832583253,26.516651665166506,1
13.264326432643259,26.528652865286517,1
13.270327032703264,26.540654065406528,1
13.276327632763277,26.552655265526553,1
13.282328232823282,26.564656465646564,1
13.288328832883288,26.576657665766575,1
13.294329432943293,26.588658865886586,1
13.300330033003299,26.600660066006597,1
13.306330633063304,26.612661266126608,1
13.31233123312331,26.62466246624662,1
13.318331833183315,26.63666366636663,1
13.32433243324332,26.64866486648664,1
13.330333033303326,26.66066606660665,1
13.336333633363331,26.672667266726663,1
13.342334233423337,26.684668466846674,1
13.348334833483342,26.696669666966685,1
13.354335433543355,26.70867086708671,1
13.36033603360336,26.72067206720672,1
13.366336633663366,26.73267326732673,1
13.372337233723371,26.744674467446742,1
13.378337833783377,26.756675667566753,1
13.384338433843382,26.768676867686764,1
13.390339033903388,26.780678067806775,1
13.396339633963393,26.792679267926786,1
13.402340234023399,26.804680468046797,1
13.408340834083404,26.816681668166808,1
13.41434143414341,26.82868286828682,1
13.420342034203415,26.84068406840683,1
13.42634263426342,26.85268526852684,1
13.432343234323426,26.864686468646852,1
13.438343834383438,26.876687668766877,1
13.444344434443444,26.888688868886888,1
13.45034503450345,26.9006900690069,1
13.456345634563455,26.91269126912691,1
13.46234623462346,26.92469246924692,1
13.468346834683466,26.93669366936693,1
13.474347434743471,26.948694869486943,1
13.480348034803477,26.960696069606954,1
13.486348634863482,26.972697269726964,1
13.492349234923488,26.984698469846975,1
13.498349834983493,26.996699669966986,1
13.504350435043499,27.008700870086997,1
13.510351035103504,27.020702070207008,1
13.516351635163517,27.032703270327033,1
13.522352235223522,27.044704470447044,1
13.528352835283528,27.056705670567055,1
13.534353435343533,27.068706870687066,1
13.540354035403539,27.080708070807077,1
13.546354635463544,27.092709270927088,1
13.55235523552355,27.1047104710471,1
13.558355835583555,27.11671167116711,1
13.56435643564356,27.12871287128712,1
13.570357035703566,27.14071407140713,1
13.576357635763571,27.152715271527143,1
13.582358235823577,27.164716471647154,1
13.588358835883582,27.176717671767165,1
13.594359435943595,27.18871887188719,1
13.6003600360036,27.2007200720072,1
13.606360636063606,27.21272127212721,1
13.612361236123611,27.224722472247223,1
13.618361836183617,27.236723672367233,1
13.624362436243622,27.248724872487244,1
13.630363036303628,27.260726072607255,1
13.636363636363633,27.272727272727266,1
13.642364236423639,27.284728472847277,1
13.648364836483644,27.296729672967288,1
13.65436543654365,27.3087308730873,1
13.660366036603655,27.32073207320731,1
13.66636663666366,27.33273327332732,1
13.672367236723666,27.344734473447332,1
13.678367836783679,27.356735673567357,1
13.684368436843684,27.368736873687368,1
13.69036903690369,27.38073807380738,1
13.696369636963695,27.39273927392739,1
13.7023702370237,27.4047404740474,1
13.708370837083706,27.41674167416741,1
13.714371437143711,27.428742874287423,1
13.720372037203717,27.440744074407434,1
13.726372637263722,27.452745274527445,1
13.732373237323728,27.464746474647455,1
13.738373837383733,27.476747674767466,1
13.744374437443739,27.488748874887477,1
13.750375037503744,27.50075007500749,1
13.756375637563757,27.512751275127513,1
13.762376237623762,27.524752475247524,1
13.768376837683768,27.536753675367535,1
13.774377437743773,27.548754875487546,1
13.780378037803779,27.560756075607557,1
13.786378637863784,27.572757275727568,1
13.79237923792379,27.58475847584758,1
13.798379837983795,27.59675967596759,1
13.8043804380438,27.6087608760876,1
13.810381038103806,27.620762076207612,1
13.816381638163811,27.632763276327623,1
13.822382238223817,27.644764476447634,1
13.828382838283822,27.656765676567645,1
13.834383438343835,27.66876687668767,1
13.84038403840384,27.68076807680768,1
13.846384638463846,27.69276927692769,1
13.852385238523851,27.704770477047703,1
13.858385838583857,27.716771677167714,1
13.864386438643862,27.728772877287724,1
13.870387038703868,27.740774077407735,1
13.876387638763873,27.752775277527746,1
13.882388238823879,27.764776477647757,1
13.888388838883884,27.776777677767768,1
13.89438943894389,27.78877887788778,1
13.900390039003895,27.80078007800779,1
13.9063906390639,27.8127812781278,1
13.912391239123906,27.824782478247812,1
13.918391839183919,27.836783678367837,1
13.924392439243924,27.848784878487848,1
13.93039303930393,27.86078607860786,1
13.936393639363935,27.87278727872787,1
13.94239423942394,27.88478847884788,1
13.948394839483946,27.89678967896789,1
13.954395439543951,27.908790879087903,1
13.960396039603957,27.920792079207914,1
13.966396639663962,27.932793279327925,1
13.972397239723968,27.944794479447935,1
13.978397839783973,27.956795679567946,1
13.984398439843979,27.968796879687957,1
13.990399039903984,27.98079807980797,1
13.996399639963997,27.992799279927993,1
14.002400240024002,28.004800480048004,1
14.008400840084008,28.016801680168015,1
14.014401440144013,28.028802880288026,1
14.020402040204019,28.040804080408037,1
14.026402640264024,28.052805280528048,1
14.03240324032403,28.06480648064806,1
14.038403840384035,28.07680768076807,1
14.04440444044404,28.08880888088808,1
14.050405040504046,28.100810081008092,1
14.056405640564051,28.112811281128103,1
14.062406240624057,28.124812481248114,1
14.068406840684062,28.136813681368125,1
14.074407440744075,28.14881488148815,1
14.08040804080408,28.16081608160816,1
14.086408640864086,28.17281728172817,1
14.092409240924091,28.184818481848183,1
14.098409840984097,28.196819681968194,1
14.104410441044102,28.208820882088204,1
14.110411041104108,28.220822082208215,1
14.116411641164113,28.232823282328226,1
14.122412241224119,28.244824482448237,1
14.128412841284124,28.25682568256825,1
14.13441344134413,28.26882688268826,1
14.140414041404135,28.28082808280827,1
14.14641464146414,28.29282928292828,1
14.152415241524146,28.304830483048292,1
14.158415841584159,28.316831683168317,1
14.164416441644164,28.328832883288328,1
14.17041704170417,28.34083408340834,1
14.176417641764175,28.35283528352835,1
14.18241824182418,28.36483648364836,1
14.188418841884186,28.376837683768372,1
14.194419441944191,28.388838883888383,1
14.200420042004197,28.400840084008394,1
14.206420642064202,28.412841284128405,1
14.212421242124208,28.424842484248416,1
14.218421842184213,28.436843684368426,1
14.224422442244219,28.448844884488437,1
14.230423042304224,28.46084608460845,1
14.236423642364237,28.472847284728473,1
14.242424242424242,28.484848484848484,1
14.248424842484248,28.496849684968495,1
14.254425442544253,28.508850885088506,1
14.260426042604259,28.520852085208517,1
14.266426642664264,28.532853285328528,1
14.27242724272427,28.54485448544854,1
14.278427842784275,28.55685568556855,1
14.28442844284428,28.56885688568856,1
14.290429042904286,28.580858085808572,1
14.296429642964291,28.592859285928583,1
14.302430243024297,28.604860486048594,1
14.308430843084302,28.616861686168605,1
14.314431443144315,28.62886288628863,1
14.32043204320432,28.64086408640864,1
14.326432643264326,28.65286528652865,1
14.332433243324331,28.664866486648663,1
14.338433843384337,28.676867686768674,1
14.344434443444342,28.688868886888685,1
14.350435043504348,28.700870087008695,1
14.356435643564353,28.712871287128706,1
14.362436243624359,28.724872487248717,1
14.368436843684364,28.73687368736873,1
14.37443744374437,28.74887488748874,1
14.380438043804375,28.76087608760875,1
14.38643864386438,28.77287728772876,1
14.392439243924386,28.784878487848772,1
14.398439843984399,28.796879687968797,1
14.404440444044404,28.808880888088808,1
14.41044104410441,28.82088208820882,1
14.416441644164415,28.83288328832883,1
14.42244224422442,28.84488448844884,1
14.428442844284426,28.856885688568852,1
14.434443444344431,28.868886888688863,1
14.440444044404437,28.880888088808874,1
14.446444644464442,28.892889288928885,1
14.452445244524448,28.904890489048896,1
14.458445844584453,28.916891689168907,1
14.464446444644459,28.928892889288917,1
14.470447044704464,28.94089408940893,1
14.476447644764477,28.952895289528954,1
14.482448244824482,28.964896489648964,1
14.488448844884488,28.976897689768975,1
14.494449444944493,28.988898889888986,1
14.500450045004499,29.000900090008997,1
14.506450645064504,29.012901290129008,1
14.51245124512451,29.02490249024902,1
14.518451845184515,29.03690369036903,1
14.52445244524452,29.04890489048904,1
14.530453045304526,29.060906090609052,1
14.536453645364531,29.072907290729063,1
14.542454245424537,29.084908490849074,1
14.548454845484542,29.096909690969085,1
14.554455445544555,29.10891089108911,1
14.56045604560456,29.12091209120912,1
14.566456645664566,29.13291329132913,1
14.572457245724571,29.144914491449143,1
14.578457845784577,29.156915691569154,1
14.584458445844582,29.168916891689165,1
14.590459045904588,29.180918091809176,1
14.596459645964593,29.192919291929186,1
14.602460246024599,29.204920492049197,1
14.608460846084604,29.21692169216921,1
14.61446144614461,29.22892289228922,1
14.620462046204615,29.24092409240923,1
14.62646264626462,29.25292529252924,1
14.632463246324626,29.264926492649252,1
14.638463846384639,29.276927692769277,1
14.644464446444644,29.288928892889288,1
14.65046504650465,29.3009300930093,1
14.656465646564655,29.31293129312931,1
14.66246624662466,29.32493249324932,1
14.668466846684666,29.336933693369332,1
14.674467446744671,29.348934893489343,1
14.680468046804677,29.360936093609354,1
14.686468646864682,29.372937293729365,1
14.692469246924688,29.384938493849376,1
14.698469846984693,29.396939693969387,1
14.704470447044699,29.408940894089397,1
14.710471047104704,29.42094209420941,1
14.716471647164717,29.432943294329434,1
14.722472247224722,29.444944494449445,1
14.728472847284728,29.456945694569455,1
14.734473447344733,29.468946894689466,1
14.740474047404739,29.480948094809477,1
14.746474647464744,29.49294929492949,1
14.75247524752475,29.5049504950495,1
14.758475847584755,29.51695169516951,1
14.76447644764476,29.52895289528952,1
14.770477047704766,29.540954095409532,1
14.776477647764771,29.552955295529543,1
14.782478247824777,29.564956495649554,1
14.788478847884782,29.576957695769565,1
14.794479447944795,29.58895889588959,1
14.8004800480048,29.6009600960096,1
14.806480648064806,29.612961296129612,1
14.812481248124811,29.624962496249623,1
14.818481848184817,29.636963696369634,1
14.824482448244822,29.648964896489645,1
14.830483048304828,29.660966096609656,1
14.836483648364833,29.672967296729666,1
14.842484248424839,29.684968496849677,1
14.848484848484844,29.69696969696969,1
14.85448544854485,29.7089708970897,1
14.860486048604855,29.72097209720971,1
14.86648664866486,29.73297329732972,1
14.872487248724866,29.744974497449732,1
14.878487848784879,29.756975697569757,1
14.884488448844884,29.768976897689768,1
14.89048904890489,29.78097809780978,1
14.896489648964895,29.79297929792979,1
14.9024902490249,29.8049804980498,1
14.908490849084906,29.816981698169812,1
14.914491449144911,29.828982898289823,1
14.920492049204917,29.840984098409834,1
14.926492649264922,29.852985298529845,1
14.932493249324928,29.864986498649856,1
14.938493849384933,29.876987698769867,1
14.944494449444939,29.888988898889878,1
14.950495049504944,29.90099009900989,1
14.956495649564957,29.912991299129914,1
14.962496249624962,29.924992499249925,1
14.968496849684968,29.936993699369935,1
14.974497449744973,29.948994899489946,1
14.980498049804979,29.960996099609957,1
14.986498649864984,29.97299729972997,1
14.99249924992499,29.98499849984998,1
14.998499849984995,29.99699969996999,1
15.004500450045,30.00900090009,1
15.010501050105006,30.021002100210012,1
15.016501650165011,30.033003300330023,1
15.022502250225017,30.045004500450034,1
15.028502850285022,30.057005700570045,1
15.034503450345035,30.06900690069007,1
15.04050405040504,30.08100810081008,1
15.046504650465046,30.093009300930092,1
15.052505250525051,30.105010501050103,1
15.058505850585057,30.117011701170114,1
15.064506450645062,30.129012901290125,1
15.070507050705068,30.141014101410136,1
15.076507650765073,30.153015301530147,1
15.082508250825079,30.165016501650157,1
15.088508850885084,30.17701770177017,1
15.09450945094509,30.18901890189018,1
15.100510051005095,30.20102010201019,1
15.1065106510651,30.2130213021302,1
15.112511251125106,30.225022502250212,1
15.118511851185119,30.237023702370237,1
15.124512451245124,30.249024902490248,1
15.13051305130513,30.26102610261026,1
15.136513651365135,30.27302730273027,1
15.14251425142514,30.28502850285028,1
15.148514851485146,30.297029702970292,1
15.154515451545151,30.309030903090303,1
15.160516051605157,30.321032103210314,1
15.166516651665162,30.333033303330325,1
15.172517251725168,30.345034503450336,1
15.178517851785173,30.357035703570347,1
15.184518451845179,30.369036903690358,1
15.190519051905184,30.38103810381037,1
15.196519651965197,30.393039303930394,1
15.202520252025202,30.405040504050405,1
15.208520852085208,30.417041704170416,1
15.214521452145213,30.429042904290426,1
15.220522052205219,30.441044104410437,1
15.226522652265224,30.45304530453045,1
15.23252325232523,30.46504650465046,1
15.238523852385235,30.47704770477047,1
15.24452445244524,30.48904890489048,1
15.250525052505246,30.501050105010492,1
15.256525652565252,30.513051305130503,1
15.262526252625257,30.525052505250514,1
15.268526852685262,30.537053705370525,1
15.274527452745275,30.54905490549055,1
15.28052805280528,30.56105610561056,1
15.286528652865286,30.573057305730572,1
15.292529252925291,30.585058505850583,1
15.298529852985297,30.597059705970594,1
15.304530453045302,30.609060906090605,1
15.310531053105308,30.621062106210616,1
15.316531653165313,30.633063306330627,1
15.322532253225319,30.645064506450638,1
15.328532853285324,30.65706570657065,1
15.33453345334533,30.66906690669066,1
15.340534053405335,30.68106810681067,1
15.34653465346534,30.69306930693068,1
15.352535253525346,30.705070507050692,1
15.358535853585359,30.717071707170717,1
15.364536453645364,30.72907290729073,1
15.37053705370537,30.74107410741074,1
15.376537653765375,30.75307530753075,1
15.38253825382538,30.76507650765076,1
15.388538853885386,30.777077707770772,1
15.394539453945391,30.789078907890783,1
15.400540054005397,30.801080108010794,1
15.406540654065402,30.813081308130805,1
15.412541254125408,30.825082508250816,1
15.418541854185413,30.837083708370827,1
15.424542454245419,30.849084908490838,1
15.430543054305424,30.86108610861085,1
15.436543654365437,30.873087308730874,1
15.442544254425442,30.885088508850885,1
15.448544854485448,30.897089708970896,1
15.454545454545453,30.909090909090907,1
15.460546054605459,30.921092109210917,1
15.466546654665464,30.93309330933093,1
15.47254725472547,30.94509450945094,1
15.478547854785475,30.95709570957095,1
15.48454845484548,30.96909690969096,1
15.490549054905486,30.981098109810972,1
15.496549654965492,30.993099309930983,1
15.502550255025497,31.005100510050994,1
15.508550855085502,31.017101710171005,1
15.514551455145515,31.02910291029103,1
15.52055205520552,31.04110411041104,1
15.526552655265526,31.053105310531052,1
15.532553255325531,31.065106510651063,1
15.538553855385537,31.077107710771074,1
15.544554455445542,31.089108910891085,1
15.550555055505548,31.101110111011096,1
15.556555655565553,31.113111311131107,1
15.562556255625559,31.125112511251118,1
15.568556855685564,31.13711371137113,1
15.57455745574557,31.14911491149114,1
15.580558055805575,31.16111611161115,1
15.58655865586558,31.17311731173116,1
15.592559255925586,31.185118511851172,1
15.598559855985599,31.197119711971197,1
15.604560456045604,31.20912091209121,1
15.61056105610561,31.22112211221122,1
15.616561656165615,31.23312331233123,1
15.62256225622562,31.24512451245124,1
15.628562856285626,31.257125712571252,1
15.634563456345631,31.269126912691263,1
15.640564056405637,31.281128112811274,1
15.646564656465642,31.293129312931285,1
15.652565256525648,31.305130513051296,1
15.658565856585653,31.317131713171307,1
15.664566456645659,31.329132913291318,1
15.670567056705664,31.34113411341133,1
15.676567656765677,31.353135313531354,1
15.682568256825682,31.365136513651365,1
15.688568856885688,31.377137713771376,1
15.694569456945693,31.389138913891387,1
15.700570057005699,31.401140114011397,1
15.706570657065704,31.41314131413141,1
15.71257125712571,31.42514251425142,1
15.718571857185715,31.43714371437143,1
15.72457245724572,31.44914491449144,1
15.730573057305726,31.461146114611452,1
15.736573657365732,31.473147314731463,1
15.742574257425737,31.485148514851474,1
15.748574857485742,31.497149714971485,1
15.754575457545755,31.50915091509151,1
15.76057605760576,31.52115211521152,1
15.766576657665766,31.533153315331532,1
15.772577257725771,31.545154515451543,1
15.778577857785777,31.557155715571554,1
15.784578457845782,31.569156915691565,1
15.790579057905788,31.581158115811576,1
15.796579657965793,31.593159315931587,1
15.802580258025799,31.605160516051598,1
15.808580858085804,31.61716171617161,1
15.81458145814581,31.62916291629162,1
15.820582058205815,31.64116411641163,1
15.82658265826582,31.65316531653164,1
15.832583258325826,31.665166516651652,1
15.838583858385839,31.677167716771677,1
15.844584458445844,31.68916891689169,1
15.85058505850585,31.7011701170117,1
15.856585658565855,31.71317131713171,1
15.86258625862586,31.72517251725172,1
15.868586858685866,31.737173717371732,1
15.874587458745872,31.749174917491743,1
15.880588058805877,31.761176117611754,1
15.886588658865882,31.773177317731765,1
15.892589258925888,31.785178517851776,1
15.898589858985893,31.797179717971787,1
15.904590459045899,31.809180918091798,1
15.910591059105904,31.82118211821181,1
15.916591659165917,31.833183318331834,1
15.922592259225922,31.845184518451845,1
15.928592859285928,31.857185718571856,1
15.934593459345933,31.869186918691867,1
15.940594059405939,31.881188118811878,1
15.946594659465944,31.89318931893189,1
15.95259525952595,31.9051905190519,1
15.958595859585955,31.91719171917191,1
15.96459645964596,31.92919291929192,1
15.970597059705966,31.941194119411932,1
15.976597659765972,31.953195319531943,1
15.982598259825977,31.965196519651954,1
15.988598859885983,31.977197719771965,1
15.994599459945995,31.98919891989199,1
16.000600060006,32.001200120012,1
16.006600660066006,32.01320132013201,1
16.01260126012601,32.02520252025202,1
16.018601860186017,32.037203720372034,1
16.024602460246022,32.049204920492045,1
16.030603060306028,32.061206120612056,1
16.036603660366033,32.07320732073207,1
16.04260426042604,32.08520852085208,1
16.048604860486044,32.09720972097209,1
16.05460546054605,32.1092109210921,1
16.060606060606055,32.12121212121211,1
16.06660666066606,32.13321332133212,1
16.072607260726066,32.14521452145213,1
16.07860786078608,32.15721572157216,1
16.084608460846084,32.16921692169217,1
16.09060906090609,32.18121812181218,1
16.096609660966095,32.19321932193219,1
16.1026102610261,32.2052205220522,1
16.108610861086106,32.21722172217221,1
16.11461146114611,32.22922292229222,1
16.120612061206117,32.241224122412234,1
16.126612661266122,32.253225322532245,1
16.132613261326128,32.265226522652256,1
16.138613861386133,32.27722772277227,1
16.14461446144614,32.28922892289228,1
16.150615061506144,32.30123012301229,1
16.156615661566157,32.313231323132314,1
16.162616261626162,32.325232523252325,1
16.168616861686168,32.337233723372336,1
16.174617461746173,32.34923492349235,1
16.18061806180618,32.36123612361236,1
16.186618661866184,32.37323732373237,1
16.19261926192619,32.38523852385238,1
16.198619861986195,32.39723972397239,1
16.2046204620462,32.4092409240924,1
16.210621062106206,32.42124212421241,1
16.21662166216621,32.43324332433242,1
16.222622262226217,32.445244524452434,1
16.228622862286223,32.457245724572445,1
16.234623462346228,32.469246924692456,1
16.24062406240624,32.48124812481248,1
16.246624662466246,32.49324932493249,1
16.25262526252625,32.5052505250525,1
16.258625862586257,32.517251725172514,1
16.264626462646262,32.529252925292525,1
16.270627062706268,32.541254125412536,1
16.276627662766273,32.55325532553255,1
16.28262826282628,32.56525652565256,1
16.288628862886284,32.57725772577257,1
16.29462946294629,32.58925892589258,1
16.300630063006295,32.60126012601259,1
16.3066306630663,32.6132613261326,1
16.312631263126306,32.62526252625261,1
16.31863186318632,32.63726372637264,1
16.324632463246324,32.64926492649265,1
16.33063306330633,32.66126612661266,1
16.336633663366335,32.67326732673267,1
16.34263426342634,32.68526852685268,1
16.348634863486346,32.69726972697269,1
16.35463546354635,32.7092709270927,1
16.360636063606357,32.721272127212714,1
16.366636663666362,32.733273327332725,1
16.372637263726368,32.745274527452736,1
16.378637863786373,32.75727572757275,1
16.38463846384638,32.76927692769276,1
16.390639063906384,32.78127812781277,1
16.396639663966397,32.793279327932794,1
16.402640264026402,32.805280528052805,1
16.408640864086408,32.817281728172816,1
16.414641464146413,32.82928292829283,1
16.42064206420642,32.84128412841284,1
16.426642664266424,32.85328532853285,1
16.43264326432643,32.86528652865286,1
16.438643864386435,32.87728772877287,1
16.44464446444644,32.88928892889288,1
16.450645064506446,32.90129012901289,1
16.45664566456645,32.9132913291329,1
16.462646264626457,32.925292529252914,1
16.468646864686463,32.937293729372925,1
16.474647464746468,32.949294929492936,1
16.48064806480648,32.96129612961296,1
16.486648664866486,32.97329732973297,1
16.49264926492649,32.98529852985298,1
16.498649864986497,32.997299729972994,1
16.504650465046502,33.009300930093005,1
16.510651065106508,33.021302130213016,1
16.516651665166513,33.03330333033303,1
16.52265226522652,33.04530453045304,1
16.528652865286524,33.05730573057305,1
16.53465346534653,33.06930693069306,1
16.540654065406535,33.08130813081307,1
16.54665466546654,33.09330933093308,1
16.552655265526546,33.10531053105309,1
16.55865586558656,33.11731173117312,1
16.564656465646564,33.12931293129313,1
16.57065706570657,33.14131413141314,1
16.576657665766575,33.15331533153315,1
16.58265826582658,33.16531653165316,1
16.588658865886586,33.17731773177317,1
16.59465946594659,33.18931893189318,1
16.600660066006597,33.201320132013194,1
16.606660666066603,33.213321332133205,1
16.612661266126608,33.225322532253216,1
16.618661866186613,33.23732373237323,1
16.62466246624662,33.24932493249324,1
16.630663066306624,33.26132613261325,1
16.636663666366637,33.273327332733274,1
16.642664266426642,33.285328532853285,1
16.648664866486648,33.297329732973296,1
16.654665466546653,33.30933093309331,1
16.66066606660666,33.32133213321332,1
16.666666666666664,33.33333333333333,1
16.67266726672667,33.34533453345334,1
16.678667866786675,33.35733573357335,1
16.68466846684668,33.36933693369336,1
16.690669066906686,33.38133813381337,1
16.69666966696669,33.39333933393338,1
16.702670267026697,33.405340534053394,1
16.708670867086703,33.417341734173405,1
16.714671467146708,33.429342934293416,1
16.72067206720672,33.44134413441344,1
16.726672667266726,33.45334533453345,1
16.73267326732673,33.46534653465346,1
16.738673867386737,33.477347734773474,1
16.744674467446742,33.489348934893485,1
16.750675067506748,33.501350135013496,1
16.756675667566753,33.51335133513351,1
16.76267626762676,33.52535253525352,1
16.768676867686764,33.53735373537353,1
16.77467746774677,33.54935493549354,1
16.780678067806775,33.56135613561355,1
16.78667866786678,33.57335733573356,1
16.792679267926786,33.58535853585357,1
16.7986798679868,33.5973597359736,1
16.804680468046804,33.60936093609361,1
16.81068106810681,33.62136213621362,1
16.816681668166815,33.63336333633363,1
16.82268226822682,33.64536453645364,1
16.828682868286826,33.65736573657365,1
16.83468346834683,33.66936693669366,1
16.840684068406837,33.681368136813674,1
16.846684668466843,33.693369336933685,1
16.852685268526848,33.705370537053696,1
16.858685868586853,33.71737173717371,1
16.86468646864686,33.72937293729372,1
16.870687068706864,33.74137413741373,1
16.876687668766877,33.753375337533754,1
16.882688268826882,33.765376537653765,1
16.888688868886888,33.777377737773776,1
16.894689468946893,33.78937893789379,1
16.9006900690069,33.8013801380138,1
16.906690669066904,33.81338133813381,1
16.91269126912691,33.82538253825382,1
16.918691869186915,33.83738373837383,1
16.92469246924692,33.84938493849384,1
16.930693069306926,33.86138613861385,1
16.93669366936693,33.87338733873386,1
16.942694269426937,33.885388538853874,1
16.948694869486943,33.897389738973885,1
16.954695469546948,33.909390939093896,1
16.96069606960696,33.92139213921392,1
16.966696669666966,33.93339333933393,1
16.97269726972697,33.94539453945394,1
16.978697869786977,33.957395739573954,1
16.984698469846983,33.969396939693965,1
16.990699069906988,33.981398139813976,1
16.996699669966993,33.99339933993399,1
17.002700270027,34.005400540054,1
17.008700870087004,34.01740174017401,1
17.01470147014701,34.02940294029402,1
17.020702070207015,34.04140414041403,1
17.02670267026702,34.05340534053404,1
17.032703270327026,34.06540654065405,1
17.03870387038704,34.07740774077408,1
17.044704470447044,34.08940894089409,1
17.05070507050705,34.1014101410141,1
17.056705670567055,34.11341134113411,1
17.06270627062706,34.12541254125412,1
17.068706870687066,34.13741374137413,1
17.07470747074707,34.14941494149414,1
17.080708070807077,34.161416141614154,1
17.086708670867083,34.173417341734165,1
17.092709270927088,34.185418541854176,1
17.098709870987093,34.19741974197419,1
17.1047104710471,34.2094209420942,1
17.110711071107104,34.22142214221421,1
17.116711671167117,34.233423342334234,1
17.122712271227122,34.245424542454245,1
17.128712871287128,34.257425742574256,1
17.134713471347133,34.26942694269427,1
17.14071407140714,34.28142814281428,1
17.146714671467144,34.29342934293429,1
17.15271527152715,34.3054305430543,1
17.158715871587155,34.31743174317431,1
17.16471647164716,34.32943294329432,1
17.170717071707166,34.34143414341433,1
17.17671767176717,34.35343534353434,1
17.182718271827177,34.365436543654354,1
17.188718871887183,34.377437743774365,1
17.194719471947188,34.389438943894376,1
17.2007200720072,34.4014401440144,1
17.206720672067206,34.41344134413441,1
17.21272127212721,34.42544254425442,1
17.218721872187217,34.437443744374434,1
17.224722472247223,34.449444944494445,1
17.230723072307228,34.461446144614456,1
17.236723672367233,34.47344734473447,1
17.24272427242724,34.48544854485448,1
17.248724872487244,34.49744974497449,1
17.25472547254725,34.5094509450945,1
17.260726072607255,34.52145214521451,1
17.26672667266726,34.53345334533452,1
17.272727272727266,34.54545454545453,1
17.27872787278728,34.55745574557456,1
17.284728472847284,34.56945694569457,1
17.29072907290729,34.58145814581458,1
17.296729672967295,34.59345934593459,1
17.3027302730273,34.6054605460546,1
17.308730873087306,34.61746174617461,1
17.31473147314731,34.62946294629462,1
17.320732073207317,34.641464146414634,1
17.326732673267323,34.653465346534645,1
17.332733273327328,34.665466546654656,1
17.338733873387334,34.67746774677467,1
17.34473447344734,34.68946894689468,1
17.350735073507344,34.70147014701469,1
17.356735673567357,34.713471347134714,1
17.362736273627362,34.725472547254725,1
17.368736873687368,34.737473747374736,1
17.374737473747373,34.74947494749475,1
17.38073807380738,34.76147614761476,1
17.386738673867384,34.77347734773477,1
17.39273927392739,34.78547854785478,1
17.398739873987395,34.79747974797479,1
17.4047404740474,34.8094809480948,1
17.410741074107406,34.82148214821481,1
17.41674167416741,34.83348334833482,1
17.422742274227417,34.845484548454834,1
17.428742874287423,34.857485748574845,1
17.434743474347428,34.869486948694856,1
17.44074407440744,34.88148814881488,1
17.446744674467446,34.89348934893489,1
17.45274527452745,34.9054905490549,1
17.458745874587457,34.917491749174914,1
17.464746474647463,34.929492949294925,1
17.470747074707468,34.941494149414936,1
17.476747674767473,34.95349534953495,1
17.48274827482748,34.96549654965496,1
17.488748874887484,34.97749774977497,1
17.49474947494749,34.98949894989498,1
17.500750075007495,35.00150015001499,1
17.5067506750675,35.013501350135,1
17.512751275127506,35.02550255025501,1
17.51875187518752,35.03750375037504,1
17.524752475247524,35.04950495049505,1
17.53075307530753,35.06150615061506,1
17.536753675367535,35.07350735073507,1
17.54275427542754,35.08550855085508,1
17.548754875487546,35.09750975097509,1
17.55475547554755,35.1095109510951,1
17.560756075607557,35.121512151215114,1
17.566756675667563,35.133513351335125,1
17.572757275727568,35.145514551455136,1
17.578757875787574,35.15751575157515,1
17.58475847584758,35.16951695169516,1
17.590759075907584,35.18151815181517,1
17.596759675967597,35.193519351935194,1
17.602760276027603,35.205520552055205,1
17.608760876087608,35.217521752175216,1
17.614761476147613,35.22952295229523,1
17.62076207620762,35.24152415241524,1
17.626762676267624,35.25352535253525,1
17.63276327632763,35.26552655265526,1
17.638763876387635,35.27752775277527,1
17.64476447644764,35.28952895289528,1
17.650765076507646,35.30153015301529,1
17.65676567656765,35.3135313531353,1
17.662766276627657,35.325532553255314,1
17.668766876687663,35.337533753375325,1
17.674767476747668,35.349534953495336,1
17.68076807680768,35.36153615361536,1
17.686768676867686,35.37353735373537,1
17.69276927692769,35.38553855385538,1
17.698769876987697,35.397539753975394,1
17.704770477047703,35.409540954095405,1
17.710771077107708,35.421542154215416,1
17.716771677167714,35.43354335433543,1
17.72277227722772,35.44554455445544,1
17.728772877287724,35.45754575457545,1
17.73477347734773,35.46954695469546,1
17.740774077407735,35.48154815481547,1
17.74677467746774,35.49354935493548,1
17.752775277527746,35.50555055505549,1
17.75877587758776,35.51755175517552,1
17.764776477647764,35.52955295529553,1
17.77077707770777,35.54155415541554,1
17.776777677767775,35.55355535553555,1
17.78277827782778,35.56555655565556,1
17.788778877887786,35.57755775577557,1
17.79477947794779,35.58955895589558,1
17.800780078007797,35.601560156015594,1
17.806780678067803,35.613561356135605,1
17.812781278127808,35.625562556255616,1
17.818781878187814,35.63756375637563,1
17.82478247824782,35.64956495649564,1
17.830783078307824,35.66156615661565,1
17.836783678367837,35.673567356735674,1
17.842784278427843,35.685568556855685,1
17.848784878487848,35.697569756975696,1
17.854785478547853,35.70957095709571,1
17.86078607860786,35.72157215721572,1
17.866786678667864,35.73357335733573,1
17.87278727872787,35.74557455745574,1
17.878787878787875,35.75757575757575,1
17.88478847884788,35.76957695769576,1
17.890789078907886,35.78157815781577,1
17.89678967896789,35.79357935793578,1
17.902790279027897,35.805580558055794,1
17.908790879087903,35.817581758175805,1
17.914791479147908,35.829582958295816,1
17.92079207920792,35.84158415841584,1
17.926792679267926,35.85358535853585,1
17.93279327932793,35.86558655865586,1
17.938793879387937,35.877587758775874,1
17.944794479447943,35.889588958895885,1
17.950795079507948,35.901590159015896,1
17.956795679567954,35.91359135913591,1
17.96279627962796,35.92559255925592,1
17.968796879687964,35.93759375937593,1
17.97479747974797,35.94959495949594,1
17.980798079807975,35.96159615961595,1
17.98679867986798,35.97359735973596,1
17.992799279927986,35.98559855985597,1
17.998799879988,35.997599759976,1
18.004800480048004,36.00960096009601,1
18.01080108010801,36.02160216021602,1
18.016801680168015,36.03360336033603,1
18.02280228022802,36.04560456045604,1
18.028802880288026,36.05760576057605,1
18.03480348034803,36.06960696069606,1
18.040804080408037,36.081608160816074,1
18.046804680468043,36.093609360936085,1
18.052805280528048,36.105610561056096,1
18.058805880588054,36.11761176117611,1
18.06480648064806,36.12961296129612,1
18.070807080708065,36.14161416141613,1
18.076807680768077,36.153615361536154,1
18.082808280828083,36.165616561656165,1
18.088808880888088,36.177617761776176,1
18.094809480948093,36.18961896189619,1
18.1008100810081,36.2016201620162,1
18.106810681068104,36.21362136213621,1
18.11281128112811,36.22562256225622,1
18.118811881188115,36.23762376237623,1
18.12481248124812,36.24962496249624,1
18.130813081308126,36.26162616261625,1
18.13681368136813,36.27362736273626,1
18.142814281428137,36.285628562856274,1
18.148814881488143,36.297629762976285,1
18.154815481548148,36.309630963096296,1
18.16081608160816,36.32163216321632,1
18.166816681668166,36.33363336333633,1
18.17281728172817,36.34563456345634,1
18.178817881788177,36.357635763576354,1
18.184818481848183,36.369636963696365,1
18.190819081908188,36.381638163816376,1
18.196819681968194,36.39363936393639,1
18.2028202820282,36.4056405640564,1
18.208820882088204,36.41764176417641,1
18.21482148214821,36.42964296429642,1
18.220822082208215,36.44164416441643,1
18.22682268226822,36.45364536453644,1
18.232823282328226,36.46564656465645,1
18.23882388238824,36.47764776477648,1
18.244824482448244,36.48964896489649,1
18.25082508250825,36.5016501650165,1
18.256825682568255,36.51365136513651,1
18.26282628262826,36.52565256525652,1
18.268826882688266,36.53765376537653,1
18.27482748274827,36.54965496549654,1
18.280828082808277,36.561656165616554,1
18.286828682868283,36.573657365736565,1
18.292829282928288,36.585658565856576,1
18.298829882988294,36.59765976597659,1
18.3048304830483,36.6096609660966,1
18.310831083108305,36.62166216621661,1
18.316831683168317,36.633663366336634,1
18.322832283228323,36.645664566456645,1
18.328832883288328,36.657665766576656,1
18.334833483348334,36.66966696669667,1
18.34083408340834,36.68166816681668,1
18.346834683468344,36.69366936693669,1
18.35283528352835,36.7056705670567,1
18.358835883588355,36.71767176717671,1
18.36483648364836,36.72967296729672,1
18.370837083708366,36.74167416741673,1
18.376837683768372,36.753675367536744,1
18.382838283828377,36.765676567656755,1
18.388838883888383,36.777677767776765,1
18.394839483948388,36.789678967896776,1
18.4008400840084,36.8016801680168,1
18.406840684068406,36.81368136813681,1
18.41284128412841,36.82568256825682,1
18.418841884188417,36.837683768376834,1
18.424842484248423,36.849684968496845,1
18.430843084308428,36.861686168616856,1
18.436843684368434,36.87368736873687,1
18.44284428442844,36.88568856885688,1
18.448844884488445,36.89768976897689,1
18.45484548454845,36.9096909690969,1
18.460846084608455,36.92169216921691,1
18.46684668466846,36.93369336933692,1
18.472847284728466,36.94569456945693,1
18.47884788478848,36.95769576957696,1
18.484848484848484,36.96969696969697,1
18.49084908490849,36.98169816981698,1
18.496849684968495,36.99369936993699,1
18.5028502850285,37.005700570057,1
18.508850885088506,37.01770177017701,1
18.51485148514851,37.02970297029702,1
18.520852085208517,37.041704170417034,1
18.526852685268523,37.053705370537045,1
18.532853285328528,37.065706570657056,1
18.538853885388534,37.07770777077707,1
18.54485448544854,37.08970897089708,1
18.550855085508545,37.10171017101709,1
18.556855685568557,37.113711371137114,1
18.562856285628563,37.125712571257125,1
18.568856885688568,37.137713771377136,1
18.574857485748574,37.14971497149715,1
18.58085808580858,37.16171617161716,1
18.586858685868584,37.17371737173717,1
18.59285928592859,37.18571857185718,1
18.598859885988595,37.19771977197719,1
18.6048604860486,37.2097209720972,1
18.610861086108606,37.22172217221721,1
18.616861686168612,37.233723372337224,1
18.622862286228617,37.245724572457235,1
18.628862886288623,37.257725772577245,1
18.634863486348628,37.269726972697256,1
18.64086408640864,37.28172817281728,1
18.646864686468646,37.29372937293729,1
18.65286528652865,37.3057305730573,1
18.658865886588657,37.317731773177314,1
18.664866486648663,37.329732973297325,1
18.670867086708668,37.341734173417336,1
18.676867686768674,37.35373537353735,1
18.68286828682868,37.36573657365736,1
18.688868886888685,37.37773777377737,1
18.69486948694869,37.38973897389738,1
18.700870087008695,37.40174017401739,1
18.7068706870687,37.4137413741374,1
18.712871287128706,37.42574257425741,1
18.71887188718872,37.43774377437744,1
18.724872487248724,37.44974497449745,1
18.73087308730873,37.46174617461746,1
18.736873687368735,37.47374737473747,1
18.74287428742874,37.48574857485748,1
18.748874887488746,37.49774977497749,1
18.754875487548752,37.509750975097504,1
18.760876087608757,37.521752175217514,1
18.766876687668763,37.533753375337525,1
18.772877287728768,37.545754575457536,1
18.778877887788774,37.55775577557755,1
18.78487848784878,37.56975697569756,1
18.790879087908785,37.58175817581757,1
18.796879687968797,37.593759375937594,1
18.802880288028803,37.605760576057605,1
18.808880888088808,37.617761776177616,1
18.814881488148814,37.62976297629763,1
18.82088208820882,37.64176417641764,1
18.826882688268824,37.65376537653765,1
18.83288328832883,37.66576657665766,1
18.838883888388835,37.67776777677767,1
18.84488448844884,37.68976897689768,1
18.850885088508846,37.70177017701769,1
18.856885688568852,37.713771377137704,1
18.862886288628857,37.725772577257715,1
18.868886888688863,37.737773777377726,1
18.87488748874887,37.74977497749774,1
18.88088808880888,37.76177617761776,1
18.886888688868886,37.77377737773777,1
18.89288928892889,37.78577857785778,1
18.898889888988897,37.797779777977794,1
18.904890489048903,37.809780978097805,1
18.910891089108908,37.821782178217816,1
18.916891689168914,37.83378337833783,1
18.92289228922892,37.84578457845784,1
18.928892889288925,37.85778577857785,1
18.93489348934893,37.86978697869786,1
18.940894089408935,37.88178817881787,1
18.94689468946894,37.89378937893788,1
18.952895289528946,37.90579057905789,1
18.95889588958896,37.91779177917792,1
18.964896489648964,37.92979297929793,1
18.97089708970897,37.94179417941794,1
18.976897689768975,37.95379537953795,1
18.98289828982898,37.96579657965796,1
18.988898889888986,37.97779777977797,1
18.994899489948992,37.989798979897984,1
19.000900090008997,38.001800180017995,1
19.006900690069003,38.013801380138005,1
19.012901290129008,38.025802580258016,1
19.018901890189014,38.03780378037803,1
19.02490249024902,38.04980498049804,1
19.030903090309025,38.06180618061805,1
19.036903690369037,38.073807380738074,1
19.042904290429043,38.085808580858085,1
19.048904890489048,38.097809780978096,1
19.054905490549054,38.10981098109811,1
19.06090609060906,38.12181218121812,1
19.066906690669065,38.13381338133813,1
19.07290729072907,38.14581458145814,1
19.078907890789075,38.15781578157815,1
19.08490849084908,38.16981698169816,1
19.090909090909086,38.18181818181817,1
19.096909690969092,38.193819381938184,1
19.102910291029097,38.205820582058195,1
19.108910891089103,38.217821782178206,1
19.11491149114911,38.22982298229822,1
19.12091209120912,38.24182418241824,1
19.126912691269126,38.25382538253825,1
19.13291329132913,38.26582658265826,1
19.138913891389137,38.277827782778274,1
19.144914491449143,38.289828982898285,1
19.150915091509148,38.301830183018296,1
19.156915691569154,38.31383138313831,1
19.16291629162916,38.32583258325832,1
19.168916891689165,38.33783378337833,1
19.17491749174917,38.34983498349834,1
19.180918091809176,38.36183618361835,1
19.18691869186918,38.37383738373836,1
19.192919291929186,38.38583858385837,1
19.1989198919892,38.3978397839784,1
19.204920492049204,38.40984098409841,1
19.21092109210921,38.42184218421842,1
19.216921692169215,38.43384338433843,1
19.22292229222922,38.44584458445844,1
19.228922892289226,38.45784578457845,1
19.234923492349232,38.469846984698464,1
19.240924092409237,38.481848184818475,1
19.246924692469243,38.493849384938486,1
19.25292529252925,38.5058505850585,1
19.258925892589254,38.51785178517851,1
19.26492649264926,38.52985298529852,1
19.270927092709265,38.54185418541853,1
19.27692769276927,38.55385538553854,1
19.282928292829283,38.565856585658565,1
19.288928892889288,38.577857785778576,1
19.294929492949294,38.58985898589859,1
19.3009300930093,38.6018601860186,1
19.306930693069305,38.61386138613861,1
19.31293129312931,38.62586258625862,1
19.318931893189315,38.63786378637863,1
19.32493249324932,38.64986498649864,1
19.330933093309326,38.66186618661865,1
19.336933693369332,38.673867386738664,1
19.342934293429337,38.685868586858675,1
19.348934893489343,38.697869786978686,1
19.35493549354935,38.7098709870987,1
19.36093609360936,38.72187218721872,1
19.366936693669366,38.73387338733873,1
19.372937293729372,38.745874587458744,1
19.378937893789377,38.757875787578755,1
19.384938493849383,38.769876987698765,1
19.390939093909388,38.781878187818776,1
19.396939693969394,38.79387938793879,1
19.4029402940294,38.8058805880588,1
19.408940894089405,38.81788178817881,1
19.41494149414941,38.82988298829882,1
19.420942094209416,38.84188418841883,1
19.42694269426942,38.85388538853884,1
19.432943294329426,38.86588658865885,1
19.43894389438944,38.87788778877888,1
19.444944494449445,38.88988898889889,1
19.45094509450945,38.9018901890189,1
19.456945694569455,38.91389138913891,1
19.46294629462946,38.92589258925892,1
19.468946894689466,38.93789378937893,1
19.474947494749472,38.949894989498944,1
19.480948094809477,38.961896189618955,1
19.486948694869483,38.973897389738966,1
19.49294929492949,38.98589858985898,1
19.498949894989494,38.99789978997899,1
19.5049504950495,39.009900990099,1
19.510951095109505,39.02190219021901,1
19.51695169516951,39.03390339033902,1
19.522952295229523,39.045904590459045,1
19.528952895289528,39.057905790579056,1
19.534953495349534,39.06990699069907,1
19.54095409540954,39.08190819081908,1
19.546954695469545,39.09390939093909,1
19.55295529552955,39.1059105910591,1
19.558955895589555,39.11791179117911,1
19.56495649564956,39.12991299129912,1
19.570957095709566,39.14191419141913,1
19.576957695769572,39.153915391539144,1
19.582958295829577,39.165916591659155,1
19.588958895889583,39.177917791779166,1
19.59495949594959,39.18991899189918,1
19.6009600960096,39.2019201920192,1
19.606960696069606,39.21392139213921,1
19.612961296129612,39.225922592259224,1
19.618961896189617,39.237923792379235,1
19.624962496249623,39.249924992499245,1
19.630963096309628,39.261926192619256,1
19.636963696369634,39.27392739273927,1
19.64296429642964,39.28592859285928,1
19.648964896489645,39.29792979297929,1
19.65496549654965,39.3099309930993,1
19.660966096609656,39.32193219321931,1
19.66696669666966,39.33393339333932,1
19.672967296729666,39.34593459345933,1
19.67896789678968,39.35793579357936,1
19.684968496849685,39.36993699369937,1
19.69096909690969,39.38193819381938,1
19.696969696969695,39.39393939393939,1
19.7029702970297,39.4059405940594,1
19.708970897089706,39.41794179417941,1
19.714971497149712,39.429942994299424,1
19.720972097209717,39.441944194419435,1
19.726972697269723,39.453945394539446,1
19.73297329732973,39.46594659465946,1
19.738973897389734,39.47794779477947,1
19.74497449744974,39.48994899489948,1
19.750975097509745,39.50195019501949,1
19.75697569756975,39.5139513951395,1
19.762976297629763,39.525952595259525,1
19.768976897689768,39.537953795379536,1
19.774977497749774,39.54995499549955,1
19.78097809780978,39.56195619561956,1
19.786978697869785,39.57395739573957,1
19.79297929792979,39.58595859585958,1
19.798979897989796,39.59795979597959,1
19.8049804980498,39.6099609960996,1
19.810981098109806,39.62196219621961,1
19.816981698169812,39.633963396339624,1
19.822982298229817,39.645964596459635,1
19.828982898289823,39.657965796579646,1
19.83498349834983,39.66996699669966,1
19.84098409840984,39.68196819681968,1
19.846984698469846,39.69396939693969,1
19.852985298529852,39.705970597059704,1
19.858985898589857,39.717971797179715,1
19.864986498649863,39.729972997299726,1
19.87098709870987,39.74197419741974,1
19.876987698769874,39.75397539753975,1
19.88298829882988,39.76597659765976,1
19.888988898889885,39.77797779777977,1
19.89498949894989,39.78997899789978,1
19.900990099009896,39.80198019801979,1
19.9069906990699,39.8139813981398,1
19.912991299129907,39.82598259825981,1
19.91899189918992,39.83798379837984,1
19.924992499249925,39.84998499849985,1
19.93099309930993,39.86198619861986,1
19.936993699369935,39.87398739873987,1
19.94299429942994,39.88598859885988,1
19.948994899489946,39.89798979897989,1
19.954995499549952,39.909990999099904,1
19.960996099609957,39.921992199219915,1
19.966996699669963,39.933993399339926,1
19.97299729972997,39.94599459945994,1
19.978997899789974,39.95799579957995,1
19.98499849984998,39.96999699969996,1
19.990999099909985,39.98199819981997,1
19.99699969996999,39.99399939993998,1
20.003000300030003,40.006000600060005,1
20.009000900090008,40.018001800180016,1
20.015001500150014,40.03000300030003,1
20.02100210021002,40.04200420042004,1
20.027002700270025,40.05400540054005,1
20.03300330033003,40.06600660066006,1
20.039003900390036,40.07800780078007,1
20.04500450045004,40.09000900090008,1
20.051005100510046,40.10201020102009,1
20.057005700570052,40.114011401140104,1
20.063006300630057,40.126012601260115,1
20.069006900690063,40.138013801380126,1
20.07500750075007,40.15001500150014,1
20.08100810081008,40.16201620162016,1
20.087008700870086,40.17401740174017,1
20.093009300930092,40.186018601860184,1
20.099009900990097,40.198019801980195,1
20.105010501050103,40.210021002100206,1
20.11101110111011,40.22202220222022,1
20.117011701170114,40.23402340234023,1
20.12301230123012,40.24602460246024,1
20.129012901290125,40.25802580258025,1
20.13501350135013,40.27002700270026,1
20.141014101410136,40.28202820282027,1
20.14701470147014,40.29402940294028,1
20.153015301530147,40.30603060306029,1
20.15901590159016,40.31803180318032,1
20.165016501650165,40.33003300330033,1
20.17101710171017,40.34203420342034,1
20.177017701770176,40.35403540354035,1
20.18301830183018,40.36603660366036,1
20.189018901890186,40.37803780378037,1
20.195019501950192,40.390039003900384,1
20.201020102010197,40.402040204020395,1
20.207020702070203,40.414041404140406,1
20.21302130213021,40.42604260426042,1
20.219021902190214,40.43804380438043,1
20.22502250225022,40.45004500450044,1
20.231023102310225,40.46204620462045,1
20.23702370237023,40.47404740474046,1
20.243024302430243,40.486048604860486,1
20.249024902490248,40.498049804980496,1
20.255025502550254,40.51005100510051,1
20.26102610261026,40.52205220522052,1
20.267026702670265,40.53405340534053,1
20.27302730273027,40.54605460546054,1
20.279027902790276,40.55805580558055,1
20.28502850285028,40.57005700570056,1
20.291029102910286,40.58205820582057,1
20.297029702970292,40.594059405940584,1
20.303030303030297,40.606060606060595,1
20.309030903090303,40.618061806180606,1
20.31503150315031,40.63006300630062,1
20.32103210321032,40.64206420642064,1
20.327032703270326,40.65406540654065,1
20.333033303330332,40.666066606660664,1
20.339033903390337,40.678067806780675,1
20.345034503450343,40.690069006900686,1
20.35103510351035,40.7020702070207,1
20.357035703570354,40.71407140714071,1
20.36303630363036,40.72607260726072,1
20.369036903690365,40.73807380738073,1
20.37503750375037,40.75007500750074,1
20.381038103810376,40.76207620762075,1
20.38703870387038,40.77407740774076,1
20.393039303930387,40.78607860786077,1
20.3990399039904,40.7980798079808,1
20.405040504050405,40.81008100810081,1
20.41104110411041,40.82208220822082,1
20.417041704170416,40.83408340834083,1
20.42304230423042,40.84608460846084,1
20.429042904290426,40.85808580858085,1
20.435043504350432,40.870087008700864,1
20.441044104410437,40.882088208820875,1
20.447044704470443,40.894089408940886,1
20.45304530453045,40.9060906090609,1
20.459045904590454,40.91809180918091,1
20.46504650465046,40.93009300930092,1
20.471047104710465,40.94209420942093,1
20.47704770477047,40.95409540954094,1
20.483048304830483,40.966096609660966,1
20.48904890489049,40.97809780978098,1
20.495049504950494,40.99009900990099,1
20.5010501050105,41.002100210021,1
20.507050705070505,41.01410141014101,1
20.51305130513051,41.02610261026102,1
20.519051905190516,41.03810381038103,1
20.52505250525052,41.05010501050104,1
20.531053105310527,41.06210621062105,1
20.537053705370532,41.074107410741064,1
20.543054305430537,41.086108610861075,1
20.549054905490543,41.098109810981086,1
20.55505550555055,41.1101110111011,1
20.56105610561056,41.12211221122112,1
20.567056705670566,41.13411341134113,1
20.573057305730572,41.146114611461144,1
20.579057905790577,41.158115811581155,1
20.585058505850583,41.170117011701166,1
20.59105910591059,41.18211821182118,1
20.597059705970594,41.19411941194119,1
20.6030603060306,41.2061206120612,1
20.609060906090605,41.21812181218121,1
20.61506150615061,41.23012301230122,1
20.621062106210616,41.24212421242123,1
20.62706270627062,41.25412541254124,1
20.633063306330627,41.26612661266125,1
20.63906390639064,41.27812781278128,1
20.645064506450645,41.29012901290129,1
20.65106510651065,41.3021302130213,1
20.657065706570656,41.31413141314131,1
20.66306630663066,41.32613261326132,1
20.669066906690666,41.33813381338133,1
20.675067506750672,41.350135013501344,1
20.681068106810677,41.362136213621355,1
20.687068706870683,41.374137413741366,1
20.69306930693069,41.38613861386138,1
20.699069906990694,41.39813981398139,1
20.7050705070507,41.4101410141014,1
20.711071107110705,41.42214221422141,1
20.71707170717071,41.43414341434142,1
20.723072307230723,41.446144614461446,1
20.72907290729073,41.45814581458146,1
20.735073507350734,41.47014701470147,1
20.74107410741074,41.48214821482148,1
20.747074707470745,41.49414941494149,1
20.75307530753075,41.5061506150615,1
20.759075907590756,41.51815181518151,1
20.76507650765076,41.53015301530152,1
20.771077107710767,41.54215421542153,1
20.777077707770772,41.554155415541544,1
20.783078307830777,41.566156615661555,1
20.789078907890783,41.578157815781566,1
20.79507950795079,41.59015901590158,1
20.8010801080108,41.6021602160216,1
20.807080708070806,41.61416141614161,1
20.813081308130812,41.626162616261624,1
20.819081908190817,41.638163816381635,1
20.825082508250823,41.650165016501646,1
20.83108310831083,41.66216621662166,1
20.837083708370834,41.67416741674167,1
20.84308430843084,41.68616861686168,1
20.849084908490845,41.69816981698169,1
20.85508550855085,41.7101710171017,1
20.861086108610856,41.72217221722171,1
20.86708670867086,41.73417341734172,1
20.873087308730867,41.74617461746173,1
20.87908790879088,41.75817581758176,1
20.885088508850885,41.77017701770177,1
20.89108910891089,41.78217821782178,1
20.897089708970896,41.79417941794179,1
20.9030903090309,41.8061806180618,1
20.909090909090907,41.81818181818181,1
20.915091509150912,41.830183018301824,1
20.921092109210917,41.842184218421835,1
20.927092709270923,41.854185418541846,1
20.93309330933093,41.86618661866186,1
20.939093909390934,41.87818781878187,1
20.94509450945094,41.89018901890188,1
20.951095109510945,41.90219021902189,1
20.95709570957095,41.9141914191419,1
20.963096309630963,41.926192619261926,1
20.96909690969097,41.93819381938194,1
20.975097509750974,41.95019501950195,1
20.98109810981098,41.96219621962196,1
20.987098709870985,41.97419741974197,1
20.99309930993099,41.98619861986198,1
20.999099909990996,41.99819981998199,1
21.005100510051,42.010201020102,1
21.011101110111007,42.02220222022201,1
21.017101710171012,42.034203420342024,1
21.023102310231017,42.046204620462035,1
21.029102910291023,42.058205820582046,1
21.03510351035103,42.07020702070206,1
21.04110411041104,42.08220822082208,1
21.047104710471046,42.09420942094209,1
21.053105310531052,42.106210621062104,1
21.059105910591057,42.118211821182115,1
21.065106510651063,42.130213021302126,1
21.07110711071107,42.14221422142214,1
21.077107710771074,42.15421542154215,1
21.08310831083108,42.16621662166216,1
21.089108910891085,42.17821782178217,1
21.09510951095109,42.19021902190218,1
21.101110111011096,42.20222022202219,1
21.1071107110711,42.2142214221422,1
21.113111311131107,42.22622262226221,1
21.11911191119112,42.23822382238224,1
21.125112511251125,42.25022502250225,1
21.13111311131113,42.26222622262226,1
21.137113711371136,42.27422742274227,1
21.14311431143114,42.28622862286228,1
21.149114911491147,42.29822982298229,1
21.155115511551152,42.310231023102304,1
21.161116111611157,42.322232223222315,1
21.167116711671163,42.334233423342326,1
21.17311731173117,42.34623462346234,1
21.179117911791174,42.35823582358235,1
21.18511851185118,42.37023702370236,1
21.191119111911185,42.38223822382237,1
21.19711971197119,42.39423942394238,1
21.203120312031203,42.406240624062406,1
21.20912091209121,42.41824182418242,1
21.215121512151214,42.43024302430243,1
21.22112211221122,42.44224422442244,1
21.227122712271225,42.45424542454245,1
21.23312331233123,42.46624662466246,1
21.239123912391236,42.47824782478247,1
21.24512451245124,42.49024902490248,1
21.251125112511247,42.50225022502249,1
21.257125712571252,42.514251425142504,1
21.263126312631258,42.526252625262515,1
21.269126912691263,42.538253825382526,1
21.27512751275127,42.55025502550254,1
21.28112811281128,42.56225622562256,1
21.287128712871286,42.57425742574257,1
21.293129312931292,42.586258625862584,1
21.299129912991297,42.598259825982595,1
21.305130513051303,42.610261026102606,1
21.31113111311131,42.62226222622262,1
21.317131713171314,42.63426342634263,1
21.32313231323132,42.64626462646264,1
21.329132913291325,42.65826582658265,1
21.33513351335133,42.67026702670266,1
21.341134113411336,42.68226822682267,1
21.34713471347134,42.69426942694268,1
21.353135313531347,42.70627062706269,1
21.35913591359136,42.71827182718272,1
21.365136513651365,42.73027302730273,1
21.37113711371137,42.74227422742274,1
21.377137713771376,42.75427542754275,1
21.38313831383138,42.76627662766276,1
21.389138913891387,42.77827782778277,1
21.395139513951392,42.790279027902784,1
21.401140114011397,42.802280228022795,1
21.407140714071403,42.814281428142806,1
21.41314131413141,42.82628262826282,1
21.419141914191414,42.83828382838283,1
21.42514251425142,42.85028502850284,1
21.431143114311425,42.86228622862285,1
21.43714371437143,42.87428742874286,1
21.443144314431443,42.886288628862886,1
21.44914491449145,42.8982898289829,1
21.455145514551454,42.91029102910291,1
21.46114611461146,42.92229222922292,1
21.467146714671465,42.93429342934293,1
21.47314731473147,42.94629462946294,1
21.479147914791476,42.95829582958295,1
21.48514851485148,42.97029702970296,1
21.491149114911487,42.98229822982297,1
21.497149714971492,42.994299429942984,1
21.503150315031498,43.006300630062995,1
21.509150915091503,43.018301830183006,1
21.51515151515151,43.03030303030302,1
21.52115211521152,43.04230423042304,1
21.527152715271527,43.05430543054305,1
21.533153315331532,43.066306630663064,1
21.539153915391537,43.078307830783075,1
21.545154515451543,43.090309030903086,1
21.55115511551155,43.1023102310231,1
21.557155715571554,43.11431143114311,1
21.56315631563156,43.12631263126312,1
21.569156915691565,43.13831383138313,1
21.57515751575157,43.15031503150314,1
21.581158115811576,43.16231623162315,1
21.58715871587158,43.17431743174316,1
21.593159315931587,43.18631863186317,1
21.5991599159916,43.1983198319832,1
21.605160516051605,43.21032103210321,1
21.61116111611161,43.22232223222322,1
21.617161716171616,43.23432343234323,1
21.62316231623162,43.24632463246324,1
21.629162916291627,43.25832583258325,1
21.635163516351632,43.270327032703264,1
21.641164116411638,43.282328232823275,1
21.647164716471643,43.294329432943286,1
21.65316531653165,43.3063306330633,1
21.659165916591654,43.31833183318331,1
21.66516651665166,43.33033303330332,1
21.671167116711665,43.34233423342333,1
21.67716771677167,43.35433543354334,1
21.683168316831683,43.366336633663366,1
21.68916891689169,43.37833783378338,1
21.695169516951694,43.39033903390339,1
21.7011701170117,43.4023402340234,1
21.707170717071705,43.41434143414341,1
21.71317131713171,43.42634263426342,1
21.719171917191716,43.43834383438343,1
21.72517251725172,43.45034503450344,1
21.731173117311727,43.46234623462345,1
21.737173717371732,43.474347434743464,1
21.743174317431738,43.486348634863475,1
21.749174917491743,43.498349834983486,1
21.75517551755175,43.5103510351035,1
21.76117611761176,43.52235223522352,1
21.767176717671767,43.53435343534353,1
21.773177317731772,43.546354635463544,1
21.779177917791777,43.558355835583555,1
21.785178517851783,43.570357035703566,1
21.79117911791179,43.58235823582358,1
21.797179717971794,43.59435943594359,1
21.8031803180318,43.6063606360636,1
21.809180918091805,43.61836183618361,1
21.81518151815181,43.63036303630362,1
21.821182118211816,43.64236423642363,1
21.82718271827182,43.65436543654364,1
21.833183318331827,43.66636663666365,1
21.83918391839184,43.67836783678368,1
21.845184518451845,43.69036903690369,1
21.85118511851185,43.7023702370237,1
21.857185718571856,43.71437143714371,1
21.86318631863186,43.72637263726372,1
21.869186918691867,43.73837383738373,1
21.875187518751872,43.750375037503744,1
21.881188118811878,43.762376237623755,1
21.887188718871883,43.774377437743766,1
21.89318931893189,43.78637863786378,1
21.899189918991894,43.79837983798379,1
21.9051905190519,43.8103810381038,1
21.911191119111905,43.82238223822381,1
21.91719171917191,43.83438343834382,1
21.923192319231923,43.846384638463846,1
21.92919291929193,43.85838583858386,1
21.935193519351934,43.87038703870387,1
21.94119411941194,43.88238823882388,1
21.947194719471945,43.89438943894389,1
21.95319531953195,43.9063906390639,1
21.959195919591956,43.91839183918391,1
21.96519651965196,43.93039303930392,1
21.971197119711967,43.94239423942393,1
21.977197719771972,43.954395439543944,1
21.983198319831978,43.966396639663955,1
21.989198919891983,43.978397839783966,1
21.99519951995199,43.99039903990398,1
22.001200120012,44.002400240024,1
22.007200720072007,44.01440144014401,1
22.013201320132012,44.026402640264024,1
22.019201920192017,44.038403840384035,1
22.025202520252023,44.050405040504046,1
22.03120312031203,44.06240624062406,1
22.037203720372034,44.07440744074407,1
22.04320432043204,44.08640864086408,1
22.049204920492045,44.09840984098409,1
22.05520552055205,44.1104110411041,1
22.061206120612056,44.12241224122411,1
22.06720672067206,44.13441344134412,1
22.073207320732067,44.14641464146413,1
22.07920792079208,44.15841584158416,1
22.085208520852085,44.17041704170417,1
22.09120912091209,44.18241824182418,1
22.097209720972096,44.19441944194419,1
22.1032103210321,44.2064206420642,1
22.109210921092107,44.21842184218421,1
22.115211521152112,44.230423042304224,1
22.121212121212118,44.242424242424235,1
22.127212721272123,44.254425442544246,1
22.13321332133213,44.26642664266426,1
22.139213921392134,44.27842784278427,1
22.14521452145214,44.29042904290428,1
22.151215121512145,44.30243024302429,1
22.15721572157215,44.3144314431443,1
22.163216321632163,44.326432643264326,1
22.16921692169217,44.33843384338434,1
22.175217521752174,44.35043504350435,1
22.18121812181218,44.36243624362436,1
22.187218721872185,44.37443744374437,1
22.19321932193219,44.38643864386438,1
22.199219921992196,44.39843984398439,1
22.2052205220522,44.4104410441044,1
22.211221122112207,44.42244224422441,1
22.217221722172212,44.434443444344424,1
22.223222322232218,44.446444644464435,1
22.229222922292223,44.458445844584446,1
22.23522352235223,44.47044704470446,1
22.24122412241224,44.48244824482448,1
22.247224722472247,44.49444944494449,1
22.253225322532252,44.506450645064504,1
22.259225922592258,44.518451845184515,1
22.265226522652263,44.530453045304526,1
22.27122712271227,44.54245424542454,1
22.277227722772274,44.55445544554455,1
22.28322832283228,44.56645664566456,1
22.289228922892285,44.57845784578457,1
22.29522952295229,44.59045904590458,1
22.301230123012296,44.60246024602459,1
22.3072307230723,44.6144614461446,1
22.313231323132307,44.62646264626461,1
22.319231923192312,44.638463846384624,1
22.325232523252325,44.65046504650465,1
22.33123312331233,44.66246624662466,1
22.337233723372336,44.67446744674467,1
22.34323432343234,44.68646864686468,1
22.349234923492347,44.69846984698469,1
22.355235523552352,44.710471047104704,1
22.361236123612358,44.722472247224715,1
22.367236723672363,44.734473447344726,1
22.37323732373237,44.74647464746474,1
22.379237923792374,44.75847584758475,1
22.38523852385238,44.77047704770476,1
22.391239123912385,44.78247824782477,1
22.39723972397239,44.79447944794478,1
22.403240324032403,44.806480648064806,1
22.40924092409241,44.81848184818482,1
22.415241524152414,44.83048304830483,1
22.42124212421242,44.84248424842484,1
22.427242724272425,44.85448544854485,1
22.43324332433243,44.86648664866486,1
22.439243924392436,44.87848784878487,1
22.44524452445244,44.89048904890488,1
22.451245124512447,44.90249024902489,1
22.457245724572452,44.914491449144904,1
22.463246324632458,44.926492649264915,1
22.469246924692463,44.938493849384926,1
22.47524752475247,44.95049504950494,1
22.48124812481248,44.96249624962496,1
22.487248724872487,44.97449744974497,1
22.493249324932492,44.986498649864984,1
22.499249924992498,44.998499849984995,1
22.505250525052503,45.010501050105006,1
22.51125112511251,45.02250225022502,1
22.517251725172514,45.03450345034503,1
22.52325232523252,45.04650465046504,1
22.529252925292525,45.05850585058505,1
22.53525352535253,45.07050705070506,1
22.541254125412536,45.08250825082507,1
22.54725472547254,45.09450945094508,1
22.553255325532547,45.10651065106509,1
22.559255925592552,45.118511851185104,1
22.565256525652565,45.13051305130513,1
22.57125712571257,45.14251425142514,1
22.577257725772576,45.15451545154515,1
22.58325832583258,45.16651665166516,1
22.589258925892587,45.17851785178517,1
22.595259525952592,45.190519051905184,1
22.601260126012598,45.202520252025195,1
22.607260726072603,45.214521452145206,1
22.61326132613261,45.22652265226522,1
22.619261926192614,45.23852385238523,1
22.62526252625262,45.25052505250524,1
22.631263126312625,45.26252625262525,1
22.63726372637263,45.27452745274526,1
22.643264326432643,45.286528652865286,1
22.64926492649265,45.2985298529853,1
22.655265526552654,45.31053105310531,1
22.66126612661266,45.32253225322532,1
22.667266726672665,45.33453345334533,1
22.67326732673267,45.34653465346534,1
22.679267926792676,45.35853585358535,1
22.68526852685268,45.37053705370536,1
22.691269126912687,45.38253825382537,1
22.697269726972692,45.394539453945384,1
22.703270327032698,45.406540654065395,1
22.709270927092703,45.418541854185406,1
22.71527152715271,45.43054305430542,1
22.72127212721272,45.44254425442544,1
22.727272727272727,45.45454545454545,1
22.733273327332732,45.466546654665464,1
22.739273927392738,45.478547854785475,1
22.745274527452743,45.490549054905486,1
22.75127512751275,45.5025502550255,1
22.757275727572754,45.51455145514551,1
22.76327632763276,45.52655265526552,1
22.769276927692765,45.53855385538553,1
22.77527752775277,45.55055505550554,1
22.781278127812776,45.56255625562555,1
22.78727872787278,45.57455745574556,1
22.793279327932787,45.58655865586557,1
22.799279927992792,45.598559855985584,1
22.805280528052805,45.61056105610561,1
22.81128112811281,45.62256225622562,1
22.817281728172816,45.63456345634563,1
22.82328232823282,45.64656465646564,1
22.829282928292827,45.65856585658565,1
22.835283528352832,45.670567056705664,1
22.841284128412838,45.682568256825675,1
22.847284728472843,45.694569456945686,1
22.85328532853285,45.7065706570657,1
22.859285928592854,45.71857185718571,1
22.86528652865286,45.73057305730572,1
22.871287128712865,45.74257425742573,1
22.87728772877287,45.75457545754574,1
22.883288328832883,45.766576657665766,1
22.88928892889289,45.77857785778578,1
22.895289528952894,45.79057905790579,1
22.9012901290129,45.8025802580258,1
22.907290729072905,45.81458145814581,1
22.91329132913291,45.82658265826582,1
22.919291929192916,45.83858385838583,1
22.92529252925292,45.85058505850584,1
22.931293129312927,45.86258625862585,1
22.937293729372932,45.874587458745864,1
22.943294329432938,45.886588658865875,1
22.949294929492943,45.898589858985886,1
22.95529552955295,45.9105910591059,1
22.96129612961296,45.92259225922592,1
22.967296729672967,45.93459345934593,1
22.973297329732972,45.946594659465944,1
22.979297929792978,45.958595859585955,1
22.985298529852983,45.970597059705966,1
22.99129912991299,45.98259825982598,1
22.997299729972994,45.99459945994599,1
23.003300330033,46.006600660066,1
23.009300930093005,46.01860186018601,1
23.01530153015301,46.03060306030602,1
23.021302130213016,46.04260426042603,1
23.02730273027302,46.05460546054604,1
23.033303330333027,46.066606660666054,1
23.039303930393032,46.078607860786065,1
23.045304530453045,46.09060906090609,1
23.05130513051305,46.1026102610261,1
23.057305730573056,46.11461146114611,1
23.06330633063306,46.12661266126612,1
23.069306930693067,46.13861386138613,1
23.075307530753072,46.150615061506144,1
23.081308130813078,46.162616261626155,1
23.087308730873083,46.174617461746166,1
23.09330933093309,46.18661866186618,1
23.099309930993094,46.19861986198619,1
23.1053105310531,46.2106210621062,1
23.111311131113105,46.22262226222621,1
23.11731173117311,46.23462346234622,1
23.123312331233123,46.246624662466246,1
23.12931293129313,46.25862586258626,1
23.135313531353134,46.27062706270627,1
23.14131413141314,46.28262826282628,1
23.147314731473145,46.29462946294629,1
23.15331533153315,46.3066306630663,1
23.159315931593156,46.31863186318631,1
23.16531653165316,46.33063306330632,1
23.171317131713167,46.34263426342633,1
23.177317731773172,46.354635463546344,1
23.183318331833178,46.366636663666355,1
23.189318931893183,46.378637863786366,1
23.19531953195319,46.39063906390638,1
23.2013201320132,46.4026402640264,1
23.207320732073207,46.41464146414641,1
23.213321332133212,46.426642664266424,1
23.219321932193218,46.438643864386435,1
23.225322532253223,46.450645064506446,1
23.23132313231323,46.46264626462646,1
23.237323732373234,46.47464746474647,1
23.24332433243324,46.48664866486648,1
23.249324932493245,46.49864986498649,1
23.25532553255325,46.5106510651065,1
23.261326132613256,46.52265226522651,1
23.26732673267326,46.53465346534652,1
23.273327332733267,46.546654665466534,1
23.279327932793272,46.558655865586545,1
23.285328532853285,46.57065706570657,1
23.29132913291329,46.58265826582658,1
23.297329732973296,46.59465946594659,1
23.3033303330333,46.6066606660666,1
23.309330933093307,46.61866186618661,1
23.315331533153312,46.630663066306624,1
23.321332133213318,46.642664266426635,1
23.327332733273323,46.654665466546646,1
23.33333333333333,46.66666666666666,1
23.339333933393334,46.67866786678667,1
23.34533453345334,46.69066906690668,1
23.351335133513345,46.70267026702669,1
23.35733573357335,46.7146714671467,1
23.363336333633363,46.726672667266726,1
23.36933693369337,46.73867386738674,1
23.375337533753374,46.75067506750675,1
23.38133813381338,46.76267626762676,1
23.387338733873385,46.77467746774677,1
23.39333933393339,46.78667866786678,1
23.399339933993396,46.79867986798679,1
23.4053405340534,46.8106810681068,1
23.411341134113407,46.822682268226814,1
23.417341734173412,46.834683468346824,1
23.423342334233418,46.846684668466835,1
23.429342934293423,46.858685868586846,1
23.43534353435343,46.87068706870686,1
23.44134413441344,46.88268826882688,1
23.447344734473447,46.89468946894689,1
23.453345334533452,46.906690669066904,1
23.459345934593458,46.918691869186915,1
23.465346534653463,46.930693069306926,1
23.47134713471347,46.94269426942694,1
23.477347734773474,46.95469546954695,1
23.48334833483348,46.96669666966696,1
23.489348934893485,46.97869786978697,1
23.49534953495349,46.99069906990698,1
23.501350135013496,47.00270027002699,1
23.5073507350735,47.014701470147,1
23.513351335133507,47.026702670267014,1
23.519351935193512,47.038703870387025,1
23.525352535253525,47.05070507050705,1
23.53135313531353,47.06270627062706,1
23.537353735373536,47.07470747074707,1
23.54335433543354,47.08670867086708,1
23.549354935493547,47.09870987098709,1
23.555355535553552,47.110711071107104,1
23.561356135613558,47.122712271227115,1
23.567356735673563,47.134713471347126,1
23.57335733573357,47.14671467146714,1
23.579357935793574,47.15871587158715,1
23.58535853585358,47.17071707170716,1
23.591359135913585,47.18271827182717,1
23.59735973597359,47.19471947194718,1
23.603360336033603,47.206720672067206,1
23.60936093609361,47.21872187218722,1
23.615361536153614,47.23072307230723,1
23.62136213621362,47.24272427242724,1
23.627362736273625,47.25472547254725,1
23.63336333633363,47.26672667266726,1
23.639363936393636,47.27872787278727,1
23.64536453645364,47.29072907290728,1
23.651365136513647,47.302730273027294,1
23.657365736573652,47.314731473147305,1
23.663366336633658,47.326732673267315,1
23.669366936693663,47.338733873387326,1
23.67536753675367,47.35073507350734,1
23.68136813681368,47.36273627362736,1
23.687368736873687,47.37473747374737,1
23.693369336933692,47.386738673867384,1
23.699369936993698,47.398739873987395,1
23.705370537053703,47.410741074107406,1
23.71137113711371,47.42274227422742,1
23.717371737173714,47.43474347434743,1
23.72337233723372,47.44674467446744,1
23.729372937293725,47.45874587458745,1
23.73537353735373,47.47074707470746,1
23.741374137413736,47.48274827482747,1
23.74737473747374,47.49474947494748,1
23.753375337533747,47.506750675067494,1
23.759375937593752,47.518751875187505,1
23.765376537653765,47.53075307530753,1
23.77137713771377,47.54275427542754,1
23.777377737773776,47.55475547554755,1
23.78337833783378,47.56675667566756,1
23.789378937893787,47.57875787578757,1
23.795379537953792,47.590759075907584,1
23.801380138013798,47.602760276027595,1
23.807380738073803,47.614761476147606,1
23.81338133813381,47.62676267626762,1
23.819381938193814,47.63876387638763,1
23.82538253825382,47.65076507650764,1
23.831383138313825,47.66276627662765,1
23.83738373837383,47.67476747674766,1
23.843384338433843,47.686768676867686,1
23.84938493849385,47.6987698769877,1
23.855385538553854,47.71077107710771,1
23.86138613861386,47.72277227722772,1
23.867386738673865,47.73477347734773,1
23.87338733873387,47.74677467746774,1
23.879387938793876,47.75877587758775,1
23.88538853885388,47.77077707770776,1
23.891389138913887,47.782778277827774,1
23.897389738973892,47.794779477947785,1
23.903390339033898,47.806780678067796,1
23.909390939093903,47.81878187818781,1
23.91539153915391,47.83078307830782,1
23.92139213921392,47.84278427842784,1
23.927392739273927,47.85478547854785,1
23.933393339333932,47.866786678667864,1
23.939393939393938,47.878787878787875,1
23.945394539453943,47.890789078907886,1
23.95139513951395,47.9027902790279,1
23.957395739573954,47.91479147914791,1
23.96339633963396,47.92679267926792,1
23.969396939693965,47.93879387938793,1
23.97539753975397,47.95079507950794,1
23.981398139813976,47.96279627962795,1
23.98739873987398,47.97479747974796,1
23.993399339933987,47.986798679867974,1
23.999399939993992,47.998799879987985,1
24.005400540054005,48.01080108010801,1
24.01140114011401,48.02280228022802,1
24.017401740174016,48.03480348034803,1
24.02340234023402,48.04680468046804,1
24.029402940294027,48.058805880588054,1
24.035403540354032,48.070807080708065,1
24.041404140414038,48.082808280828075,1
24.047404740474043,48.094809480948086,1
24.05340534053405,48.1068106810681,1
24.059405940594054,48.11881188118811,1
24.06540654065406,48.13081308130812,1
24.071407140714065,48.14281428142813,1
24.07740774077407,48.15481548154814,1
24.083408340834083,48.166816681668166,1
24.08940894089409,48.17881788178818,1
24.095409540954094,48.19081908190819,1
24.1014101410141,48.2028202820282,1
24.107410741074105,48.21482148214821,1
24.11341134113411,48.22682268226822,1
24.119411941194116,48.23882388238823,1
24.12541254125412,48.25082508250824,1
24.131413141314127,48.262826282628254,1
24.137413741374132,48.274827482748265,1
24.143414341434138,48.286828682868276,1
24.149414941494143,48.29882988298829,1
24.15541554155415,48.3108310831083,1
24.16141614161416,48.32283228322832,1
24.167416741674167,48.33483348334833,1
24.173417341734172,48.346834683468344,1
24.179417941794178,48.358835883588355,1
24.185418541854183,48.370837083708366,1
24.19141914191419,48.38283828382838,1
24.197419741974194,48.39483948394839,1
24.2034203420342,48.4068406840684,1
24.209420942094205,48.41884188418841,1
24.21542154215421,48.43084308430842,1
24.221422142214216,48.44284428442843,1
24.22742274227422,48.45484548454844,1
24.233423342334227,48.466846684668454,1
24.239423942394232,48.478847884788465,1
24.245424542454245,48.49084908490849,1
24.25142514251425,48.5028502850285,1
24.257425742574256,48.51485148514851,1
24.26342634263426,48.52685268526852,1
24.269426942694267,48.538853885388534,1
24.275427542754272,48.550855085508545,1
24.281428142814278,48.562856285628555,1
24.287428742874283,48.574857485748566,1
24.29342934293429,48.58685868586858,1
24.299429942994294,48.59885988598859,1
24.3054305430543,48.6108610861086,1
24.311431143114305,48.62286228622861,1
24.31743174317431,48.63486348634862,1
24.323432343234323,48.646864686468646,1
24.32943294329433,48.65886588658866,1
24.335433543354334,48.67086708670867,1
24.34143414341434,48.68286828682868,1
24.347434743474345,48.69486948694869,1
24.35343534353435,48.7068706870687,1
24.359435943594356,48.71887188718871,1
24.36543654365436,48.73087308730872,1
24.371437143714367,48.742874287428734,1
24.377437743774372,48.754875487548745,1
24.383438343834378,48.766876687668756,1
24.389438943894383,48.77887788778877,1
24.39543954395439,48.79087908790878,1
24.4014401440144,48.8028802880288,1
24.407440744074407,48.814881488148814,1
24.413441344134412,48.826882688268824,1
24.419441944194418,48.838883888388835,1
24.425442544254423,48.850885088508846,1
24.43144314431443,48.86288628862886,1
24.437443744374434,48.87488748874887,1
24.44344434443444,48.88688868886888,1
24.449444944494445,48.89888988898889,1
24.45544554455445,48.9108910891089,1
24.461446144614456,48.92289228922891,1
24.46744674467446,48.93489348934892,1
24.473447344734467,48.946894689468934,1
24.479447944794472,48.958895889588945,1
24.485448544854485,48.97089708970897,1
24.49144914491449,48.98289828982898,1
24.497449744974496,48.99489948994899,1
24.5034503450345,49.006900690069,1
24.509450945094507,49.018901890189014,1
24.515451545154512,49.030903090309025,1
24.521452145214518,49.042904290429036,1
24.527452745274523,49.05490549054905,1
24.53345334533453,49.06690669066906,1
24.539453945394534,49.07890789078907,1
24.54545454545454,49.09090909090908,1
24.551455145514545,49.10291029102909,1
24.55745574557455,49.1149114911491,1
24.563456345634563,49.126912691269126,1
24.56945694569457,49.13891389138914,1
24.575457545754574,49.15091509150915,1
24.58145814581458,49.16291629162916,1
24.587458745874585,49.17491749174917,1
24.59345934593459,49.18691869186918,1
24.599459945994596,49.19891989198919,1
24.6054605460546,49.2109210921092,1
24.611461146114607,49.222922292229214,1
24.617461746174612,49.234923492349225,1
24.623462346234618,49.246924692469236,1
24.629462946294623,49.25892589258925,1
24.63546354635463,49.27092709270926,1
24.64146414641464,49.28292829282928,1
24.647464746474647,49.294929492949294,1
24.653465346534652,49.306930693069305,1
24.659465946594658,49.318931893189315,1
24.665466546654663,49.330933093309326,1
24.67146714671467,49.34293429342934,1
24.677467746774674,49.35493549354935,1
24.68346834683468,49.36693669366936,1
24.689468946894685,49.37893789378937,1
24.69546954695469,49.39093909390938,1
24.701470147014696,49.40294029402939,1
24.7074707470747,49.4149414941494,1
24.713471347134707,49.426942694269414,1
24.719471947194712,49.438943894389425,1
24.725472547254725,49.45094509450945,1
24.73147314731473,49.46294629462946,1
24.737473747374736,49.47494749474947,1
24.74347434743474,49.48694869486948,1
24.749474947494747,49.498949894989494,1
24.755475547554752,49.510951095109505,1
24.761476147614758,49.522952295229516,1
24.767476747674763,49.53495349534953,1
24.77347734773477,49.54695469546954,1
24.779477947794774,49.55895589558955,1
24.78547854785478,49.57095709570956,1
24.791479147914785,49.58295829582957,1
24.79747974797479,49.59495949594958,1
24.803480348034803,49.606960696069606,1
24.80948094809481,49.61896189618962,1
24.815481548154814,49.63096309630963,1
24.82148214821482,49.64296429642964,1
24.827482748274825,49.65496549654965,1
24.83348334833483,49.66696669666966,1
24.839483948394836,49.67896789678967,1
24.84548454845484,49.69096909690968,1
24.851485148514847,49.702970297029694,1
24.857485748574852,49.714971497149705,1
24.863486348634858,49.726972697269716,1
24.869486948694863,49.73897389738973,1
24.87548754875487,49.75097509750974,1
24.88148814881488,49.76297629762976,1
24.887488748874887,49.774977497749774,1
24.893489348934892,49.786978697869785,1
24.899489948994898,49.798979897989796,1
24.905490549054903,49.81098109810981,1
24.91149114911491,49.82298229822982,1
24.917491749174914,49.83498349834983,1
24.92349234923492,49.84698469846984,1
24.929492949294925,49.85898589858985,1
24.93549354935493,49.87098709870986,1
24.941494149414936,49.88298829882987,1
24.94749474947494,49.89498949894988,1
24.953495349534947,49.906990699069894,1
24.959495949594952,49.918991899189905,1
24.965496549654965,49.93099309930993,1
24.97149714971497,49.94299429942994,1
24.977497749774976,49.95499549954995,1
24.98349834983498,49.96699669966996,1
24.989498949894987,49.978997899789974,1
24.995499549954992,49.990999099909985,1
25.001500150014998,50.003000300029996,1
25.007500750075003,50.01500150015001,1
25.01350135013501,50.02700270027002,1
25.019501950195014,50.03900390039003,1
25.02550255025502,50.05100510051004,1
25.031503150315025,50.06300630063005,1
25.03750375037503,50.07500750075006,1
25.043504350435043,50.087008700870086,1
25.04950495049505,50.0990099009901,1
25.055505550555054,50.11101110111011,1
25.06150615061506,50.12301230123012,1
25.067506750675065,50.13501350135013,1
25.07350735073507,50.14701470147014,1
25.079507950795076,50.15901590159015,1
25.08550855085508,50.17101710171016,1
25.091509150915087,50.183018301830174,1
25.097509750975092,50.195019501950185,1
25.103510351035098,50.207020702070196,1
25.109510951095103,50.21902190219021,1
25.11551155115511,50.23102310231022,1
25.12151215121512,50.24302430243024,1
25.127512751275127,50.255025502550254,1
25.133513351335132,50.267026702670265,1
25.139513951395138,50.279027902790276,1
25.145514551455143,50.29102910291029,1
25.15151515151515,50.3030303030303,1
25.157515751575154,50.31503150315031,1
25.16351635163516,50.32703270327032,1
25.169516951695165,50.33903390339033,1
25.17551755175517,50.35103510351034,1
25.181518151815176,50.36303630363035,1
25.18751875187518,50.37503750375036,1
25.193519351935187,50.387038703870374,1
25.199519951995192,50.399039903990385,1
25.205520552055205,50.41104110411041,1
25.21152115211521,50.42304230423042,1
25.217521752175216,50.43504350435043,1
25.22352235223522,50.44704470447044,1
25.229522952295227,50.459045904590454,1
25.235523552355232,50.471047104710465,1
25.241524152415238,50.483048304830476,1
25.247524752475243,50.49504950495049,1
25.25352535253525,50.5070507050705,1
25.259525952595254,50.51905190519051,1
25.26552655265526,50.53105310531052,1
25.271527152715265,50.54305430543053,1
25.27752775277527,50.55505550555054,1
25.283528352835283,50.567056705670566,1
25.28952895289529,50.57905790579058,1
25.295529552955294,50.59105910591059,1
25.3015301530153,50.6030603060306,1
25.307530753075305,50.61506150615061,1
25.31353135313531,50.62706270627062,1
25.319531953195316,50.63906390639063,1
25.32553255325532,50.65106510651064,1
25.331533153315327,50.663066306630654,1
25.337533753375332,50.675067506750665,1
25.343534353435338,50.687068706870676,1
25.349534953495343,50.69906990699069,1
25.35553555355535,50.7110711071107,1
25.361536153615354,50.72307230723071,1
25.367536753675367,50.735073507350734,1
25.373537353735372,50.747074707470745,1
25.379537953795378,50.759075907590756,1
25.385538553855383,50.77107710771077,1
25.39153915391539,50.78307830783078,1
25.397539753975394,50.79507950795079,1
25.4035403540354,50.8070807080708,1
25.409540954095405,50.81908190819081,1
25.41554155415541,50.83108310831082,1
25.421542154215416,50.84308430843083,1
25.42754275427542,50.85508550855084,1
25.433543354335427,50.867086708670854,1
25.439543954395432,50.879087908790865,1
25.445544554455445,50.89108910891089,1
25.45154515451545,50.9030903090309,1
25.457545754575456,50.91509150915091,1
25.46354635463546,50.92709270927092,1
25.469546954695467,50.939093909390934,1
25.475547554755472,50.951095109510945,1
25.481548154815478,50.963096309630956,1
25.487548754875483,50.97509750975097,1
25.49354935493549,50.98709870987098,1
25.499549954995494,50.99909990999099,1
25.5055505550555,51.011101110111,1
25.511551155115505,51.02310231023101,1
25.51755175517551,51.03510351035102,1
25.523552355235523,51.04710471047105,1
25.52955295529553,51.05910591059106,1
25.535553555355534,51.07110711071107,1
25.54155415541554,51.08310831083108,1
25.547554755475545,51.09510951095109,1
25.55355535553555,51.1071107110711,1
25.559555955595556,51.11911191119111,1
25.56555655565556,51.13111311131112,1
25.571557155715567,51.143114311431134,1
25.577557755775572,51.155115511551145,1
25.583558355835578,51.167116711671156,1
25.589558955895583,51.17911791179117,1
25.59555955595559,51.19111911191118,1
25.601560156015594,51.20312031203119,1
25.607560756075607,51.215121512151214,1
25.613561356135612,51.227122712271225,1
25.619561956195618,51.239123912391236,1
25.625562556255623,51.25112511251125,1
25.63156315631563,51.26312631263126,1
25.637563756375634,51.27512751275127,1
25.64356435643564,51.28712871287128,1
25.649564956495645,51.29912991299129,1
25.65556555655565,51.3111311131113,1
25.661566156615656,51.32313231323131,1
25.66756675667566,51.33513351335132,1
25.673567356735667,51.347134713471334,1
25.679567956795673,51.359135913591345,1
25.685568556855685,51.37113711371137,1
25.69156915691569,51.38313831383138,1
25.697569756975696,51.39513951395139,1
25.7035703570357,51.4071407140714,1
25.709570957095707,51.419141914191414,1
25.715571557155712,51.431143114311425,1
25.721572157215718,51.443144314431436,1
25.727572757275723,51.45514551455145,1
25.73357335733573,51.46714671467146,1
25.739573957395734,51.47914791479147,1
25.74557455745574,51.49114911491148,1
25.751575157515745,51.50315031503149,1
25.75757575757575,51.5151515151515,1
25.763576357635763,51.52715271527153,1
25.76957695769577,51.53915391539154,1
25.775577557755774,51.55115511551155,1
25.78157815781578,51.56315631563156,1
25.787578757875785,51.57515751575157,1
25.79357935793579,51.58715871587158,1
25.799579957995796,51.59915991599159,1
25.8055805580558,51.6111611161116,1
25.811581158115807,51.623162316231614,1
25.817581758175812,51.635163516351625,1
25.823582358235818,51.647164716471636,1
25.829582958295823,51.65916591659165,1
25.83558355835583,51.67116711671166,1
25.841584158415834,51.68316831683167,1
25.847584758475847,51.695169516951694,1
25.853585358535852,51.707170717071705,1
25.859585958595858,51.719171917191716,1
25.865586558655863,51.73117311731173,1
25.87158715871587,51.74317431743174,1
25.877587758775874,51.75517551755175,1
25.88358835883588,51.76717671767176,1
25.889588958895885,51.77917791779177,1
25.89558955895589,51.79117911791178,1
25.901590159015896,51.80318031803179,1
25.9075907590759,51.8151815181518,1
25.913591359135907,51.827182718271814,1
25.919591959195913,51.839183918391825,1
25.925592559255925,51.85118511851185,1
25.93159315931593,51.86318631863186,1
25.937593759375936,51.87518751875187,1
25.94359435943594,51.88718871887188,1
25.949594959495947,51.899189918991894,1
25.955595559555952,51.911191119111905,1
25.961596159615958,51.923192319231916,1
25.967596759675963,51.93519351935193,1
25.97359735973597,51.94719471947194,1
25.979597959795974,51.95919591959195,1
25.98559855985598,51.97119711971196,1
25.991599159915985,51.98319831983197,1
25.99759975997599,51.99519951995198,1
26.003600360036003,52.00720072007201,1
26.00960096009601,52.01920192019202,1
26.015601560156014,52.03120312031203,1
26.02160216021602,52.04320432043204,1
26.027602760276025,52.05520552055205,1
26.03360336033603,52.06720672067206,1
26.039603960396036,52.07920792079207,1
26.04560456045604,52.09120912091208,1
26.051605160516047,52.103210321032094,1
26.057605760576052,52.115211521152105,1
26.063606360636058,52.127212721272116,1
26.069606960696063,52.13921392139213,1
26.07560756075607,52.15121512151214,1
26.081608160816074,52.16321632163215,1
26.087608760876087,52.175217521752174,1
26.093609360936092,52.187218721872185,1
26.099609960996098,52.199219921992196,1
26.105610561056103,52.21122112211221,1
26.11161116111611,52.22322232223222,1
26.117611761176114,52.23522352235223,1
26.12361236123612,52.24722472247224,1
26.129612961296125,52.25922592259225,1
26.13561356135613,52.27122712271226,1
26.141614161416136,52.28322832283227,1
26.14761476147614,52.29522952295228,1
26.153615361536147,52.307230723072294,1
26.159615961596153,52.319231923192305,1
26.165616561656165,52.33123312331233,1
26.17161716171617,52.34323432343234,1
26.177617761776176,52.35523552355235,1
26.18361836183618,52.36723672367236,1
26.189618961896187,52.379237923792374,1
26.195619561956192,52.391239123912385,1
26.201620162016198,52.403240324032396,1
26.207620762076203,52.41524152415241,1
26.21362136213621,52.42724272427242,1
26.219621962196214,52.43924392439243,1
26.22562256225622,52.45124512451244,1
26.231623162316225,52.46324632463245,1
26.23762376237623,52.47524752475246,1
26.243624362436243,52.48724872487249,1
26.24962496249625,52.4992499249925,1
26.255625562556254,52.51125112511251,1
26.26162616261626,52.52325232523252,1
26.267626762676265,52.53525352535253,1
26.27362736273627,52.54725472547254,1
26.279627962796276,52.55925592559255,1
26.28562856285628,52.57125712571256,1
26.291629162916287,52.583258325832574,1
26.297629762976293,52.595259525952585,1
26.303630363036298,52.607260726072596,1
26.309630963096303,52.61926192619261,1
26.31563156315631,52.63126312631262,1
26.321632163216314,52.64326432643263,1
26.327632763276327,52.655265526552654,1
26.333633363336332,52.667266726672665,1
26.339633963396338,52.679267926792676,1
26.345634563456343,52.69126912691269,1
26.35163516351635,52.7032703270327,1
26.357635763576354,52.71527152715271,1
26.36363636363636,52.72727272727272,1
26.369636963696365,52.73927392739273,1
26.37563756375637,52.75127512751274,1
26.381638163816376,52.76327632763275,1
26.38763876387638,52.77527752775276,1
26.393639363936387,52.787278727872774,1
26.399639963996393,52.799279927992785,1
26.405640564056405,52.81128112811281,1
26.41164116411641,52.82328232823282,1
26.417641764176416,52.83528352835283,1
26.42364236423642,52.84728472847284,1
26.429642964296427,52.859285928592854,1
26.435643564356432,52.871287128712865,1
26.441644164416438,52.883288328832876,1
26.447644764476443,52.89528952895289,1
26.45364536453645,52.9072907290729,1
26.459645964596454,52.91929192919291,1
26.46564656465646,52.93129312931292,1
26.471647164716465,52.94329432943293,1
26.47764776477647,52.95529552955294,1
26.483648364836483,52.96729672967297,1
26.48964896489649,52.97929792979298,1
26.495649564956494,52.99129912991299,1
26.5016501650165,53.003300330033,1
26.507650765076505,53.01530153015301,1
26.51365136513651,53.02730273027302,1
26.519651965196516,53.03930393039303,1
26.52565256525652,53.05130513051304,1
26.531653165316527,53.063306330633054,1
26.537653765376533,53.075307530753065,1
26.543654365436538,53.087308730873076,1
26.549654965496543,53.09930993099309,1
26.55565556555655,53.1113111311131,1
26.561656165616554,53.12331233123311,1
26.567656765676567,53.135313531353134,1
26.573657365736572,53.147314731473145,1
26.579657965796578,53.159315931593156,1
26.585658565856583,53.17131713171317,1
26.59165916591659,53.18331833183318,1
26.597659765976594,53.19531953195319,1
26.6036603660366,53.2073207320732,1
26.609660966096605,53.21932193219321,1
26.61566156615661,53.23132313231322,1
26.621662166216616,53.24332433243323,1
26.62766276627662,53.25532553255324,1
26.633663366336627,53.267326732673254,1
26.639663966396633,53.279327932793265,1
26.645664566456645,53.29132913291329,1
26.65166516651665,53.3033303330333,1
26.657665766576656,53.31533153315331,1
26.66366636663666,53.32733273327332,1
26.669666966696667,53.339333933393334,1
26.675667566756672,53.351335133513345,1
26.681668166816678,53.363336333633356,1
26.687668766876683,53.37533753375337,1
26.69366936693669,53.38733873387338,1
26.699669966996694,53.39933993399339,1
26.7056705670567,53.4113411341134,1
26.711671167116705,53.42334233423341,1
26.71767176717671,53.43534353435342,1
26.723672367236723,53.44734473447345,1
26.72967296729673,53.45934593459346,1
26.735673567356734,53.47134713471347,1
26.74167416741674,53.48334833483348,1
26.747674767476745,53.49534953495349,1
26.75367536753675,53.5073507350735,1
26.759675967596756,53.51935193519351,1
26.76567656765676,53.53135313531352,1
26.771677167716767,53.543354335433534,1
26.777677767776773,53.555355535553545,1
26.783678367836778,53.567356735673556,1
26.789678967896783,53.57935793579357,1
26.79567956795679,53.59135913591358,1
26.801680168016794,53.60336033603359,1
26.807680768076807,53.615361536153614,1
26.813681368136812,53.627362736273625,1
26.819681968196818,53.639363936393636,1
26.825682568256823,53.65136513651365,1
26.83168316831683,53.66336633663366,1
26.837683768376834,53.67536753675367,1
26.84368436843684,53.68736873687368,1
26.849684968496845,53.69936993699369,1
26.85568556855685,53.7113711371137,1
26.861686168616856,53.72337233723371,1
26.86768676867686,53.73537353735372,1
26.873687368736867,53.747374737473734,1
26.879687968796873,53.759375937593745,1
26.885688568856885,53.77137713771377,1
26.89168916891689,53.78337833783378,1
26.897689768976896,53.79537953795379,1
26.9036903690369,53.8073807380738,1
26.909690969096907,53.819381938193814,1
26.915691569156913,53.831383138313825,1
26.921692169216918,53.843384338433836,1
26.927692769276923,53.85538553855385,1
26.93369336933693,53.86738673867386,1
26.939693969396934,53.87938793879387,1
26.94569456945694,53.89138913891388,1
26.951695169516945,53.90339033903389,1
26.95769576957695,53.9153915391539,1
26.963696369636963,53.92739273927393,1
26.96969696969697,53.93939393939394,1
26.975697569756974,53.95139513951395,1
26.98169816981698,53.96339633963396,1
26.987698769876985,53.97539753975397,1
26.99369936993699,53.98739873987398,1
26.999699969996996,53.99939993999399,1
27.005700570057,54.011401140114,1
27.011701170117007,54.023402340234014,1
27.017701770177013,54.035403540354025,1
27.023702370237018,54.047404740474036,1
27.029702970297024,54.05940594059405,1
27.03570357035703,54.07140714071406,1
27.041704170417034,54.08340834083407,1
27.047704770477047,54.095409540954094,1
27.053705370537052,54.107410741074105,1
27.059705970597058,54.119411941194116,1
27.065706570657063,54.13141314131413,1
27.07170717071707,54.14341434143414,1
27.077707770777074,54.15541554155415,1
27.08370837083708,54.16741674167416,1
27.089708970897085,54.17941794179417,1
27.09570957095709,54.19141914191418,1
27.101710171017096,54.20342034203419,1
27.1077107710771,54.2154215421542,1
27.113711371137107,54.227422742274214,1
27.119711971197113,54.239423942394225,1
27.125712571257125,54.25142514251425,1
27.13171317131713,54.26342634263426,1
27.137713771377136,54.27542754275427,1
27.14371437143714,54.28742874287428,1
27.149714971497147,54.299429942994294,1
27.155715571557153,54.311431143114305,1
27.161716171617158,54.323432343234316,1
27.167716771677163,54.33543354335433,1
27.17371737173717,54.34743474347434,1
27.179717971797174,54.35943594359435,1
27.18571857185718,54.37143714371436,1
27.191719171917185,54.38343834383437,1
27.19771977197719,54.39543954395438,1
27.203720372037203,54.40744074407441,1
27.20972097209721,54.41944194419442,1
27.215721572157214,54.43144314431443,1
27.22172217221722,54.44344434443444,1
27.227722772277225,54.45544554455445,1
27.23372337233723,54.46744674467446,1
27.239723972397236,54.47944794479447,1
27.24572457245724,54.49144914491448,1
27.251725172517247,54.503450345034494,1
27.257725772577253,54.515451545154505,1
27.263726372637258,54.527452745274516,1
27.269726972697264,54.53945394539453,1
27.27572757275727,54.55145514551454,1
27.281728172817274,54.56345634563455,1
27.287728772877287,54.575457545754574,1
27.293729372937293,54.587458745874585,1
27.299729972997298,54.599459945994596,1
27.305730573057303,54.61146114611461,1
27.31173117311731,54.62346234623462,1
27.317731773177314,54.63546354635463,1
27.32373237323732,54.64746474647464,1
27.329732973297325,54.65946594659465,1
27.33573357335733,54.67146714671466,1
27.341734173417336,54.68346834683467,1
27.34773477347734,54.69546954695468,1
27.353735373537347,54.707470747074694,1
27.359735973597353,54.719471947194705,1
27.365736573657365,54.73147314731473,1
27.37173717371737,54.74347434743474,1
27.377737773777376,54.75547554755475,1
27.38373837383738,54.76747674767476,1
27.389738973897387,54.779477947794774,1
27.395739573957393,54.791479147914785,1
27.401740174017398,54.803480348034796,1
27.407740774077404,54.81548154815481,1
27.41374137413741,54.82748274827482,1
27.419741974197414,54.83948394839483,1
27.42574257425742,54.85148514851484,1
27.431743174317425,54.86348634863485,1
27.43774377437743,54.87548754875486,1
27.443744374437443,54.88748874887489,1
27.44974497449745,54.8994899489949,1
27.455745574557454,54.91149114911491,1
27.46174617461746,54.92349234923492,1
27.467746774677465,54.93549354935493,1
27.47374737473747,54.94749474947494,1
27.479747974797476,54.95949594959495,1
27.48574857485748,54.97149714971496,1
27.491749174917487,54.983498349834974,1
27.497749774977493,54.995499549954985,1
27.503750375037498,55.007500750074996,1
27.509750975097504,55.01950195019501,1
27.51575157515751,55.03150315031502,1
27.521752175217514,55.04350435043503,1
27.527752775277527,55.055505550555054,1
27.533753375337533,55.067506750675065,1
27.539753975397538,55.079507950795076,1
27.545754575457543,55.09150915091509,1
27.55175517551755,55.1035103510351,1
27.557755775577554,55.11551155115511,1
27.56375637563756,55.12751275127512,1
27.569756975697565,55.13951395139513,1
27.57575757575757,55.15151515151514,1
27.581758175817576,55.16351635163515,1
27.58775877587758,55.17551755175516,1
27.593759375937587,55.187518751875174,1
27.599759975997593,55.199519951995185,1
27.605760576057605,55.21152115211521,1
27.61176117611761,55.22352235223522,1
27.617761776177616,55.23552355235523,1
27.62376237623762,55.24752475247524,1
27.629762976297627,55.259525952595254,1
27.635763576357633,55.271527152715265,1
27.641764176417638,55.283528352835276,1
27.647764776477644,55.29552955295529,1
27.65376537653765,55.3075307530753,1
27.659765976597654,55.31953195319531,1
27.66576657665766,55.33153315331532,1
27.671767176717665,55.34353435343533,1
27.67776777677767,55.35553555355534,1
27.683768376837683,55.36753675367537,1
27.68976897689769,55.37953795379538,1
27.695769576957694,55.39153915391539,1
27.7017701770177,55.4035403540354,1
27.707770777077705,55.41554155415541,1
27.71377137713771,55.42754275427542,1
27.719771977197716,55.43954395439543,1
27.72577257725772,55.45154515451544,1
27.731773177317727,55.463546354635454,1
27.737773777377733,55.475547554755465,1
27.743774377437738,55.487548754875476,1
27.749774977497744,55.49954995499549,1
27.75577557755775,55.5115511551155,1
27.761776177617755,55.52355235523551,1
27.767776777677767,55.535553555355534,1
27.773777377737773,55.547554755475545,1
27.779777977797778,55.559555955595556,1
27.785778577857783,55.57155715571557,1
27.79177917791779,55.58355835583558,1
27.797779777977794,55.59555955595559,1
27.8037803780378,55.6075607560756,1
27.809780978097805,55.61956195619561,1
27.81578157815781,55.63156315631562,1
27.821782178217816,55.64356435643563,1
27.82778277827782,55.65556555655564,1
27.833783378337827,55.667566756675654,1
27.839783978397833,55.679567956795665,1
27.845784578457845,55.69156915691569,1
27.85178517851785,55.7035703570357,1
27.857785778577856,55.71557155715571,1
27.86378637863786,55.72757275727572,1
27.869786978697867,55.739573957395734,1
27.875787578757873,55.751575157515745,1
27.881788178817878,55.763576357635756,1
27.887788778877884,55.77557755775577,1
27.89378937893789,55.78757875787578,1
27.899789978997894,55.79957995799579,1
27.9057905790579,55.8115811581158,1
27.911791179117905,55.82358235823581,1
27.91779177917791,55.83558355835582,1
27.923792379237923,55.84758475847585,1
27.92979297929793,55.85958595859586,1
27.935793579357934,55.87158715871587,1
27.94179417941794,55.88358835883588,1
27.947794779477945,55.89558955895589,1
27.95379537953795,55.9075907590759,1
27.959795979597956,55.91959195919591,1
27.96579657965796,55.93159315931592,1
27.971797179717967,55.943594359435934,1
27.977797779777973,55.955595559555945,1
27.983798379837978,55.967596759675956,1
27.989798979897984,55.97959795979597,1
27.99579957995799,55.99159915991598,1
28.001800180017995,56.00360036003599,1
28.007800780078007,56.015601560156014,1
28.013801380138013,56.027602760276025,1
28.019801980198018,56.039603960396036,1
28.025802580258024,56.05160516051605,1
28.03180318031803,56.06360636063606,1
28.037803780378034,56.07560756075607,1
28.04380438043804,56.08760876087608,1
28.049804980498045,56.09960996099609,1
28.05580558055805,56.1116111611161,1
28.061806180618056,56.12361236123611,1
28.067806780678062,56.135613561356124,1
28.073807380738067,56.147614761476135,1
28.079807980798073,56.159615961596145,1
28.085808580858085,56.17161716171617,1
28.09180918091809,56.18361836183618,1
28.097809780978096,56.19561956195619,1
28.1038103810381,56.2076207620762,1
28.109810981098107,56.219621962196214,1
28.115811581158113,56.231623162316225,1
28.121812181218118,56.243624362436236,1
28.127812781278124,56.25562556255625,1
28.13381338133813,56.26762676267626,1
28.139813981398135,56.27962796279627,1
28.14581458145814,56.29162916291628,1
28.151815181518145,56.30363036303629,1
28.15781578157815,56.3156315631563,1
28.163816381638163,56.32763276327633,1
28.16981698169817,56.33963396339634,1
28.175817581758174,56.35163516351635,1
28.18181818181818,56.36363636363636,1
28.187818781878185,56.37563756375637,1
28.19381938193819,56.38763876387638,1
28.199819981998196,56.39963996399639,1
28.2058205820582,56.4116411641164,1
28.211821182118207,56.423642364236414,1
28.217821782178213,56.435643564356425,1
28.223822382238218,56.447644764476436,1
28.229822982298224,56.45964596459645,1
28.23582358235823,56.47164716471646,1
28.241824182418235,56.48364836483647,1
28.247824782478247,56.495649564956494,1
28.253825382538253,56.507650765076505,1
28.259825982598258,56.519651965196516,1
28.265826582658264,56.53165316531653,1
28.27182718271827,56.54365436543654,1
28.277827782778274,56.55565556555655,1
28.28382838283828,56.56765676567656,1
28.289828982898285,56.57965796579657,1
28.29582958295829,56.59165916591658,1
28.301830183018296,56.60366036603659,1
28.307830783078302,56.615661566156604,1
28.313831383138307,56.627662766276615,1
28.319831983198313,56.639663966396625,1
28.325832583258325,56.65166516651665,1
28.33183318331833,56.66366636663666,1
28.337833783378336,56.67566756675667,1
28.34383438343834,56.68766876687668,1
28.349834983498347,56.699669966996694,1
28.355835583558353,56.711671167116705,1
28.361836183618358,56.723672367236716,1
28.367836783678364,56.73567356735673,1
28.37383738373837,56.74767476747674,1
28.379837983798375,56.75967596759675,1
28.38583858385838,56.77167716771676,1
28.391839183918385,56.78367836783677,1
28.39783978397839,56.79567956795678,1
28.403840384038396,56.80768076807679,1
28.40984098409841,56.81968196819682,1
28.415841584158414,56.83168316831683,1
28.42184218421842,56.84368436843684,1
28.427842784278425,56.85568556855685,1
28.43384338433843,56.86768676867686,1
28.439843984398436,56.87968796879687,1
28.44584458445844,56.89168916891688,1
28.451845184518447,56.903690369036894,1
28.457845784578453,56.915691569156905,1
28.463846384638458,56.927692769276916,1
28.469846984698464,56.93969396939693,1
28.47584758475847,56.95169516951694,1
28.481848184818475,56.96369636963695,1
28.487848784878487,56.975697569756974,1
28.493849384938493,56.987698769876985,1
28.499849984998498,56.999699969996996,1
28.505850585058504,57.01170117011701,1
28.51185118511851,57.02370237023702,1
28.517851785178514,57.03570357035703,1
28.52385238523852,57.04770477047704,1
28.529852985298525,57.05970597059705,1
28.53585358535853,57.07170717071706,1
28.541854185418536,57.08370837083707,1
28.547854785478542,57.095709570957084,1
28.553855385538547,57.107710771077095,1
28.559855985598553,57.119711971197106,1
28.565856585658565,57.13171317131713,1
28.57185718571857,57.14371437143714,1
28.577857785778576,57.15571557155715,1
28.58385838583858,57.16771677167716,1
28.589858985898587,57.179717971797174,1
28.595859585958593,57.191719171917185,1
28.601860186018598,57.203720372037196,1
28.607860786078604,57.21572157215721,1
28.61386138613861,57.22772277227722,1
28.619861986198615,57.23972397239723,1
28.62586258625862,57.25172517251724,1
28.631863186318625,57.26372637263725,1
28.63786378637863,57.27572757275726,1
28.643864386438636,57.28772877287727,1
28.64986498649865,57.2997299729973,1
28.655865586558654,57.31173117311731,1
28.66186618661866,57.32373237323732,1
28.667866786678665,57.33573357335733,1
28.67386738673867,57.34773477347734,1
28.679867986798676,57.35973597359735,1
28.685868586858682,57.371737173717364,1
28.691869186918687,57.383738373837375,1
28.697869786978693,57.395739573957385,1
28.703870387038698,57.407740774077396,1
28.709870987098704,57.41974197419741,1
28.71587158715871,57.43174317431742,1
28.721872187218715,57.44374437443743,1
28.727872787278727,57.455745574557454,1
28.733873387338733,57.467746774677465,1
28.739873987398738,57.479747974797476,1
28.745874587458744,57.49174917491749,1
28.75187518751875,57.5037503750375,1
28.757875787578755,57.51575157515751,1
28.76387638763876,57.52775277527752,1
28.769876987698765,57.53975397539753,1
28.77587758775877,57.55175517551754,1
28.781878187818776,57.56375637563755,1
28.787878787878782,57.575757575757564,1
28.793879387938787,57.587758775877575,1
28.799879987998793,57.599759975997586,1
28.805880588058805,57.61176117611761,1
28.81188118811881,57.62376237623762,1
28.817881788178816,57.63576357635763,1
28.82388238823882,57.64776477647764,1
28.829882988298827,57.659765976597654,1
28.835883588358833,57.671767176717665,1
28.841884188418838,57.683768376837676,1
28.847884788478844,57.69576957695769,1
28.85388538853885,57.7077707770777,1
28.859885988598855,57.71977197719771,1
28.86588658865886,57.73177317731772,1
28.871887188718866,57.74377437743773,1
28.87788778877887,57.75577557755774,1
28.883888388838876,57.76777677767775,1
28.88988898889889,57.77977797779778,1
28.895889588958894,57.79177917791779,1
28.9018901890189,57.8037803780378,1
28.907890789078905,57.81578157815781,1
28.91389138913891,57.82778277827782,1
28.919891989198916,57.83978397839783,1
28.925892589258922,57.851785178517844,1
28.931893189318927,57.863786378637855,1
28.937893789378933,57.875787578757866,1
28.943894389438938,57.887788778877876,1
28.949894989498944,57.89978997899789,1
28.95589558955895,57.9117911791179,1
28.961896189618955,57.92379237923791,1
28.967896789678967,57.935793579357934,1
28.973897389738973,57.947794779477945,1
28.979897989798978,57.959795979597956,1
28.985898589858984,57.97179717971797,1
28.99189918991899,57.98379837983798,1
28.997899789978995,57.99579957995799,1
29.003900390039,58.007800780078,1
29.009900990099005,58.01980198019801,1
29.01590159015901,58.03180318031802,1
29.021902190219016,58.04380438043803,1
29.027902790279022,58.055805580558044,1
29.033903390339027,58.067806780678055,1
29.039903990399033,58.079807980798066,1
29.045904590459045,58.09180918091809,1
29.05190519051905,58.1038103810381,1
29.057905790579056,58.11581158115811,1
29.063906390639062,58.127812781278124,1
29.069906990699067,58.139813981398135,1
29.075907590759073,58.151815181518145,1
29.081908190819078,58.163816381638156,1
29.087908790879084,58.17581758175817,1
29.09390939093909,58.18781878187818,1
29.099909990999095,58.19981998199819,1
29.1059105910591,58.2118211821182,1
29.111911191119106,58.22382238223821,1
29.11791179117911,58.23582358235822,1
29.123912391239116,58.24782478247823,1
29.12991299129913,58.25982598259826,1
29.135913591359135,58.27182718271827,1
29.14191419141914,58.28382838283828,1
29.147914791479145,58.29582958295829,1
29.15391539153915,58.3078307830783,1
29.159915991599156,58.31983198319831,1
29.165916591659162,58.331833183318324,1
29.171917191719167,58.343834383438335,1
29.177917791779173,58.355835583558346,1
29.18391839183918,58.36783678367836,1
29.189918991899184,58.37983798379837,1
29.19591959195919,58.39183918391838,1
29.201920192019195,58.40384038403839,1
29.207920792079207,58.415841584158414,1
29.213921392139213,58.427842784278425,1
29.219921992199218,58.439843984398436,1
29.225922592259224,58.45184518451845,1
29.23192319231923,58.46384638463846,1
29.237923792379235,58.47584758475847,1
29.24392439243924,58.48784878487848,1
29.249924992499245,58.49984998499849,1
29.25592559255925,58.5118511851185,1
29.261926192619256,58.52385238523851,1
29.267926792679262,58.535853585358524,1
29.273927392739267,58.547854785478535,1
29.279927992799273,58.559855985598546,1
29.285928592859285,58.57185718571857,1
29.29192919291929,58.58385838583858,1
29.297929792979296,58.59585958595859,1
29.303930393039302,58.607860786078604,1
29.309930993099307,58.619861986198615,1
29.315931593159313,58.631863186318625,1
29.321932193219318,58.643864386438636,1
29.327932793279324,58.65586558655865,1
29.33393339333933,58.66786678667866,1
29.339933993399335,58.67986798679867,1
29.34593459345934,58.69186918691868,1
29.351935193519346,58.70387038703869,1
29.35793579357935,58.7158715871587,1
29.363936393639356,58.72787278727871,1
29.36993699369937,58.73987398739874,1
29.375937593759375,58.75187518751875,1
29.38193819381938,58.76387638763876,1
29.387938793879385,58.77587758775877,1
29.39393939393939,58.78787878787878,1
29.399939993999396,58.79987998799879,1
29.405940594059402,58.811881188118804,1
29.411941194119407,58.823882388238815,1
29.417941794179413,58.835883588358826,1
29.42394239423942,58.84788478847884,1
29.429942994299424,58.85988598859885,1
29.43594359435943,58.87188718871886,1
29.441944194419435,58.88388838883887,1
29.447944794479447,58.895889588958894,1
29.453945394539453,58.907890789078905,1
29.459945994599458,58.919891989198916,1
29.465946594659464,58.93189318931893,1
29.47194719471947,58.94389438943894,1
29.477947794779475,58.95589558955895,1
29.48394839483948,58.96789678967896,1
29.489948994899486,58.97989798979897,1
29.49594959495949,58.99189918991898,1
29.501950195019496,59.00390039003899,1
29.507950795079502,59.015901590159004,1
29.513951395139507,59.027902790279015,1
29.519951995199513,59.039903990399026,1
29.525952595259525,59.05190519051905,1
29.53195319531953,59.06390639063906,1
29.537953795379536,59.07590759075907,1
29.543954395439542,59.087908790879084,1
29.549954995499547,59.099909990999095,1
29.555955595559553,59.111911191119106,1
29.56195619561956,59.12391239123912,1
29.567956795679564,59.13591359135913,1
29.57395739573957,59.14791479147914,1
29.579957995799575,59.15991599159915,1
29.58595859585958,59.17191719171916,1
29.591959195919586,59.18391839183917,1
29.59795979597959,59.19591959195918,1
29.603960396039597,59.20792079207919,1
29.60996099609961,59.21992199219922,1
29.615961596159615,59.23192319231923,1
29.62196219621962,59.24392439243924,1
29.627962796279625,59.25592559255925,1
29.63396339633963,59.26792679267926,1
29.639963996399636,59.27992799279927,1
29.645964596459642,59.291929192919284,1
29.651965196519647,59.303930393039295,1
29.657965796579653,59.315931593159306,1
29.66396639663966,59.32793279327932,1
29.669966996699664,59.33993399339933,1
29.67596759675967,59.35193519351934,1
29.681968196819675,59.36393639363935,1
29.687968796879687,59.375937593759375,1
29.693969396939693,59.387938793879385,1
29.699969996999698,59.399939993999396,1
29.705970597059704,59.41194119411941,1
29.71197119711971,59.42394239423942,1
29.717971797179715,59.43594359435943,1
29.72397239723972,59.44794479447944,1
29.729972997299726,59.45994599459945,1
29.73597359735973,59.47194719471946,1
29.741974197419736,59.48394839483947,1
29.747974797479742,59.495949594959484,1
29.753975397539747,59.507950795079495,1
29.759975997599753,59.519951995199506,1
29.765976597659765,59.53195319531953,1
29.77197719771977,59.54395439543954,1
29.777977797779776,59.55595559555955,1
29.783978397839782,59.567956795679564,1
29.789978997899787,59.579957995799575,1
29.795979597959793,59.591959195919586,1
29.8019801980198,59.6039603960396,1
29.807980798079804,59.61596159615961,1
29.81398139813981,59.62796279627962,1
29.819981998199815,59.63996399639963,1
29.82598259825982,59.65196519651964,1
29.831983198319826,59.66396639663965,1
29.83798379837983,59.67596759675966,1
29.843984398439837,59.68796879687967,1
29.84998499849985,59.6999699969997,1
29.855985598559855,59.71197119711971,1
29.86198619861986,59.72397239723972,1
29.867986798679866,59.73597359735973,1
29.87398739873987,59.74797479747974,1
29.879987998799876,59.75997599759975,1
29.885988598859882,59.771977197719764,1
29.891989198919887,59.783978397839775,1
29.897989798979893,59.795979597959786,1
29.9039903990399,59.8079807980798,1
29.909990999099904,59.81998199819981,1
29.91599159915991,59.83198319831982,1
29.921992199219915,59.84398439843983,1
29.927992799279927,59.855985598559855,1
29.933993399339933,59.867986798679866,1
29.939993999399938,59.879987998799876,1
29.945994599459944,59.89198919891989,1
29.95199519951995,59.9039903990399,1
29.957995799579955,59.91599159915991,1
29.96399639963996,59.92799279927992,1
29.969996999699966,59.93999399939993,1
29.97599759975997,59.95199519951994,1
29.981998199819976,59.96399639963995,1
29.987998799879982,59.975997599759964,1
29.993999399939987,59.987998799879975,1
30.0,60.0,1
