Latitude,Longitude,Image_Resolution,Segmented_Spill_Area_Pixels,Oil_Spill_Detected
-22.58277860747475,-38.29121270012085,40,2896,1
81.12857515378491,-9.563162624992291,20,7817,0
41.75890952605292,127.63706155278491,50,4616,0
17.758527155466588,-57.59842101843883,30,2593,0
-61.916644720361425,133.07388653238166,30,4331,0
-61.92098633948353,-148.27160484839106,30,3676,0
-79.5449498097241,99.64743739510706,10,8200,0
65.91170623948834,125.11714789970509,10,5828,1
18.200702113777584,-114.54564497855804,30,132,1
37.45306400328819,-25.07524834600784,40,4473,0
-86.29479102675556,-120.42008112108398,40,3698,0
84.58377338915898,74.37748643791839,10,2492,0
59.839675344075914,12.725196502196425,30,6805,0
-51.77896007791029,48.71640481499557,40,6890,0
-57.27150590272189,-109.26469189576399,10,2777,0
-56.98718822638191,-103.77148966112897,30,1501,0
-35.23639626728321,-165.06096281643372,20,917,0
4.456157693802812,-64.05568732953729,30,6303,0
-12.249896644419163,21.508078080122985,30,9952,0
-37.57875476435245,128.85656903903836,50,4662,1
20.133521050028303,60.093881085125055,50,4823,0
-64.89110508263246,-23.257323576089487,20,2538,0
-37.41396326366073,163.1232411818896,20,6928,0
-24.054868207135492,78.92827220729947,30,1310,0
-7.907402840933533,154.859473030518,40,6741,0
51.331673050742445,9.93167037797964,20,699,0
-54.058719211495244,-86.79446107446975,30,5580,0
2.562198914450089,-160.9823929087001,10,1946,0
16.634622395167643,81.39054653418617,50,6692,0
-81.63892571040041,-136.33092071800772,40,7961,0
19.358073342258905,-71.00095382209182,30,1987,0
-59.30565773628752,11.689526838203061,10,779,0
-78.29071326264969,23.189971600709164,50,3352,0
80.79939670559999,36.20995091536897,10,1935,0
83.81376595342068,-120.14808107410776,30,2277,1
55.511522660963,-43.29453426420645,20,8242,0
-35.16952154879328,42.189921762108014,50,248,0
-72.4190194788509,169.1347912681625,10,1595,0
33.16194477218824,81.94720957188792,20,1844,0
-10.772551126871765,152.13735255382483,40,1746,0
-68.03311772793981,94.39634099310373,30,3095,0
-0.8681561799713666,33.01810880126416,30,6743,0
-83.81006619926069,-110.87158711091597,50,9964,0
73.67767237418077,60.006834681304696,10,7478,0
-43.41960331199695,44.416643745566546,40,8949,0
29.254011183716756,36.88890136461592,50,3767,0
-33.89200630390603,-3.677087524233329,50,9345,1
3.6122438120059464,10.31637743613922,10,676,0
8.407850281790337,-59.60069023748253,40,4879,0
-56.72619800540513,6.952569351229143,10,8287,0
84.52523299762053,-108.87987395574783,30,3072,0
49.52390820500062,109.86278304973564,20,7856,0
79.10980948155404,-113.12029630846519,30,4048,0
71.06892307697679,-149.4121356397921,30,6644,0
17.621996185995325,-22.951430511423347,50,2145,0
75.93736230416103,56.99067822218227,30,1727,0
-74.0713496306545,-22.42194302392511,40,1588,0
-54.72308476455387,-80.3685124975289,30,9227,0
-81.85908799610314,20.941626200558666,40,3663,0
-31.440540462612418,-55.079159251608026,10,1902,0
-20.038087855893238,155.83236844558792,50,9712,0
-41.15717428069873,152.15225025728594,40,3691,0
59.17275164734728,0.8538551899543645,30,3620,0
-25.78440119515393,-61.96176215342693,50,5996,0
-39.43178825627146,85.36766902439007,50,7743,0
7.685294968484724,-166.783340346096,40,7141,1
-64.63363950454273,-9.083157824285554,40,3411,0
54.39545653572714,-58.92357806267993,20,2405,0
-76.58088413764125,151.3929186369197,20,7975,0
87.63964858809311,-175.67891018183428,50,2067,0
49.00405847339834,19.01335525860567,20,8109,0
-54.23117732384897,86.63888918398536,30,5562,0
-89.00601891775156,-5.393524491345154,10,6997,0
56.78305712187015,-149.2549091414202,50,3558,0
37.23432189257108,170.0861004100448,10,8685,1
41.221290247377716,6.483755295395253,20,4878,0
48.82866240347023,41.10704795484409,40,3830,1
-76.67196268786374,-94.82047822529736,50,4465,0
-25.47616886203093,-5.940689361550628,20,7647,0
-69.14356928547664,-25.50618289500413,30,127,0
65.35861665760683,-153.03749687928587,50,3591,0
22.193662828960427,-141.7822727229118,50,6523,0
-30.438355526523146,121.49010706275884,40,5401,0
-78.55949694851574,-93.66481720562751,50,6260,1
-34.0231820911808,-109.81502226049301,40,1273,0
-31.46700203518553,1.7681224500501314,20,438,0
41.32911210085153,96.74896729050465,30,9360,0
24.760344843938363,-157.69925331156435,30,941,0
69.69829366373878,27.650851069772102,50,393,0
-5.0013134708491265,-137.0842405773936,50,9614,0
-68.4730357311057,-166.87402170277736,20,6658,0
38.3840617001391,-161.01217722160175,40,1747,0
46.94130875104154,120.29907895503888,30,4998,0
11.029895562509322,-137.52990589389785,40,4626,0
48.77409239182098,-163.7455088115749,20,5714,0
-1.1167926544096662,-22.35604062855158,30,3901,0
4.091909288758931,123.83764989912892,30,8380,1
-13.042616695461067,-85.5329844638513,10,7476,0
-85.42455718606287,-28.183457690670103,20,999,0
-70.57954314120519,-165.62788827704955,20,3577,0
-84.34274657638784,-18.331734911444684,10,1844,0
24.55387402748047,27.940709029368126,40,6196,0
-33.4159234062612,25.526539350772126,10,2353,1
1.5427244096464987,-60.32639081722854,20,1733,0
73.36196530669675,-66.40805496127122,40,7101,0
-45.12739875320251,-141.61549718282475,30,7120,0
-16.13107385358665,-47.952604567343386,10,9153,0
45.99920493774876,-144.18191920573273,40,8249,0
-48.81633021150796,95.97454009633859,40,4801,0
-76.14361623081726,167.8587471893469,40,6835,0
-37.84473847552176,169.2268044000145,10,1113,0
-60.9801682942792,131.42559577514177,30,3399,0
77.34557742166315,36.28517376226288,40,1606,0
55.461668321595056,72.31165100779677,10,4903,0
24.012676171876222,-77.32591103505094,20,1077,0
66.86290623378919,47.07735126214343,10,1917,1
54.6609738418406,-15.966162201644117,10,5001,0
-56.41738940051355,-6.473757680304297,10,9240,0
70.660619728196,92.79956173505686,40,6898,0
7.0816035448171295,-78.5093919849894,10,573,0
55.339227929531255,-65.50573978997284,20,667,0
71.29643398622878,152.8710448063092,40,8066,0
-32.7593745050645,-159.75925385365,20,2358,0
-70.19065358501818,-5.171652571197463,50,8220,0
-48.9716707424505,148.6082881468302,10,4410,0
-13.120598047273864,39.73068281453652,40,2082,0
57.24265786604876,16.706546716367548,40,1196,0
64.93150498614182,-90.09209547743212,10,6710,0
-88.74861650438568,-56.42082393679863,30,3670,0
1.9345144639618317,126.73742968968945,30,6597,0
-14.866019433219781,21.318527436644928,20,3746,1
-50.02059411526856,5.307189752440755,10,2519,0
-68.42423387993709,-144.15130312558958,10,4379,0
-29.22926914734697,-174.22986367615567,50,773,0
79.72374670425344,166.9266679273377,30,2902,0
-31.82347223626406,-44.28497977673701,30,7412,0
3.3823119138058977,37.15670235582155,10,2469,0
36.54341260113201,-151.3025736525774,20,4630,0
-24.54667157172708,65.92114286029675,10,1166,0
84.92077488977291,155.72401513414593,20,5532,0
83.24051308958002,27.23949107907108,30,8173,0
-44.67918675143445,-134.5984839448522,50,787,0
-0.4952689393706189,29.41974989045162,40,168,0
-35.84190423298146,95.88499671767485,30,6874,1
-38.72871101205583,-33.69004683335328,20,519,0
-83.3603494761841,136.74158925892843,10,6991,0
19.721580116381432,53.52586320865121,30,5693,0
0.4822241811950678,143.7296105841129,50,6204,0
-80.73382477500192,44.461912049041395,20,3992,0
-39.84363643740994,-132.73633007826328,10,539,1
73.48785947399766,-68.51098400213192,40,9578,0
-46.878859679944966,-107.35381862911551,20,1308,0
-63.91892302357984,147.17753917807042,10,9370,0
-1.8985031500386573,93.74402422349375,40,2663,0
87.41708173990813,63.503412807602174,10,7566,0
-46.43005112792993,-71.65212493261619,40,1353,0
30.98439853305814,-113.74388206192313,40,3309,0
47.09153075916917,92.32239167600825,40,3649,0
-47.22524208136806,-9.30313948353132,10,714,0
41.07894275013472,-98.71576122577352,40,3178,0
-23.79903611053442,41.98391213949903,20,3590,0
23.815049506844307,-165.47981323015728,50,3643,0
24.035347936961045,-62.57870851382874,50,8202,1
6.4394431334565265,-11.319481947191527,40,2000,0
-73.7478413902065,-126.7349997206139,50,5780,1
60.35444920606283,174.47561193270224,50,6851,1
-32.25958830508755,-104.72494874773886,40,5962,0
-56.426668128026236,-133.0728731844244,40,1812,0
-82.6604745201425,-106.7274454007173,20,2429,0
16.360729773883527,96.86200793750072,30,1294,0
31.961585131610835,-26.81796266213659,10,6881,0
-87.01419079298589,23.549738310913682,40,8262,0
2.176750493870576,-172.43670348491014,40,5006,0
-49.230760464371166,-167.60472891360675,50,1478,0
26.131102273700975,-19.50280206227418,20,9604,0
-58.61404277910154,113.99588755258446,50,849,0
34.36879285844387,138.68599633472348,40,5392,0
-20.387637665903267,-148.78563566556952,40,400,0
78.61139797261221,13.810716756368201,50,4795,0
-65.24623005372122,148.76268706053736,40,4724,0
-28.608056810953467,-40.32980841676091,30,3937,0
-69.57476617669397,118.6436993142127,10,377,0
76.4448512901413,-131.86956441620296,10,4017,0
67.92108360857658,156.74201628040754,10,7407,1
-43.57050701127199,90.51239431126895,30,2261,0
28.797128286152226,158.88038140328462,40,1489,1
57.09999603621885,63.58220407890233,50,8982,0
9.93614608790322,-49.17458448020628,20,4832,0
5.337104104081167,157.74522210890007,40,3568,1
-46.4665876379187,-80.79596052869574,30,6241,0
-73.24150179493815,-60.417892057776285,30,6069,0
71.49883643159882,72.29103048062652,10,3916,0
72.07525028939948,95.51386782913906,40,9231,0
23.95826230918823,154.5852541856954,10,5137,0
-28.974637611233877,-106.27113273976458,20,6094,0
-27.14227656972104,107.27929267892063,10,2551,1
40.672022196643084,85.87657922290684,20,124,0
71.47984679146387,-157.03395974870477,30,6062,1
69.67555636772111,-40.5996691643255,10,2656,0
50.377598254372295,-78.20443545836451,10,7732,0
25.5656963077718,-70.38344723254906,50,160,1
-74.85480630089121,173.8608766396923,30,7775,0
-60.90683146296952,51.39986885277404,50,222,1
71.73975393487426,78.36341680565985,20,5716,0
19.157230738726188,171.5823494334033,20,1286,0
-88.34453070900666,-44.20735831525007,30,5258,1
-71.73512228411423,108.66246064301014,20,7964,1
29.430318439450044,-23.56885321038167,30,4189,0
-89.08891490768063,133.0321218533927,20,2572,0
-61.05455074485024,-114.96328512793086,40,7550,0
8.772082085985502,161.16702374314065,10,3064,1
34.54113558468479,-101.24218497208332,40,8204,0
27.353026710468097,-62.56061748686465,30,1410,0
-49.63152429709924,92.22920427844097,30,8446,0
38.19225984255645,-38.24814903645359,40,2312,0
-47.295164250575986,38.956095635920796,10,9554,1
-31.428054331331808,-19.953539615005738,10,6892,0
44.36845292124435,87.25317735232146,50,9654,0
26.93392182849864,-97.8007491473001,20,9229,0
62.860213888952025,-158.95512459472428,50,8803,0
28.370320614061807,-72.02541690969615,10,8478,0
12.29554860038489,-9.248880647365105,40,1945,1
-73.13854179094335,-119.51278121063571,20,7760,0
-23.811155449301967,-52.27297572370007,40,1802,0
-42.26357381728942,-36.00611341431533,50,490,0
-46.08186419176496,-159.33893627222153,30,754,0
85.1418998554402,29.990609346313633,40,5935,0
-19.242409559983127,138.3636340696635,50,4371,0
70.56837993188039,-125.37255133690113,50,9055,0
23.60495267950732,35.21088482454505,50,3500,0
53.06603463749671,59.306113767904655,30,5419,1
0.47467675893458017,-29.0395150490562,30,6832,0
13.84269923274464,72.39513145113719,30,6774,0
-1.346815112604498,-32.136644343235666,20,1185,0
-54.85626219635199,1.6694236718765643,30,5546,0
40.04138074707096,-177.35290396040628,30,4476,0
-39.46097476064595,69.01924108848797,30,2063,0
-85.62312604233831,58.08336442010079,40,5277,0
26.185013263290205,-166.17568416251595,30,4672,1
-58.12007770673119,-47.42996133775209,20,7643,0
79.28254518352458,172.45146268500025,50,9007,0
81.70714386046572,-28.53483747529795,40,342,0
74.67559023968073,0.7003458474630175,10,6610,0
-23.37143395402001,147.57485693749868,30,4015,1
-87.21780902480387,78.21427531167231,50,9815,0
77.09734126579058,29.545247204720482,50,937,0
-12.926853302883421,107.20968528278611,40,3423,1
83.99786742786053,131.17185592415038,10,3053,0
83.45159587606551,-15.520294174583928,20,9637,0
63.54170198412481,-8.960988624539258,50,1532,0
-36.99919942747458,-41.02166316533911,50,6954,0
-20.682408851653452,168.0142104066458,50,7755,0
63.204600873034245,70.97985154452614,50,8531,0
-32.95403907187002,-150.03969616509397,40,8430,0
-59.49130559650335,130.66546439268663,10,8711,0
10.224227242503028,-6.9984212989434935,50,403,1
78.50785934894057,-155.2485936879045,20,2262,0
35.28536340149514,17.898211858791978,20,6586,0
12.611010616085693,-29.820859568747252,30,4202,0
-72.50823112126166,135.98978575054497,50,6974,0
20.701300805850554,-106.56194270062055,50,1268,0
88.2096930187674,117.52725941718585,50,515,0
-64.78487725742568,20.76792882676298,50,5343,0
3.2993374254726127,-160.34029084315114,50,249,0
67.92715294703198,169.86430847717446,20,6624,0
43.3383511957568,4.541487877151971,10,5999,0
35.462833379148236,-75.2843324766303,10,938,0
36.447135117679665,-11.01353688386709,30,6244,0
-25.29159278044407,128.82880206629602,20,9988,0
-37.153468032391196,-70.23487522137714,50,9713,0
55.68500798613245,-110.63649726478789,10,7566,1
55.82041104225254,-133.5343511048827,40,1420,0
66.07301734441866,-72.77061657952395,40,1623,0
74.38329946016484,100.81731133441565,40,5334,1
2.0416317949688034,-10.214508529705792,50,6244,0
0.27293304369592875,-98.1066226703256,50,652,0
53.69313221401953,-120.17340014049029,30,3856,0
26.99350753999773,-60.21738845626353,30,3771,1
36.3540379063866,158.3727742388552,30,581,0
53.24268049849819,-56.510383467591225,40,699,0
70.20096152716194,175.72466734366873,50,7777,1
-29.160871766723556,-5.317035924471778,40,9456,0
-22.39506852481008,-115.50098941554569,30,9295,0
-73.08325082864359,140.8104330456634,50,2082,0
14.090425379311316,-14.272065671462322,20,1734,0
-83.53039071658642,75.4816836616288,10,7930,1
-6.192356736157172,174.13616995529463,10,3097,0
7.676034247363792,-161.93687388480936,30,786,0
-38.422574616908804,-145.18995847647582,40,5629,0
16.349986902421936,79.36442692659223,20,1859,0
-84.5099550109711,-78.54299881363008,50,7123,0
-83.2773260251414,-113.65149709796434,40,6308,0
58.06810091873849,-165.82972326489738,30,7334,0
-25.16568454597268,-172.13518368496736,40,2580,0
-67.12910772266073,98.81481712312471,30,9629,1
4.003786809864787,-131.603966146962,10,7576,0
48.598839557749955,-11.62057825038568,10,7870,0
-51.15221505056823,38.12285346461388,40,214,1
22.120285647420047,-25.79335179521535,20,668,0
-74.63745630112176,-170.24160515895608,50,9845,1
-80.69729018965062,102.06054093164718,30,8051,0
5.643833682266639,-176.21523916500473,50,2789,0
7.314321889819173,94.28036197589424,10,4690,0
24.73738226967718,141.58961776372416,20,3440,0
40.69644007007908,-24.177628419417978,20,3088,0
85.65337430325623,12.795290315207364,50,3251,0
2.934062694215156,-8.285978657644645,10,3115,0
-31.867834870575727,-39.88489729556203,50,9113,0
53.13351505836666,139.47283273332968,40,6445,1
-41.25019477282664,141.81606384119658,20,3674,0
-10.985144272985501,-59.10610872904757,20,7938,1
-75.87785135839212,41.42511144529128,40,1708,0
-85.43686618521765,153.68672237251107,10,659,0
83.2767146420265,166.34105961888656,20,6721,0
60.47642169219705,3.2252545519371134,30,7226,0
35.27535709686563,-16.983070097642358,30,5665,0
-16.388470005431422,-79.67004626573072,10,4535,0
-58.80702238724776,165.1938743485476,40,5750,0
-61.84133231920451,-128.58685038976776,50,8903,0
-44.95627833037284,28.738647377181003,10,1981,0
8.860799647101684,-78.28190369329,50,4269,0
38.62726608601122,-79.55701547479322,10,3963,0
28.83552780919163,-34.211308544572155,30,7536,0
-39.61189854973029,179.56545689363563,40,3808,0
81.87575051937493,-160.21212953766405,30,1809,0
42.82144500523833,28.275054553271325,40,7960,0
9.783729452052123,-150.27402310730022,50,1792,0
20.109734322183403,-124.37250120341317,10,9537,0
-14.471988762997816,-21.757340961756476,20,225,0
-45.408421889791654,3.7656472847188693,20,1299,0
-25.924917842772913,-86.83473298877136,40,6192,1
46.41229988358644,-66.07543288521018,40,2811,0
-87.40917204664395,-148.6918727078641,30,9282,0
-69.10692470875507,-70.8408778160698,20,9813,0
-81.7195244360845,167.96103817699588,30,6328,0
-82.66881558258538,160.09465740209342,50,6095,0
63.9829051219813,-59.4438155506854,20,8282,0
36.658414688404264,25.507417060354168,50,5602,0
-4.648710764281465,147.45434079993996,10,5860,0
-72.38985108281973,-177.7738238492772,30,5682,0
-1.5091424789701757,111.84608532153307,40,2598,0
-4.775081259498178,161.41303900401084,20,2665,0
-58.82366341619727,-147.12273563991945,30,7089,0
-11.906703137164854,-121.87883302814842,40,4890,0
-18.26914780847278,165.86866899768796,10,5124,0
20.853017649398964,13.514451710524668,20,8407,0
24.316857156175885,-174.88921159017946,50,1131,0
-81.84527824103199,-87.2524804451295,10,1341,0
-22.56972936723518,-18.020277263210538,40,1842,0
22.654784828562548,69.44720796891637,20,5809,0
0.5645265444157865,83.93773612924785,20,6099,0
64.16817141389801,178.3517446531642,10,4190,0
28.5648536914101,-76.49596822184675,20,8260,0
-60.671803125342656,13.759236672651088,40,6983,0
-77.29762546792263,11.996477229457803,10,5229,0
25.63547007713681,-33.967706598994496,50,4503,0
-85.22796410250807,-119.10171821672873,10,6677,0
15.439604629223393,171.8843627461833,10,4997,1
79.24144345649236,127.19418719997098,50,263,0
13.585352017658213,-0.6001098140746075,40,3410,0
-20.129413282826057,37.16835216625073,30,3488,0
25.791879319623572,-98.18602071852158,30,1095,0
-7.514479711527007,15.763345341028883,50,6261,0
8.21102207686829,70.1892479237313,40,1977,0
79.46366557977453,5.460130219171964,20,8203,0
-20.501525195860633,176.50266141057884,50,3364,0
83.01430148830455,40.08299624918143,30,1448,0
72.96311555209147,-46.44946346681914,40,2351,0
-54.75759573792664,97.97472994170172,10,7390,0
-77.51496584247022,-118.63349583060887,40,9885,0
-71.8599597520632,-41.57430706574405,40,8118,0
-86.72007138272104,-55.0947778640691,30,6690,0
-73.0002670639329,-24.549445761200186,30,7758,0
32.94121921494423,101.44073733434146,20,532,0
-77.18604327715879,-5.697708421173315,20,5843,0
-32.58438654712297,105.84520209574659,50,5347,0
62.07755597450182,27.53600513035172,10,7815,0
-85.81105156755135,-56.855003523280075,20,3917,0
56.60432686600844,111.59234772605008,30,1170,0
-39.266140540788015,-94.21571860088703,40,4700,0
-68.73033102810187,-99.22212727207362,50,8406,0
35.412689765547114,1.6210526597408759,20,9731,0
23.20971242037912,-86.09427145364799,40,1094,0
67.94496243486954,-176.72866741756212,40,4418,0
42.31278788469944,53.38710982756855,20,4831,1
54.62656746927274,3.993775730063285,10,6168,0
-39.23377693716483,-19.613586782461972,10,7770,0
-58.06088211964989,168.10866526259352,50,4867,0
45.1106552953545,25.63170622664893,10,1057,0
55.23025306810752,130.83536800417843,50,8387,0
88.2909255601212,-129.79791496614234,30,2254,0
-15.728818155943234,24.914326726593966,20,731,0
-23.03674455729903,132.47266562312504,40,9993,0
49.75433293355943,29.91807262076328,50,6145,0
-28.65536275445679,78.48510412572055,10,797,0
77.53631860864165,-46.06431558760534,50,131,0
64.51429533174212,-146.71817386665603,50,6309,0
-12.781075072496698,-15.155893754254288,10,4974,0
45.156792202469525,-37.98741929801129,10,5662,0
45.817717335242826,132.14166565642103,20,8840,0
-71.43770360953214,-92.16169115311,40,2348,0
72.459523202322,168.0243219126389,20,6292,0
0.9454270406142862,164.92972312961862,20,9995,0
58.76234389939349,-90.85260849428207,10,6506,0
-32.391071814489884,-54.70129602816463,10,1256,0
71.19418112931609,142.4000667145986,40,8635,0
-19.943697827850638,167.9839995225987,50,5395,0
-88.0492227335463,-20.361922979024143,20,6254,0
72.96875575546746,-64.44106356927679,40,2348,0
-73.56839817849595,9.393844770555134,20,9236,1
-32.52354523372532,67.59691429166453,50,3385,1
81.01115406914488,-81.54917446500727,20,9622,0
81.1092864487601,85.13034286286621,30,2103,0
13.2188198621915,-161.40335143872923,40,3715,0
23.730698190563867,-162.2539826048101,10,3772,0
-9.279806043902441,-40.93642614760372,20,7558,0
-37.22206109434838,-52.74965085814059,40,2255,0
-30.840381833415126,-66.37204246782518,40,3579,0
31.053322093866914,-3.2328854391923967,20,151,1
45.42741529878241,-64.53591036783436,10,2259,0
52.48422787065274,-110.7871493514869,10,4490,0
52.1312657030197,-68.59096232810367,20,3751,1
-73.58290145123573,170.9655382116846,40,7456,0
-1.0043451535353354,-31.999169881854503,10,2212,1
-79.63942319700404,-19.903400330999123,20,5865,0
8.915198818272396,27.556196382410402,20,1454,1
-10.524509752792138,174.00267662912157,20,5720,0
69.78675289649395,-93.02354048312532,40,3854,0
-26.835297740625837,65.26155979167618,10,309,0
-68.92793704303095,77.75448967502068,40,6332,1
-64.26149723048954,38.63679004550373,30,7946,0
47.071913709145,-148.11179773080812,10,6271,0
21.27925139692699,63.67401929792753,40,337,0
-71.79791829789775,-156.92590402697684,10,8627,1
-74.86077489930047,34.611353837962895,30,8175,0
36.1744436626416,86.24922379982736,50,1676,0
-76.90265885444516,-104.05083937681785,20,8791,0
57.93481067226412,122.98392271539866,40,9856,0
37.123600888169314,-169.07263000811847,30,9082,0
-75.35721948445804,123.7726309169902,30,3640,0
-74.72921146466545,-14.281541768604571,10,9427,0
87.59512413021159,-101.66834162460799,10,7357,0
-22.631256763898342,-131.8398678021715,20,249,1
-23.284413527959636,163.19058032965413,10,1724,0
56.30392210635046,-153.84038847078358,40,7761,0
80.50474392909457,-108.32636882306676,40,2674,0
87.48019148811676,-54.783954924103455,40,4528,0
45.608073346609494,43.284545626003364,50,7629,1
-22.273274604435162,16.128390699395418,40,4369,0
-74.96987099423963,-134.76834273156697,10,7869,0
49.886444866938625,-75.69792585424274,10,2208,0
10.512764952444908,-94.04936240903133,40,4047,0
-13.640038335544268,-103.1245723834771,30,7999,0
73.14378931705248,-31.98803886720466,30,5014,1
-69.98445318489276,73.45132293299648,30,6767,1
-1.327481227645353,-101.71694440179506,20,2363,0
-87.95634394186457,-47.9956033069267,50,9904,0
-5.641084441057272,-39.26972633718159,40,3915,0
-79.86541037726927,171.52435059674767,20,677,0
-68.61277507174705,163.67988847646478,30,522,0
-68.84527558012113,108.04952979074733,40,2863,0
26.857854380891443,-93.00278850509333,20,1329,0
44.28807826777619,-155.50656692699891,10,3276,0
15.006377717488732,-65.91451042057508,30,9045,0
83.19105872541755,-83.9539622038209,20,787,0
-22.52329568573327,2.133288052701796,10,822,0
-38.57182446926507,99.98204762440551,30,846,0
66.34784307410285,128.9962579963889,50,4437,0
-49.752749066498524,124.15107074778307,30,2812,0
83.38005709931004,-50.51679795969561,50,807,0
-87.81219455583306,67.40436364584585,50,8726,1
84.57818880737503,-67.3796888912808,50,583,0
-82.2312158488963,-158.07400443533422,40,1633,0
70.40576046565279,72.56349561705923,40,269,0
4.986199635533975,-176.46208107487638,50,1120,0
88.73366330147405,-32.69426851494411,10,7193,1
-76.7166183476282,-61.42346305125274,50,6566,0
9.69377119223774,69.61591386678687,20,947,0
84.47445641143781,95.8483701937364,50,8987,0
4.157611950626787,-70.52593105033782,40,3446,0
23.291754864347254,112.18572520014727,40,4113,0
35.23476401723109,-74.18996621822384,20,8178,1
-8.182608341800819,-19.322510404837956,20,131,0
22.96045441513142,81.72666972508821,30,8468,0
15.176576146158043,69.45128252092388,10,7977,0
72.20844188837802,175.452650032392,10,6270,1
-81.81965153853758,-98.94203128226452,10,7930,0
-39.42662587339854,58.43444887424965,40,9794,0
81.07406713378057,39.48548697927986,10,2415,0
70.24748110036494,149.43544361641077,30,165,0
-7.981784498571671,-123.70962900784498,30,2028,0
21.62386760427661,90.64733889129587,10,5111,1
-40.071387063396116,24.576701856756603,20,7633,0
-56.138191249722965,-81.12028687635404,30,6325,0
-6.534287110803212,-9.203430907017328,20,5547,1
-26.396598955310495,-59.840425054872796,40,684,0
15.058100133156973,28.552825003845918,30,6570,0
-76.00776534630273,140.0402198932797,20,6785,0
85.39106537990996,24.949794388392725,10,5344,1
87.51793400632852,47.42007059757026,40,8254,0
35.66910852355412,6.749224961295401,50,8051,0
6.497345941941671,-161.58041767962868,50,1848,0
-34.28502906846101,-96.17091952460608,10,7770,0
56.483103547250764,-2.8793774044502074,40,2304,0
33.25161105969827,-68.31529785190628,40,1992,1
-60.72895091791957,-114.56510480597008,40,7118,0
73.96689320889165,1.4878230906377965,40,3193,0
58.05670372617042,-63.78847435877388,50,1073,0
80.96398439254632,-87.0812484575707,20,4124,0
40.629511509904795,-12.965249721462913,40,9734,0
20.414735268442175,-132.01766709041766,20,6715,0
-14.716253467688603,153.98846390714664,40,4429,0
77.89112700372239,132.37275525092605,30,6815,1
65.89150011007351,74.74341086659271,30,1577,1
-81.86063938088591,-141.76302206815578,30,5789,0
-85.25394459049464,99.3158116090895,40,9062,0
-22.236593961951073,110.86463811924683,20,7429,0
55.89959954072992,96.39526237716157,50,6544,1
87.70970327669,-138.97228063707317,10,8597,0
-62.924959601364925,51.806864544395296,50,101,0
16.94352876338432,120.35692646978347,40,8562,0
-21.439645806416127,27.847224439080378,30,6943,0
84.58459160662858,52.706655082112036,30,9155,0
61.58140616442756,-14.989147406529778,20,6072,0
60.89916684800481,10.334635158258942,40,8003,0
-5.63523123690535,-167.62433099337892,50,5205,0
-15.332489579220267,50.02668791038245,40,7802,0
-40.78672705247288,-150.6790033591827,40,3014,0
-79.85241060283312,-23.39474603751958,30,5256,0
65.65002772590958,-74.64416483973318,50,8398,0
56.32218164341396,16.35406207621671,10,3268,1
89.94918119150351,-131.97011921164545,30,2699,0
89.39463067330297,68.99162471039455,50,5816,0
9.97770700847294,106.20415329424934,20,2335,0
48.417734732491894,-121.19239809246366,30,2899,0
80.05783137883704,-142.4472885533224,20,7113,0
62.936530321934065,-127.61442619655071,30,9803,0
-45.47734168622442,135.7659222834606,40,5573,0
-8.902055644183166,10.14813423228822,50,118,0
-66.7513052727309,-11.786041437299065,20,958,0
81.72918490657003,-141.58374512315245,30,9708,0
19.11143420115841,53.84016243250625,20,5480,0
-48.84429500937671,132.47985308223235,30,3132,0
30.90612319305421,118.14691295644306,30,4605,0
21.26308328242125,45.37969523308846,10,9718,1
-25.53071075408871,-152.8996620053975,10,5889,0
-69.55963340406677,-139.53707021663533,10,2631,0
30.88317520670393,-162.24876464046312,20,7571,0
3.6553861626827944,-87.30748206271105,40,4819,0
49.01731051241508,-131.161871822264,30,4963,0
3.6294302001588097,-86.3827055091238,50,4138,0
63.39267005733722,-41.3790999411738,10,2552,0
9.343230979407398,159.47380226560884,20,2946,1
10.96883487636953,39.735381521409145,20,8164,1
67.7976484785021,120.59056284586643,20,6722,0
-17.373084081768532,75.72654025643959,50,8996,0
-65.87725887888467,-139.49887301041258,50,9633,0
-84.81911826359898,84.93134629462159,10,3562,0
45.92470602125142,-80.9644026387152,50,1259,1
21.65571924362364,50.078824918094284,10,4726,0
36.734358257860244,-57.25368948852413,50,7156,1
-51.66645092839607,179.1620147752773,50,3822,0
-65.45313439438144,-85.12146738115999,50,3660,0
-87.38196017978126,-79.51303052126292,10,6217,0
-26.894239414812546,155.0420120024634,30,6689,0
16.185183633833955,-171.12801433092383,10,6949,0
-19.396071882048183,70.80803563435087,30,2343,0
-11.254514035728768,81.11750066491612,20,8277,0
72.74856500887472,121.09628786774377,20,1860,0
-27.314015935805937,170.79815182985112,10,5542,0
2.5181080487659435,171.21669089639485,30,7779,0
51.05754229340575,-156.500367276073,30,2775,0
-18.62229918217137,115.8621561910449,30,7224,0
21.97560604101723,52.67157611665728,20,5881,0
65.22546757441413,53.04316837431283,10,3336,0
80.91371225837558,-133.79402641870988,40,5998,0
-63.52677343277317,54.0673799204352,30,8335,0
76.78577252906899,173.69372901644923,30,8780,0
-1.4190672456831255,148.25468503420092,40,4376,0
-43.516010106187494,-21.91296211025381,10,4823,0
-7.355563877112965,-165.61872961700604,30,9248,0
86.40586355138586,-49.57434359992626,10,5744,0
-1.3287430812834722,117.50051217619988,30,1215,0
-30.82471014824852,72.53967652745978,50,1881,0
24.01215377701064,-14.636283986175695,30,8942,0
-46.77378861992525,-160.1634473428208,50,1976,0
-76.3446009404405,-26.317897983611054,10,5463,0
-66.80165005608313,-11.151021701561938,30,8632,1
-66.95174898760096,154.27999184188894,20,3475,0
-62.65751516778702,50.790997289577405,20,2850,0
-65.01110892310618,-67.8049500043264,40,9646,0
25.35745406457863,9.114575202259697,20,3376,0
-57.261584808153934,-156.22008918402238,50,548,0
-27.779889001704625,170.12456483390525,20,5637,0
71.42191378308213,-50.378435304938634,20,4272,0
-4.686904752682977,-7.967752231271108,20,9089,0
30.16039293378489,-52.097769274707865,30,3596,0
-58.98242318370663,65.70422284183205,40,2282,0
-55.38797661443926,58.40357699865349,10,3426,1
-82.64364907203381,77.51603179048882,40,8937,0
-59.59168864701038,-83.4684373397085,50,819,0
-39.85373897424745,-66.35934678093625,30,1622,0
-58.13811283018558,-134.90955680536513,30,6856,1
-74.03354392373,55.98358986460053,20,6727,0
-68.28554320189185,-165.67303415916507,20,1169,0
-7.059821754109361,35.16564078844526,50,5662,0
-52.85993068695735,133.09051854658819,30,7849,0
-24.431425011346416,140.69957338426806,10,4987,0
0.6151087538742384,-18.346406266813794,40,4774,0
34.27106915328575,-14.650672243293442,30,2256,0
-82.92381482860219,-152.29109411711374,10,8044,0
53.893871803627675,61.47540915949286,10,4239,0
23.022070108363398,115.65339133422438,40,5729,0
-75.28337424920306,-91.9241803423033,10,7187,0
67.2441523392199,-28.331682611988725,50,5178,0
75.75703209572637,121.98216123549732,10,6505,0
-79.00596722612453,135.7633683584237,50,6971,0
-40.16202333350333,-92.45520710487867,10,732,0
55.11623036275104,18.205428434891125,20,2299,0
44.68674426905851,-110.70246577110225,10,5453,0
-56.78621651585208,-143.32364490975965,50,3010,0
-52.31712179939215,148.00338050110471,10,722,1
-23.315021497551243,115.3827015235593,10,6173,0
-2.785862665616161,93.6125646491426,10,460,0
21.285858875453272,-162.44412522726944,50,6465,0
-23.595544877440965,123.74236537569269,10,8501,0
-6.743751096033379,-22.30413267406185,40,9222,0
44.544768864076175,-56.73775561349053,40,4043,0
-83.39702347969238,16.73148996913552,50,4969,0
-44.56135001807626,-147.1128326195199,20,8228,0
38.40292545921944,92.39275776686358,40,977,0
71.13723078369588,29.676627679786517,30,4895,1
2.1019395808199026,-112.82756512565969,40,7891,0
5.780427347756818,-112.23640808314359,30,2623,0
-70.70903795884031,-113.67048543383729,50,6370,0
-9.465773971778164,-159.47914048130377,20,8683,0
5.871107961904169,31.607441773806528,30,6723,0
-46.35530934574866,122.52534393186292,30,5188,0
-41.53621842911143,-173.7006429645401,40,7664,0
-22.088850641167923,-162.35832781034154,30,7166,0
-86.38718440000926,26.197299607300486,50,6645,0
-32.02575019502791,115.01844673897884,50,2421,0
-51.93935874062196,-62.37399939529191,50,8249,0
-31.050476607975362,-54.13881642922002,40,8225,0
-68.44281627253478,34.68473909883934,20,8430,0
70.2949105331811,-81.28335991530709,40,8394,1
16.84664163972876,-170.4209882120337,50,5433,0
32.23841744600813,84.68226651657459,40,8775,0
52.05082294932089,45.23396865892312,50,7958,0
-0.28040419276968986,29.07215966003728,10,4419,0
-74.35434814426374,87.00628643705632,10,5489,0
6.6791775273386005,63.0831015223335,30,1948,0
15.631401243758242,-105.88248425580439,20,3305,0
44.179105353179395,-53.10682310039359,10,2261,0
-12.301281678657709,-134.60034899569501,50,1564,0
-67.03554549679852,-133.25147516956284,40,743,0
-38.9203369562296,63.430468688354125,40,5451,0
-24.645186648245684,129.09603851369937,30,4653,0
26.265103439688218,166.58373019001004,40,6618,0
12.74009484040414,46.20496231779998,10,5823,0
-25.902589338387678,-113.72352359005549,40,8046,1
87.57274478273635,-141.96587563838494,10,710,0
19.039467484239687,112.6263497532328,10,4402,0
-47.29917748752099,28.352331489599738,20,1643,0
-71.67915492832732,42.582607564939146,30,1566,0
-62.48535494682024,101.32635195169533,50,9208,0
-45.72760889078854,73.17980198368258,10,6336,0
-61.07735281327998,120.4049710281948,30,1281,0
-56.41793567076496,-159.76299403444375,50,2246,0
-38.68286963510752,89.10742922874174,40,2372,0
-58.79275284694413,126.30699263595434,30,9143,0
71.41777643275653,-76.99138471500684,30,4636,0
-75.5579257809044,50.561018637571024,30,819,0
4.412050122645841,-66.90165701869005,40,4780,0
-16.128571141860927,164.86958393368343,40,3572,0
86.82815104354916,-167.96751392321866,30,3742,1
-69.83299760975058,28.725423779863814,20,163,0
-18.385992171766507,-120.05872306217456,10,659,0
84.50467798956639,76.39927386377713,40,7546,1
65.79128266091645,-116.67949796928166,20,1833,1
57.072972770870386,-95.26202571659128,40,8961,0
-43.57749113191083,-2.0265080235270894,30,3994,0
-59.240234269788154,149.3405819988761,20,1642,0
30.355779586397578,-103.7828260267305,50,9563,0
77.28767804296544,-128.07359239748274,10,2515,1
10.217320742507361,93.23165946745104,10,6190,0
12.890284104581973,0.22303164021514998,40,5317,0
-39.603763141148846,148.24264045743772,10,5487,0
48.50872797454864,-127.21875942245677,50,5279,0
-56.33212525964579,52.53404148829416,20,8287,0
-31.73773744723614,-96.16350738534659,20,6743,0
-13.42144104904498,-123.56624568540985,30,7760,0
1.3698681632019039,66.03458945661738,20,2558,0
-46.366248165285555,33.72646316714396,40,9455,0
-69.32937154694336,91.73788501043924,50,6128,0
19.911607639493866,-68.59347247937436,30,5547,0
-38.04650041675396,-18.73020370241162,40,4659,0
14.62287985607021,-34.03019652104935,40,2849,0
-62.21471125064358,174.27220702794511,40,2048,1
-3.3947816661328534,-74.79037557382036,10,6406,0
5.866097859285455,-73.86579419516393,40,8351,1
-80.67176337196315,-52.362644821701345,10,8192,0
-29.411229925094297,23.253869264515746,20,8624,0
-65.80535815098463,-89.16381206505172,10,289,0
-78.5925053149018,149.5043785365386,40,6108,0
88.19284183019015,-84.35319664814514,50,7582,0
-31.976307904549866,142.4936633616701,50,395,0
55.77740025383427,-142.74897708722952,20,8468,1
-44.16468214252251,56.36257286387483,40,8268,0
32.67049000030727,146.51478663776774,10,899,1
46.84101478014358,-119.25020217663737,50,9097,0
17.21497330941197,168.5977056357318,30,7103,0
-5.116286060971493,-16.96199025041579,40,8506,0
-15.868635453491663,160.4574390387688,40,2800,0
-27.203712022260845,63.65521570681692,30,8888,0
77.31524596460865,-71.42872684552144,50,9647,0
59.51149340179124,-112.2110910298417,30,9584,1
83.70484391997226,-70.65538335896422,20,5973,0
-67.62649977260195,-146.513732665437,10,4814,0
41.55614553665597,-128.2075321164013,10,6591,0
78.90128222778681,-142.3222414752668,50,8433,0
-57.378048090181174,-27.740324253039216,30,2939,0
-78.03067187398005,106.40821545273111,40,3613,0
43.40171687221063,-129.10192048211752,40,1235,0
13.405160372384142,-133.08464405795908,40,6457,0
61.52917981648897,51.63442182623908,20,2347,0
-64.8409722072679,-109.01412649149614,20,6648,0
53.14811613478023,-144.860386280763,40,4616,1
-53.70708239140598,-119.93451184599205,50,4202,0
-60.54193028417319,152.5433025156394,20,1648,0
-60.43215637242127,115.7296509994287,20,6632,0
56.62344964164878,-52.53675755216613,10,4611,0
29.735499725316025,56.09547623786141,10,2931,1
4.1517764584414785,13.419242520493707,50,9298,0
-25.41051285776955,63.76473485372302,20,3162,0
67.89609734635948,65.76161488659336,20,8075,1
-19.35988066392563,46.344245421597456,30,3152,0
56.98789910488388,-84.20350732656891,50,7310,0
-10.955716457360685,-165.95768852538546,50,3639,0
-22.150002703516634,-15.99595848356083,30,626,0
-6.717638579470842,140.75059848865337,30,2907,0
-35.75198265045442,25.01901306668733,10,9487,0
44.5696884317252,119.66077501268686,50,1853,0
0.48967021664624744,176.98476346604212,50,9964,1
-48.20171487357288,-121.09816651022055,30,6982,0
71.92342318942232,69.03995009111364,40,1754,1
-20.899580152821947,62.74568653200887,40,4941,0
7.839515000517947,172.78396104898025,10,4141,0
73.16497997361844,174.81626422300812,40,5124,0
22.362839264518577,67.2043002206866,40,9139,1
-68.95835267249447,-92.29867488641007,40,9159,0
79.16978225042553,107.48010172701566,20,9065,0
22.987449552855214,-141.4695116840263,10,8834,0
-29.716989361724497,101.05174950178633,30,4517,0
-64.9310269205903,147.6706046920907,40,9077,1
52.92453406865327,-42.17997788336331,20,4735,0
21.61309606713243,47.02870619390897,40,2983,0
6.022996555737874,-25.148616445142533,20,5984,0
70.90066494917238,-22.404580204273756,10,548,0
51.94749802041554,-68.26647992107678,40,3410,0
-62.69852164810479,94.36666336211687,20,4685,0
-33.89002779680132,157.02356309994187,50,8208,1
-45.271954833396165,158.670309324406,50,4509,0
43.91033266308185,-117.07873744502382,20,7973,0
-83.96416174755971,134.90771387636377,40,6151,1
12.580143276836974,85.47531891376397,40,8676,0
47.24256343332429,-88.97853575149587,10,394,0
67.8178146171149,-155.77753934825475,10,1338,0
-28.425285231136655,-83.52098392162392,30,8141,0
57.82631484096231,148.3949652413492,10,2916,0
-70.0862873480627,47.944322962478026,40,1198,1
62.36141251221328,79.57967792323386,30,1837,0
-67.05204078024316,-87.4251536007255,10,2289,0
-18.488287699133892,78.9797360069353,20,2865,0
53.51316584031965,-169.87625773994745,50,1322,0
-63.01486307722072,-44.88431552171504,10,6649,0
-48.73474885812453,45.63120547523924,10,510,0
40.00546231075193,-127.40523640512473,20,3045,0
39.606576578293385,116.2812868008965,40,8202,0
25.406573919353516,-95.38873242770929,20,4886,1
34.910720004078,54.82120061464065,10,9169,0
7.6903998025673115,-34.12902867288131,40,886,1
-44.676169396748506,34.575694371952984,30,2209,0
-27.7747211692945,-141.3178010535931,10,5546,0
-57.31241097574338,-173.91139202822137,20,5935,0
73.5211010400531,147.44319385690844,30,2086,1
15.010523057901683,-82.93319684381419,50,8226,1
-17.84674498254482,115.08372100096527,30,9170,1
-6.838955344056117,179.76610816999207,20,7400,1
80.51100113012676,-103.88474712039198,30,9899,0
-62.39674743910557,-84.53853317399198,20,5809,0
15.521369763023502,58.629523548479646,10,2503,0
1.0599621992038766,167.56150845622363,40,8362,0
20.061762378236608,149.6931653486678,50,4501,1
-86.74016691224871,1.0351872236105608,40,6801,0
66.98230360994727,106.23970170962087,40,3395,0
77.78129084705023,-131.13149288403562,40,9053,0
11.72397304605761,171.87774631344442,20,2221,0
35.39714829784061,167.16716425295513,20,3682,0
76.04988861191322,-121.05757516349846,50,4297,0
37.30295417641175,-72.20767507088162,20,9921,0
-62.54297227543296,-143.94420089756392,20,5800,0
13.731904830026371,-82.18166439665531,20,7332,0
19.20870834891406,113.74408418947439,20,4388,0
-13.656479165570516,-43.80638142050659,10,1185,1
42.55996241245011,-148.17709182716698,50,8745,0
78.18606265842267,-56.79881107959436,20,2721,0
76.60233232321974,173.29800032686083,50,8910,0
-8.848913147256221,46.686094293313054,30,8928,0
-69.61715174866406,-30.18205929378321,10,2448,0
87.27141581322023,-120.0461351409828,20,4974,0
61.00165556026814,175.02364702213012,10,3136,0
-67.56071738341197,115.50564333472636,10,2449,0
75.75153887112702,-78.66817111766902,30,5843,1
66.58134517118309,-154.7752695403718,50,4532,0
3.390850282692981,-159.6147993440791,10,6275,0
16.429578434087265,-136.66386617800782,40,7365,1
-18.179513303376552,29.076690101191787,30,6203,0
-80.14290501203436,154.35483163397726,40,7458,0
-29.664496503737833,-1.172365917845588,30,9363,0
54.51362074764206,123.46037368423097,40,2131,0
-89.16623585917148,-19.480816850469186,40,1349,1
-29.970149095594046,75.09007647641708,10,9587,0
-18.329635153630203,83.4741854231403,10,6908,0
6.731208528826118,-117.37306587479809,30,3656,1
75.57401095429688,-49.962218768707764,50,8619,0
-27.657721014126974,49.428776353688605,10,9088,0
-27.548423658679017,-154.54922105362817,10,5399,0
42.75022465975471,-49.845532405335625,20,3194,0
-8.600770639834712,12.527807861229284,10,3077,0
-49.57113187080325,178.64081749606993,50,1062,0
-8.560887096115188,-9.167917455921337,20,5825,1
-64.64573633163603,113.78043256115649,40,5589,0
-58.250342428879804,-24.455777376017615,40,1368,0
-0.29380090689364646,106.7006601430952,20,5379,0
-14.593419089181376,34.34932858323903,20,472,0
74.672262192258,139.17435894086339,20,4480,0
-24.76909815900604,-32.06068115396044,30,7717,1
14.505903050047822,37.54959113573239,50,9896,0
23.807571825515467,46.806725022777854,50,6379,0
-87.64299781409994,-29.74214095182961,40,195,0
29.436726963007906,-128.04766427250667,40,4469,0
-57.95352596344474,-146.3186135115592,40,4041,1
82.99265714450193,-173.9982417841321,10,7121,0
-63.240709004439665,134.47233512827728,40,9492,0
-15.367657729135729,-94.86903159406997,20,4044,1
-74.63705974584411,-103.8575702585635,40,5968,0
89.43736533227053,84.97274415338359,20,5496,0
0.3951018596236655,-64.79419928853898,30,8141,0
17.169303117607882,2.17608926826117,10,231,1
-77.92623407008305,-121.49601649291573,10,7390,0
44.992884671852,165.50845972630893,50,9682,0
-52.216993242794565,126.56930400620546,30,6616,0
71.64977209932847,130.96426426740118,20,9441,0
-53.07486471323871,-33.561450514078125,30,6006,0
-55.67621028054002,94.45003693458222,10,907,0
-83.42105978734293,-128.20458405967915,20,150,0
-5.0279498802001354,-176.8971590669591,30,5377,0
11.671403987270956,-172.80974427190986,10,155,0
-78.17244490289657,31.176625465641763,20,3764,0
49.594971005101904,-16.057834110741315,20,843,0
-8.408009745355029,6.485525607067109,10,6130,0
4.390248478964407,-177.31326944980103,20,8231,0
-10.662705551118934,-27.832816923326746,10,179,0
-17.862649042441323,78.5045380323099,40,3066,0
10.73525963547922,-20.630267291723094,40,3828,1
-62.05675573247175,83.59891427240001,20,4636,0
-57.2529365108512,-96.11317281713949,20,225,0
65.12141178243311,112.73112161342117,10,5913,0
80.3007831840539,31.835246563242826,20,8510,0
-22.804323069644468,-104.12528420523375,50,1047,0
-41.26595883416032,-94.78062869262014,40,694,1
25.919917783022836,46.09096724503333,20,5130,0
-16.42784920234265,118.77825355647961,20,240,1
-85.43045598113792,-30.373998469504137,30,3155,0
-61.89253247408573,-87.0118455140668,20,9922,0
38.875001192531556,132.12417848781615,50,9168,0
28.606309543827244,60.93658503030057,40,4305,0
-85.12272134937297,-18.689224578092457,30,5271,0
-50.0450108520691,-4.3559296994513375,10,7882,0
-48.40653661414715,-106.46767154289729,10,2760,1
30.940693847771115,45.64894682334382,40,6956,0
-86.45210320421445,-50.85269620456009,10,6189,0
-71.26045524277671,178.43226360276574,50,5418,0
53.98489536717408,-7.133934505720374,20,2652,1
-57.86196083021995,-5.081181771739254,40,3711,0
27.494299413337448,23.70664346784188,30,8162,1
-47.12709941158923,150.03216112274882,20,1140,0
-72.10054930331788,108.2945159495101,10,8606,0
-46.22900562009826,-17.593174872777087,10,7703,0
40.008047734018646,78.73173575020655,30,4272,0
64.02536425913144,31.044779561074193,50,3046,0
59.439575622058484,-2.747862467550388,30,3336,0
-18.506964668678133,-110.76632179763381,40,3780,0
30.25532458271631,-12.98294515623927,30,4907,0
-53.10282682515223,-91.50530867187312,10,1637,0
-37.23340855301761,149.3431739465957,50,3972,0
71.34044733380156,-59.2535471413151,50,1967,0
-87.65965376806751,162.81504523201403,30,1261,0
-74.60846444619574,11.899904434096031,40,4020,0
-52.58047407371508,47.355976323417714,10,5793,0
-85.22420330271245,15.458560016157996,20,3982,0
-57.341621683836486,-133.42297789198767,50,7838,0
14.947480974544591,-44.70436115714125,30,8556,0
-14.14358089335037,-144.30739958005537,40,6431,0
70.68090799385547,44.26345590601743,40,5282,0
57.13984111291936,-19.125289727841988,10,9594,0
-28.472876694382325,100.07458976553725,50,9486,0
-43.303781982367354,-100.63062684022685,10,1626,1
-21.655366529891957,-120.75621896543943,20,8231,0
16.253089652665395,-33.72039685304359,20,4494,0
-41.74854465188227,153.5707379586172,20,1258,0
22.346803412844125,75.75185340446824,40,4467,0
-16.305902605576723,-29.18749507454928,50,4730,0
9.368492553356443,6.217981111551802,10,3613,0
-11.497224755642996,-149.6833159762446,10,1244,0
-36.996163282454816,174.44732269540071,20,168,0
80.7215952531882,59.90662969017082,50,3817,0
47.44904294875695,-77.25453535316791,50,9118,0
-64.77962836203854,30.89102191748796,30,9461,0
66.3242356616243,-140.58634821516216,50,9275,1
-2.2623843150875445,167.70120077073008,50,9744,0
71.01940084093646,-117.07740436198826,10,9331,0
53.97394607051674,53.2909144998771,50,4823,0
-13.46156919553798,-91.63639348598504,50,4313,0
-85.95552450237886,78.32209775347287,10,6513,0
-41.63807531070971,99.65569220650119,50,3566,0
7.494158638956046,62.431102408115756,10,3126,0
24.026079568706507,41.21980569186931,30,7098,0
-43.58021662202359,141.2888738227242,40,2847,0
-64.91590666689166,-151.6943840436871,10,7371,0
60.287442623873844,-60.87068431912974,10,6271,0
87.19239252663938,-90.61650733289545,50,3955,0
4.624232814483449,175.68502634355178,10,8853,0
-59.09772854730537,-39.81967931992554,20,2303,0
-40.98468122651359,83.74057172654355,20,3519,0
-86.68967822145599,66.50105899716165,30,1244,0
74.57378518088981,-103.65075450814402,10,2799,1
-68.8048050797746,-93.96083512384152,50,9843,0
13.77296559256564,-78.73755712090772,50,660,0
-40.67006027630292,-31.99417982662348,40,1287,0
9.752040452842813,-95.64297636581036,30,3233,0
27.25566990333556,-172.9254662111348,50,3511,1
59.35352466729629,136.58150045059037,40,1789,0
-52.844171083091425,167.61953929711828,50,4507,0
-88.02075084147351,-57.03466066863554,40,2523,0
-65.36058658761469,-58.13752340682977,20,1469,0
72.00335553265892,-177.44694740122645,20,6107,0
67.30021396125274,64.89024779893467,50,6828,0
17.534358390655495,117.15836246950634,30,8872,0
18.09303487805761,-127.22101187039885,10,1076,0
29.706601418325988,-122.52011422782573,30,4372,0
-58.43316984777908,104.42996998971759,30,6597,0
74.59415026649276,41.86466940749207,10,218,0
-14.621305519426839,-163.85019925402187,20,1642,0
-21.03506491509046,44.1169165664214,20,4962,0
3.405186950910757,-68.78961977624422,10,3143,0
-81.54612598049009,-47.258944030495456,40,1072,1
-60.068993623905705,97.10331058687687,30,1015,0
42.84605095674668,111.93666936213982,50,6721,0
-75.09623977347724,-35.87161433766097,20,9729,0
18.567379703949875,160.9750569622877,50,686,0
-45.83716025736223,-33.673421537254,10,8642,0
-19.92678947244422,97.86097268283956,50,5725,0
-38.03512738127402,-5.804184756866739,50,7454,0
-25.978911036309157,143.11163754795024,30,4691,0
39.42826293316419,146.7940477140643,10,2662,0
-36.518091187828496,-148.5299491664098,50,6939,1
11.952835253441494,157.13759927168127,20,8564,0
-4.31092760416206,117.19254294734964,10,3027,0
29.460809765276665,104.87185715256007,20,6295,0
78.62935307845643,-107.67191771321193,40,6376,1
41.86297749784505,109.84291515167936,50,4390,1
-51.31073185366378,126.04778448661325,10,5982,0
-84.38703568896877,-75.90587959650566,20,6546,1
-42.79247202603148,162.81362821043655,50,5267,1
17.11402752604587,-162.05034729630086,30,1622,0
-80.74335357283493,-126.03266883102972,20,9123,0
-0.6540755037774582,13.52920969854515,20,661,0
17.431712805040057,27.28528960403149,40,3640,0
-29.836099652947052,52.25402998832522,30,1579,0
48.76419667424795,-173.8911134464321,40,6777,0
-70.81231443592108,165.7320388639669,30,1305,0
-76.47519928755442,-163.94828661570816,20,6760,0
41.0739761166486,-128.49769701957513,40,8948,1
-0.8115630828842768,-174.95477369061948,50,689,0
33.912431356992485,24.069035985874088,30,4426,0
-11.731079051325679,155.61607821155002,20,5004,0
-45.64763401696077,59.740979788967124,10,9663,0
57.43841718135595,116.15668865295383,30,6521,0
53.89485821441627,-175.21876675491117,30,3859,0
35.04536475379682,15.125507452701385,50,9039,0
-41.01387529860671,-14.557328098012121,30,8755,0
16.241520036435677,-0.37154008051450305,30,9045,0
-25.024698550795176,-154.00325327933234,50,6036,0
-73.51522680120586,66.3967299849507,50,8874,1
75.1164435832037,1.1593493491084006,40,2305,0
-65.37264643458695,95.45358595005503,20,4214,0
81.04272368774444,-5.295371737782473,20,4127,0
-9.718960867567967,-126.22261095848445,40,4916,0
-56.67607280904846,53.37250346801593,20,7288,0
7.5421705281044655,-117.94090964214016,30,2908,0
67.13025045775349,134.06204280773338,40,3703,0
41.80047955372101,40.72184606492694,40,4013,0
55.18100661506095,-123.40660191949647,20,1519,0
28.581006007929123,166.44170069323445,10,2267,0
34.60978161321344,6.611566800715427,20,2244,0
62.85521728175747,-153.7565573262042,10,2267,0
-45.05975840534653,45.6598455894242,40,9852,0
-1.9035065442347143,-88.84839347538832,10,9468,0
-50.182300472471596,109.32964267582888,30,9560,1
87.78024143939646,114.41594648382863,50,5991,0
79.93068114359039,172.42104810767827,10,6636,0
-82.90317395366894,0.6730311688213364,50,1266,0
37.003531052823924,-16.215523298014634,30,3675,0
76.54469713481984,91.25121796073303,50,2941,0
-57.49643787707996,-132.31056371690644,30,1970,0
12.230141499473303,16.889584965524712,50,2986,0
74.78789356584753,16.64913604710634,50,259,0
-83.88972385455621,-147.7896757882606,20,7343,0
35.53564810443119,-29.525729217511113,10,3863,1
-36.47717867294086,127.1825274841927,50,1155,0
76.39131516777547,128.2153039180777,40,433,0
84.7904841297662,-144.27444062891485,20,3696,0
79.9679680404181,-147.3404822107809,10,7707,0
-4.641441001656521,-85.42962827930329,20,9183,0
65.16767717807642,134.91578251943764,10,1462,0
62.01889173631267,-133.59506937354038,30,1025,1
-32.561914816213985,79.19884894588066,50,5619,0
59.20478534712192,-143.58037693928284,40,2543,0
-83.33862575121132,44.329627349217134,20,4080,1
17.328578126769546,-51.81577231710787,20,7360,0
-48.59840928821345,104.00902666771213,20,1519,0
-68.29796056008982,-95.8714384228691,20,159,0
-76.14842370674235,50.11265858038554,50,2624,0
35.33197965806516,-95.15428755268142,10,3897,0
-28.822506521748096,76.91770192037536,50,1678,0
40.45801887517706,134.52409244186956,30,7301,1
-78.23585865619037,-134.35135231436638,50,807,0
-33.24773919049014,131.97444789438126,50,8265,0
7.108432627560699,33.68709158914725,30,5377,0
52.33016967101344,-134.24022328787137,50,1880,0
-32.624549472227415,-26.084932070503676,10,2513,0
22.660447758661636,-122.09029434536475,40,7850,0
69.47599468251369,72.12523999196503,30,2261,0
20.855373872814823,93.19252839046187,20,8900,0
-48.06729454434592,-141.91325270179237,10,408,1
-85.60785931982316,2.2103469700719636,40,5539,1
66.61779730216738,113.26502016933019,10,4407,0
-86.17150604693032,157.01869495835874,10,2464,0
67.44630108315589,4.866432027037209,20,284,0
5.2086841248981575,162.10052050010654,40,5424,0
79.03218573232131,12.848029364170731,10,5583,1
53.78098243925977,-38.09142194403314,20,345,0
89.62813989600075,125.35312627904237,30,8530,0
-26.871873218692173,-2.5262242350879394,20,8283,0
48.09389200760284,-10.115096196771706,50,6024,0
-17.652435550336413,-3.487503812461812,20,619,0
-3.622388345296408,124.84260067310834,20,4007,0
22.950983379306614,119.49895500769877,20,376,1
67.26188055354098,-34.73280272152397,10,5201,0
87.13502445587312,-60.01205044661099,40,8897,0
48.28921449561327,-2.905911345913461,20,4673,0
-14.801979209879923,26.19810350535925,20,4703,0
-14.155739590127368,-94.1986041739211,50,4153,0
42.764814286000465,105.82383049761262,50,6912,0
-47.02011376170558,-4.866204336327762,30,6173,1
-70.11465963634896,-59.743602568814545,30,241,0
-26.168011624660224,-141.5444425329634,50,1817,0
-38.29698150226529,-94.01574225470151,40,7413,0
-36.66453831792178,161.74122183215414,30,5814,0
-47.95060481101621,-70.16411274497042,40,499,0
-82.42322586545487,-119.21065582786728,50,4863,0
-86.78269174798551,-14.157795004202448,30,9814,0
87.79003015248568,-69.44841239031047,20,9626,0
-13.000835927544777,-167.34266990237012,50,6355,0
-20.8212035112573,-63.66772177940979,30,338,0
32.33651088475257,15.879104618208686,40,3315,0
-50.71430018428845,18.616453927188093,40,7641,0
80.99301311104055,-51.638788376320065,30,3747,0
51.54210259479937,-18.971007749063773,40,5508,0
-73.90601958379328,167.5864505645159,30,9908,0
-14.835460358712895,-44.15454819708782,30,6440,0
68.24129536118964,-87.03834722640613,40,2529,1
80.05176401245386,-92.35186413596635,10,3752,0
-5.867727975023449,-15.204739426511704,20,6407,0
20.414050057927387,93.42725353809986,50,9564,0
-59.93388970342646,-105.84425369214965,20,5240,0
88.41035270465578,75.3466057706765,50,2978,0
-48.29909375098019,-172.38606359421013,50,1635,0
79.69171934432262,-29.184127925779432,20,8827,1
26.93639681862632,99.31142347300327,30,6354,0
19.392623078194642,-58.05613592120469,40,1048,0
2.2839319829715454,22.945356520343804,10,4041,0
-48.479433890803435,-106.20747618267211,10,9313,0
-58.22495423900851,87.11834080542202,10,6703,0
-50.31248236736844,-161.17952282324654,20,8725,1
-56.441112814034184,126.91535215518013,20,1503,1
50.3252052420156,-108.64930088819946,30,7919,0
-26.977453349988583,134.78329141499907,10,3611,0
-79.58831821858865,-53.08947313181376,30,3035,0
84.43847342534603,80.16608681081519,10,4978,0
69.08145929341663,-65.07889279697216,20,7606,1
76.99541097513833,146.1282016444731,40,7691,0
89.08340807635835,-134.41063481338523,40,5160,0
-58.698855140492284,-115.73287586186447,40,3433,0
-18.676436597521423,-2.5091549428311755,40,1702,0
46.48292562673644,-150.5021619462674,50,8520,0
35.283711249682604,-109.4471335073657,10,2296,0
-62.29873685882609,159.75589759632518,40,210,0
56.8499624983112,171.53627801323938,50,9536,0
-49.60069706940108,-44.5466414410481,50,6123,0
-49.71282933192784,152.38296756501683,50,4259,0
6.6553961208144425,16.136883242435424,30,3967,0
16.72918827150657,-82.89271228544386,30,9669,0
14.415517410806011,72.86353958901552,50,7741,0
-73.53236926840412,57.20465036694859,40,5104,0
67.94295527346847,176.08511487914402,10,8304,0
-42.19199233403291,-84.58297653265801,20,7177,0
-66.68731416909525,61.941420958224754,30,3361,0
69.9746543764159,-161.2714481893991,40,762,0
82.0172696813556,-139.08742606918102,40,8985,0
65.18297110778111,-178.58938501760642,20,3490,0
55.712893450478056,179.8058451814823,20,9473,0
27.94355651502391,108.818530973092,40,3118,0
9.154326709645076,103.22028530407468,20,9796,1
-74.34238321594617,3.501387103744693,40,2002,0
-16.47842164727423,-71.97585015404162,20,4271,0
-22.916066937783484,-125.54485759343666,20,428,0
-43.244318923141286,-77.51709401527309,40,9731,1
40.21562046394529,-44.65036010550992,50,6395,1
-0.7423676858212547,92.27163491290585,40,3946,1
-75.41168113662337,14.27824400513487,10,324,0
-50.36702364903396,-152.10589444002622,20,2620,0
32.98657745872727,-173.5095567747916,30,8164,0
-76.29644529174597,-143.16041536773727,20,3814,0
63.217244528778366,-32.22046306894344,10,2507,0
-0.8736251374846216,155.94945013764658,30,6783,0
-3.49441608120336,49.46489323531978,30,910,0
16.63340123871317,108.65732395518545,40,6852,0
58.44257386652685,-12.105145978362524,50,3217,0
-27.39434257760525,-49.800210049784596,40,4873,0
32.04290746063144,-140.9758658220158,30,3390,0
11.831753519242392,135.33588798703377,30,2351,0
-41.934911369504164,101.93761045004501,50,4761,0
68.15339754392843,-119.47748486481896,20,4706,0
53.53668388924706,4.413802995453784,50,9215,1
28.52133023851659,-4.5450691483518435,40,6521,0
63.10471123696354,45.0329589671503,20,3152,1
66.11295617276443,160.62728183685402,40,8307,0
37.50533580870626,28.717719034492667,50,4551,0
60.66239910546096,14.47821604030269,20,5025,0
35.544863100471055,-161.88374414352097,50,2746,0
32.42533891685407,-157.35330863351138,10,9393,0
21.350048078733174,-112.555155122356,30,9382,0
45.48899512037542,-168.31052219097063,20,3006,1
-61.45108104724673,87.60704240520445,30,1846,1
68.55673665580711,80.39890943782673,10,4409,1
66.93183499414175,-131.01975560460855,20,548,1
-84.73548905377936,120.98840428630113,30,3112,0
58.64701510165728,-124.27702745539969,30,1668,0
-66.80342385477987,-71.57678868095083,20,3591,0
-29.678606233354458,-90.36831630190859,30,7410,0
43.8314861324894,-45.9694445137028,30,6983,0
-61.06321871130452,-88.32104427961373,20,6084,1
57.23406434143119,-3.9776664821572583,30,9339,0
59.78415203239354,-33.333162712313246,30,7188,0
1.3441920769505167,175.16501668055756,40,4868,0
-88.85054309096995,-159.86651395383876,40,1164,0
-38.333136028515696,-128.8147045005534,10,3921,0
21.046845307633596,-160.9826781929031,40,8859,1
86.61351204493623,45.30283019365528,40,1536,1
23.726434863000307,-160.37666013106096,10,6197,0
-43.235355408451234,121.1183054554044,30,2583,0
24.121026557930044,4.297907045494007,30,7819,0
7.197368348853985,9.72274484935214,40,4900,0
50.372171127205846,22.17402277638992,10,6482,1
-70.74348501114748,-118.50706572976414,30,4929,0
46.985022450365044,-108.83149087878448,50,6253,0
7.42798416169985,-65.22576376571831,20,2894,0
83.33856069461903,33.65870969586651,20,7712,1
-28.463010113036503,-104.35760066152277,20,1197,0
23.87194076411066,-138.12057823202596,40,1738,0
77.76505899180314,169.2420791106356,20,9950,0
-71.54824896167773,-172.08654666853576,20,9417,0
78.70112770256121,108.97106592096779,50,8555,0
33.819430014146405,103.69265384700795,30,260,0
-77.78932936106905,-73.00291901576544,50,9548,1
-35.82655794957307,-131.17441823736718,40,6006,0
37.47097595615068,-127.57368718604756,20,8602,0
-77.8768917356211,71.0753822053893,30,8518,0
14.790682831729189,51.41037279102252,20,8564,0
-27.741049748467788,101.78844273049923,20,7181,0
21.76479319814588,157.49322206367768,40,4512,0
-81.76643391374769,69.09385077597311,20,3257,0
66.87662510742773,-123.89344684148035,10,2438,0
85.22801445193144,-92.36065796445216,30,5688,1
84.39801395142446,123.18974311432125,30,1701,1
44.93732971372645,-104.64981269968492,10,5988,0
-66.58447677648624,-153.8919658963867,40,3818,0
46.48737526722407,73.18081945521017,20,5646,0
-85.57435503741573,-35.09051202354887,20,2025,0
-86.01776072478049,151.2144189165253,30,8858,0
-31.750160553082576,54.091825593718156,40,3015,0
-2.044225727160165,-147.44916799500214,40,6998,1
48.67333520540278,161.22836421131785,40,8543,0
32.99316778917093,-86.91938508951148,20,5752,1
-9.737512852185299,-58.603503453737126,40,3601,0
-40.74720006930014,-35.186251073924865,10,7374,0
89.482410028388,-161.55925329444722,50,1702,0
-13.28736559752487,-1.254447996982253,40,7459,1
-8.750335620658413,-135.60534321289478,50,613,0
-60.54771218549955,-35.65068239219337,20,8733,0
53.06571877498729,-53.74447632284965,40,8292,0
34.862800640667956,98.2224300335412,30,6601,0
-50.26146969802313,109.1413841877832,20,1002,0
-75.17141178914831,-124.77136233992832,10,5819,0
32.48987437344836,-48.041572543478566,10,9512,1
27.81201857060434,-45.592862028540594,50,8248,0
-40.81328514032232,-125.49224018300939,50,2421,0
81.15544120507387,107.44326181842858,30,955,0
-62.80957947943796,74.60219820075237,30,1117,0
-12.179735812331655,-111.4625569330675,10,5379,1
79.8508656301678,-47.98011290623234,40,7812,0
-14.449082953297985,-141.9101910516549,10,4780,0
24.9346705795354,46.15437495349582,10,7172,0
-18.43300836669703,-136.30610716249691,30,6724,0
-40.64126357723939,174.9363007049704,50,295,0
87.11597663276908,101.04554688763044,30,4794,0
-16.319878863292256,-39.514122149761775,30,9624,0
70.9378566622442,28.283015620567596,30,4751,0
-48.608170939604484,148.08305383790716,10,7091,0
-51.641153275485,19.475740942497403,40,9809,1
-84.39586508078796,-117.18054489673614,10,2797,0
27.30002856765931,-43.66679199078265,20,1157,0
-23.665258129722993,123.53215141070834,30,5307,0
65.58448497113467,51.91668575626244,30,2892,0
-4.8222167955197115,54.26077836016811,20,520,0
84.2748170246499,132.0557348478561,30,2914,0
-56.605407173438195,141.8303006865017,30,2940,1
66.35217023200994,151.12532584059707,30,1131,0
49.78743350251351,-145.8542904288638,20,7739,0
48.76593203592936,15.885360706716325,10,1591,0
62.06098106103978,86.58342763859469,30,5075,1
46.984318369739796,92.49366424572497,40,5047,1
22.71965789365477,38.41783270920139,20,609,0
-66.37592201717024,-119.9565593338773,50,1959,0
-84.14528769157465,107.07139941899916,20,5161,0
75.75261260682363,79.24008006538045,10,1958,0
20.99705661373285,-148.99112224234693,20,9205,0
53.37671237571173,-13.028463117224547,50,5707,0
-3.325976727740987,-117.36813617215071,40,2165,0
-68.88452598676899,-58.50826354333012,50,3066,0
-67.46655740354092,-173.49080680595324,20,6873,0
33.40175170121485,-35.881247372127035,50,7992,0
-12.544938918096715,17.95569161623576,20,9888,0
-53.90554919393939,43.049733417751256,40,4542,0
-1.512981586541362,58.85652424633563,40,9347,0
-78.44239132647587,121.06487271688559,10,9315,1
14.75485234459178,-102.43335338073719,40,3304,0
-41.58118720168242,-136.62654392215154,30,675,0
53.560638114693866,126.55338188325324,50,298,0
-34.13484739375672,-123.61938663864603,50,7523,0
-8.060373165275784,170.9136292810303,20,1465,0
-87.90830281654189,123.31376258350932,40,7934,0
-76.9595601969794,0.3155781202556929,10,2098,0
-19.351159846796733,173.31171297192907,10,5450,0
-3.6110097509177685,-144.9443775211185,10,6544,0
18.00369866147467,-70.89632597696341,30,1116,0
-37.50073583232542,49.76078941462012,40,3718,1
35.09673950277766,-53.997527349655655,10,125,0
64.82203149405683,154.21411871308507,30,9850,0
50.373178000802966,-156.37460825598566,50,3824,1
-82.86861143729571,17.78825954194724,20,3558,0
-3.5087494935907904,32.71185626224122,40,6693,0
-71.11256788472852,54.98212455980068,40,8762,0
-46.43189714474506,-87.9601596005468,50,7380,0
87.59926678808637,-48.7560860928488,40,8169,0
-64.35080227772762,123.72499067939195,40,4846,0
-0.2001323787559084,-109.82060317074246,40,7689,0
21.26803217726144,117.67242498241033,40,9177,0
36.44369469793871,22.555952244987264,30,7078,0
10.736763027644539,94.38750402986956,30,9167,0
-88.24124746454694,76.89865185484976,20,9233,0
-31.23696451608146,-105.29586166144355,40,3141,0
3.188095809248057,24.772585116194232,50,7865,0
-74.18403015393,132.38033500983326,10,5504,0
-26.887152382347463,-24.438154751305436,20,671,0
-84.02344041755401,167.97267728039404,10,8896,0
-75.85587051209626,-17.2025639633815,10,5080,0
-18.553810283712707,-128.59717079956152,40,8673,0
-66.11116427224914,-39.803515172037635,50,1336,0
12.157352687080467,162.61286630059337,10,2480,1
34.103694444707834,-64.90049423765248,10,7277,0
54.10560583963492,132.51533755214263,20,1617,0
-53.97295603593418,137.25024540548034,50,1633,0
-59.85313519336744,-53.93285124049402,50,5987,0
-71.17778873980795,-150.02724310177243,10,7959,1
24.557444917854603,80.84084729717456,50,3589,1
37.165630767642206,-67.85557235496503,20,4742,0
-84.31449393138443,101.85250113272606,20,9162,0
78.51820432386417,-20.64425462624408,20,2250,1
-80.64516894273497,-5.3039727566562345,40,5419,0
7.4333403541926835,100.04738642947325,10,3866,0
37.630893501164955,-42.34920081781396,50,5060,0
66.77444227429541,-20.474155683750766,20,6161,0
38.53564778383701,-44.57143124293603,10,5957,0
54.31105495256253,-47.757414500179216,10,4587,0
-28.898965342294908,9.340767684525385,40,7850,1
56.6685204743722,111.16780002041426,50,9904,1
-75.57932765075847,-49.76340770787629,50,1177,0
71.06699809089497,8.73169939358521,20,1400,0
8.566627707672524,61.4618371593363,20,6749,0
57.11359859324887,-83.0017993306842,10,7281,0
-8.582708786705975,-80.09179023513867,50,8238,0
25.843985135374496,156.02872572844373,50,2629,0
4.752478968500378,80.4724463991919,20,3360,0
41.68611391595974,27.787203440391195,30,463,0
-75.30660323449388,53.17921959142031,10,945,0
-79.13662488169851,-169.4522004827694,50,3132,1
-45.52141787817364,42.51706760221087,40,1427,0
-61.281957579626095,3.423194360712687,40,8683,0
66.92104198659631,16.46988472059684,30,3355,0
-50.54148227555202,-50.60742234090585,20,5236,1
85.65574604744363,-150.66939682334092,20,7208,0
-29.35875748120077,-110.39787589966122,20,3337,0
-57.21877517603413,162.26809675656182,40,9597,0
52.14573128564624,-32.86815758246377,20,5768,0
28.5673995901577,-11.994063900888898,40,6412,0
-0.32477103843498334,-161.02447565276196,30,9056,0
9.965439168773623,-166.476157364167,10,5565,0
39.45632008900749,78.18532093683277,50,598,1
-48.87814656036623,13.714079083600064,30,6162,0
89.34010489021355,3.1341543178560016,40,3044,0
85.46276918642096,-92.47516904783927,30,8052,0
27.05862354244864,88.110263386772,50,5956,0
-54.082358832753876,-119.43483152094292,10,7938,0
32.44108363763244,-111.62349228203279,50,6177,0
-77.00428638374835,-14.14361831462083,40,235,0
-84.4825496029549,-76.93924963970127,50,9392,0
-43.61708006798154,-90.9133267560673,30,4133,0
-6.727867786923065,52.285552039199395,20,6800,1
66.2890509735085,54.34982827867602,30,4213,0
40.89043255793544,116.82614512797453,40,6646,0
43.68717381599659,-29.624915889728687,10,8496,0
-13.411199799346436,-153.6893672305859,50,4694,0
-27.731701341546675,-81.48010142827523,10,661,1
-23.213022662771515,172.8019667508541,40,5500,0
87.77692147249041,34.65308708377275,50,7433,0
-82.78034554575315,75.5053505283673,30,3414,0
66.06566930204075,-177.35118133485076,30,4060,0
14.161573543030814,6.55406358570751,40,2311,0
-11.049224545873717,-166.48968328855088,50,2471,1
40.546378874724574,24.92287635292127,30,7074,0
-2.399590543553487,151.47750586898712,40,2781,0
67.2161828546989,168.6308869801468,40,2906,0
72.12633552202654,14.598963140012696,10,2355,1
-14.090233162778025,-15.046270109202254,30,9192,0
-40.170996497690716,160.20615392945786,50,6482,0
16.6230591468052,62.49953951881024,30,4999,0
74.22540221100438,-156.6362593661726,30,3259,0
-52.08080597898002,-12.338792039700879,30,5756,0
22.1339850414269,-93.51179335285059,40,1552,0
23.6808396166537,-10.870444278474638,20,9535,0
41.96034403475058,-16.032394077709778,20,2422,0
-66.31781667709323,29.572129013307126,10,9962,0
38.84849364277594,-51.56262347426956,30,7197,0
73.62585371981538,-120.8626381958659,20,1868,1
-57.65704040335645,1.338996452384258,10,6196,0
-47.24220151370203,118.87303836447434,40,5285,0
84.85111692749513,59.044402104336825,30,1269,0
-57.42414851229184,-58.1875682669223,50,4810,1
63.78931680652424,156.7882881931886,40,6690,0
-1.3899858393537379,148.39472564970558,10,486,0
-45.49840660742813,-104.63457622172444,40,2530,0
66.73498222905205,-165.80966935666933,50,1505,0
-9.845054099520212,86.8711350062744,40,223,0
2.6671237073442344,117.93969408569518,10,4097,1
-25.337993508042175,168.4312437424879,50,6009,1
16.731153258286938,140.34110187179186,50,3996,0
-60.5657029346959,36.192516554309336,40,9916,0
-19.605323402683073,10.818842116457095,50,8166,0
84.49421802035175,-169.97722154546892,40,9473,1
-43.53598211379704,-91.20367913587998,30,827,0
28.212599617432595,-14.538689376146486,50,7139,0
-31.465788439554924,46.261404030084414,40,7815,1
49.22516262358812,20.610659994627838,30,3770,0
-66.44274107069702,87.34895628540859,50,1241,0
84.56778811413805,-79.28390488066529,30,4131,0
-8.317882550944935,23.382938754890365,50,8650,0
-47.51091659763649,-148.26879237931485,10,3842,0
-76.77058548059772,-31.080411510045494,10,2944,0
-59.44357708424267,90.05789986365636,40,2311,1
3.559310740083179,69.62430723445584,20,1072,0
-29.339428242368466,176.63138538198444,10,460,0
59.199005858869704,-79.95919464440784,20,2732,0
-12.440245740874932,-0.65185229736751,30,3290,0
-45.231430934226616,-61.36905104136118,30,5048,0
21.08609758872541,-21.382878938697093,20,1724,0
37.219899039380245,128.50204675297974,40,1856,0
-59.93245657782902,66.31526706785519,50,7918,0
-59.82854106810282,137.6788288851294,20,5219,0
-83.39914315196226,-106.73600100052087,20,6126,0
42.55236271181529,134.41000242291767,20,8532,0
29.484814971924916,-158.4855812957816,20,7075,1
-4.566442365033501,139.89574095737487,20,1075,0
61.95068081445548,-61.53343939413795,40,4418,0
55.02062753100957,-66.74845197093606,10,6023,0
15.363785591415386,4.351887611519012,50,2413,0
66.28883049238655,158.64846758036344,10,9597,0
-52.94858219338172,-162.79870871469407,20,887,0
-69.85446850840898,-53.19684897453169,10,2528,0
-41.44506992694187,128.36591592600087,40,8847,0
-79.72436590392333,-37.42038812323197,30,6764,0
5.610515040185762,-108.30351686505588,10,9851,0
78.58902461309307,-27.07409472069176,50,7583,0
-82.91816267966826,-41.201099462999046,40,1463,0
-68.02021547819518,149.54983252801324,30,4059,0
-8.60417490898165,94.29637526751495,40,8881,0
78.09750315502288,1.8416000678422861,20,1849,0
-33.091901104184906,175.81340401976558,30,6771,0
1.3022655639106384,-12.50008874066761,50,640,0
-82.51688537092943,-159.03438090470092,30,7734,0
-63.29822382682401,-85.58124414660544,50,8582,0
87.59342213259244,-23.01462712104746,20,4035,1
83.7213653584882,-123.51505530739676,50,4058,0
-89.11080343180627,161.1234454766555,40,3959,0
81.32612137618301,96.06560321439832,10,8150,0
25.041588806790067,-83.41660784600184,40,9547,0
66.22529301360399,32.689632066449704,40,5431,1
-8.146825985905362,79.72169655944593,30,8299,1
2.8072851442650437,158.86041440644726,20,1757,0
-2.007615553754367,137.38872570314783,10,6285,1
30.03556635829878,5.46920140975693,50,4528,1
-64.86277414386367,98.87494312548633,30,9548,0
-84.60475382291797,22.3721113779306,20,7337,1
-34.57261051358564,18.973400416394437,10,1139,0
36.842537292596404,-138.69289499825092,40,2216,0
-53.66637861786929,-134.59044311418526,20,8976,0
31.217837998485116,10.632101408084678,20,4118,0
84.58416829930869,-83.20984380755762,20,7646,0
-73.09787115790469,-172.42671511423129,40,1924,0
31.06838128052273,80.22211340407642,50,3634,0
-10.124960525177194,-168.3048251915406,30,6770,0
66.26560578795096,34.29966279745963,50,8354,0
-58.113037899470534,14.109765885833179,10,8552,0
34.67267140070961,168.7732886080096,30,3671,0
60.86075213665984,-5.683269834849005,10,3292,0
80.03055950532418,-157.10348290399295,40,5053,0
32.98464509213625,18.607668410326205,50,9780,0
-0.508542478483085,122.7946214217965,20,9422,0
21.21250323621849,178.86574234131837,30,4375,0
66.40289720616929,-25.076457471933903,20,454,0
12.709754394989343,-64.6924527011727,10,5129,1
-84.53032925456937,146.39518690271962,20,2874,0
77.570765191256,-111.1528335325963,20,688,0
34.114815185681,41.554409411853584,40,704,0
31.772409439904372,-33.942807294858824,40,8465,0
-51.17847256841091,-165.2103486160001,50,453,0
28.599384641878295,-54.976149249948804,10,5534,0
-19.104406982251476,-84.51773189903714,40,533,0
27.221935867468574,66.99281541965527,40,8550,0
-70.81325454456167,161.56457916909054,50,967,0
28.412154828546484,-83.5030125436904,30,8887,1
89.89447063871998,112.12773809460543,50,5864,0
-81.32183300509992,-160.07046590217257,20,493,1
85.89135315983711,13.72356361433274,20,3854,0
-16.75656706988329,-154.60197706443796,40,4470,0
66.73562106070665,156.25187680703016,40,4621,0
50.82938713048922,95.88646100066047,50,7799,0
12.062926977600203,56.86196803365324,50,4678,0
42.92085766523877,116.60269738487914,10,8505,0
68.13280103424262,53.10712640525873,20,2226,0
-17.254742102814063,168.81998298274482,50,8430,0
-31.134030918617036,77.02486123131774,30,4293,0
30.16680940144525,152.87709944960883,10,4060,0
55.41226954942655,6.16748112382969,50,763,0
47.211324259790835,-137.85681132652945,40,2932,0
53.606456794554205,10.14397971228616,50,9365,0
-11.59500333367206,-134.32578189728642,40,4674,0
57.21015891150389,33.297652503505816,40,6471,0
-68.36237003329047,-6.302498210041341,20,7724,0
8.008037632952918,44.12714321980141,20,6392,0
-88.96344111033812,-176.38308682026062,50,5277,0
-31.574550617951346,-109.85742300406892,50,8453,0
-24.036923723148384,-3.121044511632882,30,7106,0
-18.68891551033403,162.18128217208854,10,9792,0
35.18409720417519,-41.90074547214297,10,3278,0
-20.059541771337766,-27.22607062069152,50,5646,0
-9.235147927944482,77.29059204238399,20,4590,1
-47.242056442621056,37.36539262300249,30,4996,0
-22.814677506718787,-72.38658596460003,10,285,0
-49.09146709263273,-32.106097595726,50,4753,0
-76.82473372168015,-101.62807241139632,20,2080,0
18.620746808648022,167.76772528687508,20,4641,0
30.278303739902924,-132.9716226393505,20,7908,0
21.50826228173061,-46.138757556089004,40,929,0
-6.5710721158969765,-170.69797000079598,20,3619,0
-21.638559567738632,-100.1593829039233,50,8108,0
65.40005692292854,100.96960981685577,30,6009,0
3.43472132451925,-107.5769163760034,50,1325,0
-3.747262026648426,-151.1771750895724,20,5874,0
-85.38442815484157,-9.196855255971617,30,2944,0
-28.575391027291857,-176.41107549557333,10,7447,0
-21.56478861854573,-149.48418440652006,10,2833,0
-18.211899438557914,110.74531304267104,50,4520,0
14.431026460919812,97.7304041494583,30,4096,0
6.048458410838123,149.44997534576257,50,9790,0
19.422916702820032,127.62555692786982,30,1788,0
47.67898707758309,65.94320276633451,30,2547,1
56.33743296889683,-161.16017137176138,50,967,0
39.26215372076899,101.8255024751967,30,7052,0
81.99426527188824,124.38389190260176,20,6184,0
-86.7181351182549,107.66957247790361,30,8531,0
-54.759962576961705,3.052452710889386,30,5405,1
-88.63868250393442,-96.1553380861866,50,8339,0
26.545448547828542,124.31879124794162,10,4149,0
71.64549881099764,81.77861150644985,40,3557,0
-46.17318661626613,173.07402277998656,30,3328,1
76.8662180633352,-123.95066480786414,40,1348,0
-79.15186974787905,-98.76075010126019,30,1267,0
78.19848482499258,-103.75266604265903,50,3590,0
-26.707916296865804,105.31431634368121,50,1997,0
-71.74425087914102,-112.71337327795746,30,2279,0
-2.5430833464613856,-156.0024612636098,50,6055,0
-43.78021781030857,179.4818903708263,50,2820,0
-38.72287764685389,-171.0658038797463,30,2043,0
-34.68780631326842,120.68786165719163,10,6012,1
54.54466160987942,-48.46793704176499,30,7786,0
7.0490298015458075,122.98156551281349,10,3796,0
-33.96461415191934,19.663376836012194,50,2925,0
19.860080995965305,144.58724261508962,10,8514,0
38.90712136017484,153.4294751092656,50,1846,0
-40.927679867963924,-176.72465473892063,10,629,0
-15.561161725436728,-152.8516166425962,10,6484,0
-68.06050319934944,-89.87085735449203,30,8425,0
-57.393117083757545,60.9535498908606,10,4586,0
32.60121371369691,139.77799074414216,50,201,0
-57.34109741478715,-14.420897534173406,30,3823,0
4.52940906007083,38.51032185873555,10,2828,0
37.62832711003788,-112.14005299359799,30,2645,0
-70.7621538429461,109.78806019740672,40,2658,0
12.11619953320264,168.23812008724911,30,6946,0
-43.818698933754526,-83.30438415074491,40,1048,0
83.32683754276437,-1.8626574238033244,40,9860,0
-2.961783590413549,-148.99820021770543,30,5036,0
55.07865895952846,21.289196326668623,50,2153,0
9.040777588127117,1.0020390648050004,50,293,0
-82.18574408613254,-128.00286570417205,50,9033,0
23.967247606924023,-20.85616327749299,20,7404,1
81.25260159719826,-59.72232524883723,40,3059,0
18.290127626339615,7.859115109868164,30,8274,0
57.453994696822235,30.83556075436771,50,3023,0
69.15716340271341,-176.94159170140458,50,3339,0
-48.945641049192155,93.96215386183992,30,3965,0
-51.8319288165192,76.6851450702267,40,8329,0
19.97657799317851,-48.136900965652,30,9990,1
-16.01487543479315,-160.94306319522542,20,4666,0
61.17503451600966,91.77571432261813,20,6695,0
72.00416221164201,163.8630577721277,30,5709,0
-26.38415172551074,-93.5454254320749,40,3313,0
-47.363299384593226,-63.53113905466636,50,5208,0
50.494592743895126,-113.82735978654662,20,1883,1
-40.534913601335504,27.697004404142284,20,8394,0
58.07057733246211,-124.25709792691622,40,5930,0
-13.727114343222691,-51.7701803539034,20,5931,0
30.158981872464683,70.92468501633466,20,141,1
-72.80364350975972,21.64175388336542,40,6309,0
22.29467844178314,-40.873476841943315,30,1161,0
-8.681817827298758,-28.71014334928492,50,9968,0
15.589523371585338,22.35991774436262,50,3789,1
-59.75744260592458,-177.88869796062193,20,7695,0
42.63727408995278,-151.73644735670047,50,6907,0
65.30347395778114,137.25290439468418,30,4097,1
-50.986835983660384,-151.96356392713534,20,425,0
-72.77138000637089,74.44929463578185,50,7305,0
-85.74505451165945,151.21373907925894,10,1220,0
25.554870079787882,-82.5539024513768,10,207,0
19.276926495980536,-46.623082658574866,10,6394,0
8.405534288532603,24.811706104097865,10,5293,0
-48.24952269912443,137.4152290698905,10,7324,0
-19.636920737007358,159.08601141375127,20,8626,0
17.00574033351115,86.2427693200565,40,2139,0
-0.5819654053495116,-148.81688609231014,40,903,0
87.80139363867971,60.89549599254629,20,866,0
-65.44084453978803,-32.290660125841654,20,3627,0
35.12601972856688,-10.547640183217828,30,2406,0
-17.222621741227417,-162.30657947573627,40,1588,1
-12.924069313389344,-111.21762983531106,10,4229,0
39.16759781847172,104.58489871211319,20,2473,0
34.63850723838654,-16.57482010277048,10,9128,0
88.4260788663939,-71.4015930127864,40,3409,0
-66.88902789825745,-41.75313337261506,50,6934,0
-71.26026311085006,127.58382479724487,50,5835,0
40.38098708317341,89.63964626578448,20,4934,0
14.109645061153637,-81.9664570148102,30,7090,0
-40.651080019234946,-137.6993375235456,10,4083,0
-75.70451358198241,-89.28064020813419,20,3868,0
-74.5815150726425,151.47232237970414,30,1604,0
70.9543574395413,29.371981625911925,10,6893,0
-55.463881550626276,12.052875148121828,40,2550,0
-31.793118819206263,34.70169588928615,50,2133,0
-49.201847599142155,-48.229824331254505,30,8102,1
-26.100664950251286,110.55852731502459,10,9991,1
-77.5037083057032,8.383049748089931,20,6119,0
3.4307623634886664,-137.9707550032336,10,1407,0
-77.82973855340131,-133.53655506153734,20,1075,0
54.06417140802508,13.269292740942603,50,5039,0
-47.93182525612205,157.1652785055021,50,3833,0
7.202144628811906,-68.99323619656845,10,8651,0
68.41423576106249,133.0348207893186,10,2323,0
27.157926428494953,95.07441116839655,20,584,0
5.932401579240354,-90.78752055351353,20,1528,0
-31.619924439232392,-166.91733060615272,30,2180,0
-30.059655649524373,-143.33498454874223,30,795,0
30.50765193567422,82.25781618507848,30,6400,0
88.94508501981015,-108.11889430536719,10,4760,0
29.131054172888152,-46.342468618058234,30,301,0
10.401015126604483,0.6116997623129405,10,9490,1
41.5170918430643,81.16854064205862,50,9559,0
-6.262989788930733,-139.23675962671487,40,8365,0
-79.17437833185866,-33.70809410011387,50,8387,0
11.213426858023766,-5.373752708629653,10,3577,0
82.37255121096844,14.697743029754285,10,2302,1
-58.44547037562126,114.609830902278,40,7590,0
34.20088034771983,-118.19584978444192,20,8549,0
-53.831936041369836,110.81932265758402,20,6417,0
6.448983205154628,69.43623397079479,20,4525,0
-72.59823906359047,20.113493111625363,30,5450,1
-8.933231473526675,71.8300333449259,20,2906,0
46.10939920114429,-31.6736139774037,30,7263,0
-27.437125636983225,-130.17686905147517,30,285,0
29.684110407699244,59.67548649553223,20,8170,0
53.18099294215125,8.882030406824013,20,8434,0
76.89200750630148,50.17492819539918,40,7150,1
-47.764425266018364,-58.320438829743594,40,8931,0
-18.123135154324533,146.47196784234092,30,2174,0
-62.565117600524864,31.453152687207698,40,7754,0
88.64703038850755,-149.25510565528543,30,301,0
76.86017422637316,-18.070563346405677,10,5810,0
7.1922834505007245,92.28817970770835,30,3265,0
61.56599298775583,105.88844222361806,30,2202,0
3.772435908967593,-1.9450610050468464,40,9202,0
22.24542384049675,142.10912549926837,10,1671,0
-73.957602219117,-83.63936261005288,50,5225,1
45.94867568942543,-32.18446899422403,50,6797,0
-67.01157294565773,143.49488780482923,50,5269,0
58.69217344545511,142.6524179297684,10,2259,0
50.765055780669464,66.85659677688513,20,1429,0
37.57404559373576,129.23299696399926,10,3713,0
-83.49113150554282,-148.04162389575623,40,8752,1
-35.43689592984085,131.3981914347995,30,9098,0
-42.639737416048284,-64.57683364191837,30,3799,0
-25.175446655126564,-115.80065552584213,40,6127,0
-74.22430558250906,-93.82685891686332,40,2373,0
78.6524081455913,-29.531337115000653,30,8350,0
9.684403328227729,-89.5708783423918,20,4923,0
-35.00562408155576,-64.59566903406035,20,9447,0
-18.543326926628986,-131.40774501420884,20,7175,0
-9.503542709129583,-73.37636439876053,40,597,0
18.10698000491111,26.02217323512042,30,7059,0
2.822296985369599,-20.93266508721698,30,6310,0
75.49055517859512,-55.18124595507198,30,7226,0
-0.5465730769505539,88.72276638856104,10,4076,1
88.58844266819628,141.66358970159445,10,6520,0
63.25649239411723,92.44412024486293,50,1707,0
-52.468107415679555,-60.47974723763549,10,9012,1
77.50713863590492,87.99918042151933,20,1374,0
-69.0540483806143,-125.28713430934157,20,790,0
57.140947528414486,-133.08552428713526,20,4123,1
-21.487807174215586,-55.57426666698278,20,7347,0
68.03537768011252,110.77285285586052,50,3537,1
66.25020421934106,-91.31463099277133,20,2455,0
55.06657202117181,-157.22877279647534,40,5681,0
52.20547853527105,-132.58456732571216,40,849,0
-35.157754962352655,129.14818867064886,40,3151,1
-75.43452905077461,48.161982509023545,10,7863,0
-17.46356782227094,-88.8475811868084,30,3664,0
-58.765587302428436,19.906497118145282,50,5858,0
35.091196002443105,9.928664073126141,40,1804,0
-27.702049223198603,55.95695223863805,40,6174,0
85.60983615478469,-96.05248040821813,20,2477,1
25.37497392215976,131.18507538998315,40,8119,0
58.04650145418497,-68.62731765119537,20,5374,0
-66.14555890646729,69.88739543144528,20,3331,0
65.16260680907206,-174.19512730600263,30,6509,0
76.09629429241097,-45.843433238106996,10,2315,0
-2.3288546125915377,-53.38446553482902,20,6388,0
19.12552879517594,15.654394289885216,20,6429,0
47.665764162539176,-153.81494576020927,30,985,0
-58.52904709312574,104.44729454139899,20,964,0
0.4618937634196363,-101.59891136367533,50,7017,0
-18.24065500098364,63.73361335752367,10,3154,0
-63.65268141079516,109.15636436787355,50,9077,0
-23.843803987524343,22.275704246944727,40,8748,0
-77.72898431061115,86.71795441991478,10,8636,0
-85.35385674909234,58.26971239740199,40,653,0
-65.6700679521319,-52.00927302527726,20,5216,0
83.36072008605129,111.18907405208351,30,7783,1
8.915316461103053,-73.90750684120992,50,887,0
83.84798900757959,25.63665039054618,40,8996,0
-12.150381900576244,88.34318609095422,20,5007,0
-33.87309604465328,-43.57587246749726,50,7290,0
1.105535311243937,-71.00366125772698,50,9244,0
-10.887896046076177,-14.635436337783819,40,914,1
-70.9803568328861,114.4668579656953,20,9840,0
25.34873664423712,154.77183473243932,30,8435,0
-51.11312714827207,16.230028629560454,40,2877,0
21.525831881609324,58.12783391651467,50,3866,1
27.036196631667607,145.1785040060091,50,5058,0
-62.63552643684334,-144.52313349134073,10,3925,0
-78.95706712007973,-96.45171196818059,20,1316,1
50.537085492319164,75.20400225056969,10,4570,0
-7.235923721522369,116.54800628842789,30,6872,0
-79.53051680901436,128.53045019900804,40,9581,0
89.07593709055809,-30.56141633222427,50,7817,1
-79.59949902065401,-147.83763517492793,20,8847,1
35.106341194539574,-22.39866817213683,50,962,0
87.06220654741445,-96.93554752546063,10,6317,0
-46.94758124113339,-75.1692762012153,10,6038,0
-64.39511363630469,98.01632046150209,40,2455,0
-68.1507109039628,-152.81024903068072,20,9257,0
-35.4104734378328,117.92923829305276,20,2495,0
-71.81175401808359,-26.039129103299135,40,8767,0
34.589041504943744,34.58301519621423,10,9630,0
-78.78747633658871,-147.72519675515557,10,624,0
1.6959830669621478,-58.550731791379334,10,661,1
89.40543369353583,-147.70766915465552,50,8267,0
56.51464851108339,166.15574023719944,30,8213,0
20.73949888158196,110.61419375745015,10,7516,0
-34.8743482584099,-14.532208431674318,30,4764,0
22.301250532494926,-99.5030826034784,30,1305,0
4.867463504097294,156.0438378899468,20,2338,0
-13.304990899733134,-55.94522553829017,40,1260,0
-66.4721321867641,-122.04560459254509,50,5339,0
69.58875874328402,22.73917984342376,30,7074,0
-9.038763212161946,159.7586833241338,50,171,1
-54.967947872262286,-178.6210954198839,20,854,0
-23.80331684208787,-94.27505642856045,10,7398,0
-15.456644544793134,157.84115054774674,30,6700,1
58.956821202037375,-118.40905193142166,40,9196,0
42.05058850105237,-139.23235740966484,20,8252,0
48.474880855441164,25.26739768792961,50,8343,0
-88.0143724028435,130.26377638613877,10,2721,0
-15.092280327642928,-8.240465630186593,50,3290,0
-3.3580527056417475,178.04313240642892,40,4048,0
-86.5453901718498,64.50181183367742,30,1387,0
-43.23362242589384,-153.33303340423882,40,5458,0
46.8521681619843,177.41956740551115,50,7618,0
-65.32025296878017,-33.158074759131445,50,7136,0
6.355823661466498,-76.53508781562628,40,4880,0
-51.26366303689725,20.836506088038806,40,1872,0
-87.8182605640992,-70.44926694448885,40,4002,0
-46.58373763208253,-148.87529743674517,10,5826,0
85.65727588380969,-179.4857964914964,50,6300,0
54.276680138938126,-18.14999294870557,20,9241,1
82.72379597778601,121.27083200157321,10,3238,0
-2.1862720932547597,26.033466826827556,10,7313,0
-70.24748423804937,179.7146276196387,10,2516,0
8.632708015264733,-76.735207567008,20,9717,1
-8.212079779207041,-79.03617668638009,40,7151,0
61.98427489313087,-122.49019431578009,50,1684,1
-72.34513545883597,-120.93710822447933,30,1146,1
-2.1165953360799272,-77.33282543638279,30,7084,0
-62.99124035508284,105.42241629846977,50,2265,0
-31.558333159789203,146.07244462912124,20,5819,0
42.724273929803935,171.03138109476527,30,7322,0
-4.316736713622024,-96.37572452527705,10,1276,0
-22.34010867376152,137.267116421073,30,6511,0
-18.994269857393643,-61.828167860158665,50,8174,0
-7.299581686922405,-139.37740397392162,10,9323,0
51.302977890670235,133.20897318725963,30,3388,0
70.5752440092422,48.99802847170269,50,1415,0
81.96024357070709,-120.69687741081778,20,992,0
51.64260952595312,-25.26074729531908,50,5269,0
-33.22675876535771,-76.58722984425565,20,8398,0
33.86424709557759,85.24604473567092,10,3180,0
-11.231437670029454,-16.7701569752635,50,9036,0
-44.15928803171079,176.1407802382986,40,6566,0
61.35688429666607,-160.29180638654574,40,8913,0
-83.0832571867815,-52.19450419095119,40,5190,0
72.31715858437623,-6.515939840408134,40,4340,1
-6.934056367547852,1.12807970939512,40,9112,0
24.696265825490478,-66.26310394117075,20,511,0
28.68370599704089,82.52648967512448,50,8405,0
71.12119332717654,134.90894645603092,10,2546,0
24.600542790097318,157.93894871203068,40,3446,0
20.50804525681112,109.83361564782943,40,185,1
-78.0026326990758,126.20887103037578,10,7849,0
3.313443950136734,18.196308223198386,10,4242,0
-62.969579852932505,117.31976151365325,40,7187,0
42.7380783698674,-70.7385927067372,20,7468,0
2.1999457462814065,-36.547645640682816,10,9864,1
32.441000257503596,-65.91131502532404,50,5934,0
-82.49887789157083,-11.740559238746844,50,903,0
-74.73743711175543,-77.19133815409091,20,6819,1
38.93820985128281,166.18011921160087,30,6185,1
-77.0248195202388,-67.37593391795947,20,9361,1
-77.17378900225346,-144.70396628006165,40,4282,0
-87.82047445772025,9.654179778148823,30,9700,0
82.17025169390642,-159.4443317597365,40,364,0
42.75150470262125,-140.20446012891102,50,3193,0
-26.41474646962845,-101.01981988935134,10,4898,0
-36.62359536822206,-12.833910042428993,40,9765,0
-27.05341864574708,-24.02966436874996,50,8243,1
49.43763561261273,107.88907032100482,20,425,0
29.04670999267459,86.21087539828082,40,1306,0
-56.664797783855775,-26.525414163347527,50,9796,0
-58.66031963986482,-59.86648527277323,10,1540,0
-72.28878305158848,-66.07123773786051,40,5284,0
28.854489546240863,98.63823142584324,50,9247,0
47.587079199912466,-161.2539337603429,40,8846,1
-42.29164290149927,-175.3842061761819,10,5236,0
-86.2299070144357,106.39598109359329,40,8240,0
-75.20909985424308,-8.227304643942253,40,5919,0
84.21480627210549,-132.88279012071266,50,8169,0
-36.819940054064354,-95.19626354597955,30,2136,0
48.46016661086405,155.7014231150577,40,9578,0
22.43944239376748,129.42107122496327,30,9489,0
-21.25086486247874,75.52261808063011,20,5660,0
-52.97629280480008,-6.398917078562438,40,3729,0
-68.15044473130685,7.316505428898861,30,9063,1
20.702334246995992,171.0880327022251,20,5414,0
49.434080514801835,167.67735979834336,50,2556,0
25.902765637403522,-102.50314351709966,40,8762,0
5.454383984848496,111.99764386991453,50,1470,0
-82.44877978230548,-108.99264017987394,20,7729,0
84.32797996698908,-103.1265079617775,50,8963,0
53.76855449782342,63.39349229924764,50,1274,0
-37.292033393826344,-34.19960450848257,10,210,0
86.39465928459312,155.35598655834727,20,3659,1
18.33868613453798,-147.9564954374368,50,6792,1
14.836078477304365,4.1492306914174915,30,9318,0
44.65317229731578,150.66775095952366,20,3333,0
56.11856185622476,145.48091777262186,10,1572,0
28.166149319670478,-123.64948317033316,40,4972,0
-66.942765654084,-48.010427965275674,50,4853,0
-29.11184892099029,42.88370401681065,30,1933,1
77.05505525868895,-122.61784148229522,10,6028,1
-49.569189868106655,168.48798193646593,20,8745,0
-23.009935709247603,149.30975834195772,50,6916,0
-12.226161070044721,-119.89793554759109,10,840,0
-10.907101854998606,-136.38403394604524,10,7356,0
20.329124849014594,-149.2529461890245,30,2480,0
79.75365079404737,147.3997190531872,40,9735,0
-46.67531187014911,-110.29542847363412,40,3780,1
-68.12975226583475,-30.137425724032298,40,2501,0
-54.45531182521128,-18.413508365278915,20,7277,0
69.6464820376685,35.643975916884315,10,2106,0
26.245946277937083,-154.17527625092703,20,1509,1
-38.536777936951175,-98.36689773581426,10,1862,0
56.8704490143511,155.3365392908134,30,1009,0
65.04659934541849,147.02763861668504,30,860,0
62.37258096425005,101.2646330660492,20,6738,1
75.4067760551198,-173.01555157744244,20,5712,0
-44.59661636879491,-62.277563341403244,30,3340,0
45.90754717433009,46.06514472344681,50,630,0
-7.102890490654799,-80.93152376154875,40,9651,0
61.559739520211075,147.45121021935984,40,2660,1
41.12832188909037,48.20020625967908,30,2277,0
49.760540369950434,-154.1135817660796,40,5203,0
28.10913078259287,147.2420119808531,50,7806,1
-58.062821495452766,164.79599694344012,50,1637,0
8.104845401448898,-152.02352937897882,10,9565,1
87.24055311441148,11.649684550073363,20,2881,0
78.7298519694814,-70.78885840289864,40,1046,0
-82.2287275565379,-38.577932466695145,50,5357,0
-60.333333168701316,-115.32556153607692,20,9590,0
-66.28882077817886,28.105956724468516,20,5197,1
40.67638379735319,164.87256716960061,10,2611,1
57.20135937425012,1.1061360977792578,20,2288,0
-51.56795406407905,-150.15075069798678,20,6163,0
1.0534847313292195,43.20048005186702,30,981,0
61.326545042016,-57.51972199754747,10,1947,0
41.904278057925104,128.13306825286722,10,6699,1
7.602696988532691,-23.51586660607072,40,2075,0
16.26258428257912,-110.57774078079159,20,6677,1
1.5048984449303937,-111.20197583118782,40,5826,1
-36.4412787626123,96.75510505961773,50,4668,0
11.7039587146229,-84.38846460935044,20,7263,1
33.999354369016324,96.20402189732027,50,6682,1
67.19812485494538,-105.88056812402422,30,8789,0
24.532443716264652,-64.19290726752861,20,2316,0
47.001876667768435,-12.424689921708222,40,9280,0
-61.18710570817686,159.55050588964227,40,5801,0
-6.919654604437819,155.42331291137688,20,8117,0
-88.32030843112321,-105.52612484797639,40,2708,0
-45.59780438610785,-51.04114515249379,20,9662,0
40.76310872034087,-126.21622015664197,10,4909,1
88.52579124288542,3.594628552858965,40,6445,0
-72.14794207430114,-14.19028174992003,20,278,0
-17.731023144968113,144.27365848226367,20,7871,0
54.01277436584871,154.80193600478614,40,8071,1
-53.273585766798206,-41.91573923737485,10,2029,1
9.915290874411525,-2.9743405131638045,40,2648,0
41.95283328534146,142.64504969260793,20,4934,1
20.877381046832227,110.41481078822213,10,211,0
-56.155547769225095,-178.68372791592626,50,8048,0
-26.030777636566903,-64.7785568939103,30,814,0
51.0825212073715,-28.16127290299468,40,9693,1
9.760772543762993,-97.30213787403659,20,6134,1
-89.05866956227571,-108.15421827746205,10,1481,0
46.97833680505689,-166.39757762555533,10,3227,0
-83.64395611075696,51.61310102511379,50,7583,0
44.232080891621784,-85.49629542606037,40,1308,0
-53.55349917025727,-161.1550157647273,10,136,0
82.45322642148844,-96.8474482098971,50,1928,0
-23.770664765624794,108.68902302100555,20,3441,0
-31.15230905914576,126.53610539275678,50,7106,0
-63.20015094015996,-6.0961517304110435,40,7775,0
-34.99124121176132,-30.214558652872977,50,5447,0
67.7971371290761,172.02732966064144,10,7990,0
89.34018077290452,-107.79672254829484,10,909,1
-23.704284508767298,-102.47065817234095,30,4218,0
-9.250086428182339,-74.92781626689609,50,1626,0
39.972768876492665,-117.80736541880857,20,595,0
69.51524048371341,-43.42838464649283,40,524,0
16.747980153621146,147.90032171631137,30,2847,0
-19.52537432799072,41.52522262628674,50,2082,1
-15.728068647247726,-31.699242499585086,20,1568,0
35.21126636942524,156.38788604563732,30,7828,0
-89.42071255122984,-162.55287630870396,10,6870,0
21.526080742771324,-104.3005759553299,40,1333,1
-26.01125812055567,23.719897836633233,50,8856,0
52.95551962987516,41.598944349544496,20,3119,1
-73.2616848318362,-165.75929763745927,10,1404,0
15.87640805071029,-34.90604715343242,30,8134,0
-3.424879820497726,53.69542733911418,40,232,0
25.618594662940932,71.30539670522458,30,548,0
-78.3263529930657,49.730364905856945,30,6507,0
14.39708173706363,-64.59723923006716,20,949,0
11.06722583271427,-146.33275550475258,10,5457,0
10.918816994910767,-26.239519289039723,50,4062,0
18.627779987361865,-133.64840254750004,20,9772,0
31.7642287007452,161.14451706744015,40,9192,0
54.89801994253855,-8.938488231853828,30,4954,1
-41.432270376921416,-65.78669723152768,40,1639,0
58.50889383241117,95.86946560280403,20,1999,0
-0.31397719257834744,-0.7385066703850063,20,3044,1
-76.1295097558204,-68.38775135551798,50,5057,1
-79.46083273608374,112.30838726068862,30,6043,0
-29.837102634709055,132.17477436040392,20,3344,0
51.28145588006416,62.282939863923716,40,6436,1
37.38256825336484,-163.09280793323978,50,8806,0
51.95069364103316,23.876236859951554,40,1691,0
3.1084301594896857,94.78616831902139,30,8053,0
-10.7641803680117,-130.85891564991041,50,7955,0
-63.45854519286889,-97.6785295015428,50,7895,1
-30.92530435032392,137.69823782452912,50,8375,0
-11.876514088702452,-172.75618013289335,10,3842,0
-74.0519226576689,90.98176961735136,50,2227,0
-50.28984851198197,-9.441614694807754,40,1701,0
17.680552931472985,-19.16202281774153,40,1322,0
42.41936056305417,-177.44524830184062,30,5790,0
89.70255205073093,114.9833631479374,20,1942,0
77.96039964184038,-50.46303577083607,20,8158,0
25.661735916334475,14.675627268195441,10,9881,0
-14.17535040706704,63.82824708083739,50,5665,0
24.51192564748189,72.94664751764968,10,4588,0
51.41729125444176,164.15282117738602,30,8300,0
-68.69948563379029,11.282383165179276,30,7050,0
-16.217119854668116,-36.10096164920607,20,9006,1
61.1644114144111,163.33330553701487,30,2027,0
-20.91006865205208,51.1596846091876,50,8401,1
12.937008820893576,-72.66587174043998,40,5029,0
15.79848495519568,-134.4728716547144,30,8557,0
-56.794274435944914,123.31962052746526,10,5592,0
-24.797620502588092,-49.61462299410543,50,3323,0
-29.787968026452212,57.769099691195215,30,6227,0
-85.28459246422834,-10.506089028276673,30,5171,0
-85.64548249955605,-108.3852792737862,50,1054,0
59.70546786163922,36.60717910336743,30,7150,0
-40.847254204893765,-158.15409517775436,40,9641,1
3.2541779229867784,-31.196714446370798,20,1674,0
-36.229396754020854,16.781378278921572,50,6768,0
79.32226412076129,-23.023089317311538,10,7195,0
-43.32658340416073,89.5219830903567,30,7820,1
-12.661773706991685,118.05298363631249,20,3355,0
67.09144508722834,97.6475066519441,10,1158,1
61.54804202252556,-166.02733878775123,10,2057,0
-56.501744787670084,-110.11364263945,40,6748,0
54.47579576322787,13.178703334958755,20,5044,0
-7.526360387179323,156.53593455976844,50,5158,0
-3.065603024636061,120.58443901876207,20,2619,0
-65.97360496513012,123.3124230066486,20,8013,0
-75.49172752371756,-70.84505024651703,10,2670,0
41.02907525527773,-25.398757051667076,40,7550,0
-0.6369925760460449,-10.545858966262536,40,3987,0
-11.36687352926768,-123.34622999403226,20,7803,0
41.31148115743141,-168.81547311199571,20,6517,1
47.792321818399756,160.88504380578607,30,9179,0
-61.39652981951636,-93.34346916113758,10,844,0
19.84052690597543,-93.61839465949272,50,6520,0
-65.6362651900166,-149.98354064324656,50,3614,1
45.24751548522822,154.26279069976027,40,3030,0
28.251928128085112,28.705361378317914,10,5637,0
82.19063179502243,60.133268565127395,40,6813,1
-77.58755705584419,148.1676794146989,50,275,0
-79.73015019277422,-55.57673919571578,20,665,0
-39.206326555223974,43.74263200971028,10,3317,0
-42.89297692753693,-166.0321962976005,10,4457,0
-45.543816167040035,-112.76188983679344,30,6073,0
73.12582449378661,119.2484898323793,20,9686,1
-45.081684027088905,96.03660828180087,20,5902,0
-41.04904929684642,-53.76863107542712,40,7134,1
46.691687235233466,-44.34817400128351,10,9512,0
-9.0468283589028,12.079596079288603,40,1047,0
49.807900251932615,-179.91323831335157,20,8876,0
-78.23409163841066,-93.15203902630996,30,9912,0
-2.237185138790825,-105.0365489010428,10,3455,0
-83.94955196700913,-89.82613917008516,20,5351,0
-78.72242337803618,110.12610331203888,30,3291,0
73.15874160199397,-79.31741164328047,50,5947,0
-64.93583319883287,-111.05232406194666,20,6816,0
5.835722809539079,1.5348458854913494,50,631,0
-16.002791531872823,131.6322130941835,40,1331,1
-27.478201273408317,-93.11410661850005,50,1797,0
71.97000222370905,-151.72695259459246,20,3470,0
-86.07178858041189,-51.694295094120704,50,1645,0
29.482143511606036,89.154656843392,10,1537,0
83.41099815843907,18.24859609012606,20,8662,0
10.83027302313155,114.04561304676508,30,4604,0
78.62804316595653,165.45317313932424,50,5602,0
-80.59358172851572,105.35849163058214,10,7708,0
-14.617202566650949,37.369108383751225,40,6097,0
-43.17159762683079,-2.397028301143025,40,5666,0
41.547773696531365,-165.575128914624,50,7886,0
86.6334762895044,174.35591237305485,40,8908,0
-43.8245887600354,-41.946795872984694,30,4266,1
27.751428265333406,-125.19784298992795,20,4114,0
-54.34242610324678,60.01518794272443,10,2356,0
11.759445822889782,-77.65621592563464,50,4454,0
-6.492152396099485,30.880177535177143,40,3410,0
84.96095933367667,31.236446824052834,20,7499,0
19.53490908536398,-19.5372644749671,30,1031,0
-27.088853024372618,121.00270159621535,40,2429,1
-69.46275872017199,-84.61185784004051,40,493,0
-62.77557082771178,-18.4922670176157,10,2565,0
-49.44295260877768,13.569166292749735,30,3377,0
-44.82600095874636,58.90489947622786,30,5530,0
63.1108904114048,102.22986618201222,50,7102,0
11.020101890854486,-37.86937816382782,10,8917,1
4.210364047385959,52.57689987477457,50,6088,0
-69.34160306354086,-125.78005689533312,10,7609,1
64.8251448028983,155.75331619529229,30,6032,0
40.10657457752707,-42.09882968843873,10,9457,0
-77.81969485799972,82.62771191151784,10,2881,1
37.410317501358364,-172.67721052241603,10,1739,0
7.836879121676292,-106.13262855426949,20,9073,1
-75.28943776557992,-4.650284043511919,20,2374,0
-7.5058845248418375,136.17088838364475,30,2580,0
-2.754668316591544,9.811853982243765,10,6899,0
-60.16058277061036,154.75337362579646,30,8647,0
80.22566646005082,-5.8331172301933165,20,4774,0
62.99556686651915,-3.4383251750580213,10,3622,0
30.424020719239497,-136.89115613980852,50,6204,1
-6.7867990198907036,108.95624789479913,20,5919,0
-15.882202514788467,-91.0924515118575,20,263,0
27.17522408717175,143.86049617403344,20,7022,0
8.177736493242984,147.89671931894262,10,3481,0
-78.79084094126058,159.5916402746939,40,2164,0
2.2504767786597046,7.2829760771124,50,6689,0
55.152651101911104,63.75376252211196,50,7547,0
-7.33682203254755,100.26571682219885,30,4084,0
-80.64781604023169,-132.83473728583238,10,3987,0
51.53007588912595,36.344590199099,20,439,0
-53.75451921552461,-167.6527555308078,40,4921,0
-43.44824972015302,-0.8762099800586842,10,3881,0
-60.35285638218674,-124.25663461671813,10,3690,0
-30.56128832313044,-114.1477466536495,40,5230,0
46.21527102395431,-48.58287599066345,20,7791,1
3.4894547107087215,-24.322619982058917,10,9937,0
-53.12137065287174,44.34207283158741,50,7415,0
68.00941406736735,-153.20576936213436,50,7833,0
68.32473389127526,1.3290340454800686,40,5149,0
66.70411650828125,-114.2549531088836,20,4804,0
-47.01668195132293,26.63106301142708,40,738,0
-8.776918047422143,49.46566041402606,10,7809,0
87.29813810535751,20.41533235902739,50,5243,0
48.96224573579827,85.78638377219076,30,1324,0
-85.10986417939924,-59.180672073275524,40,4345,1
-78.26317357311143,95.43837298792712,30,9841,1
-6.492352173780103,-24.20385058505028,30,5523,0
73.65963705508082,-5.6935806038651515,50,6707,0
6.96632363148856,53.31676581398571,40,7507,0
-0.39374855382775964,-173.39098176027937,30,9797,0
-71.0147340078065,55.437919711289396,10,8173,0
28.22041885037293,42.690653665961534,20,8252,0
57.978568908040586,-68.45503796881923,20,9667,0
-21.52439864863878,-149.1140574361838,50,8959,1
49.610133166558946,-147.26323803130518,40,5868,0
83.60579770214609,152.36054891468228,40,2474,0
-53.322037357015965,68.14055564130136,20,4190,0
4.199333615053433,-134.24305904253345,10,1115,0
-38.3151675447764,-51.579659048793715,20,435,0
52.71379542609108,33.29387780457471,20,180,1
13.966805858608351,120.80581383263353,40,2234,0
24.224835159054678,-164.28206566331693,30,357,0
53.62454873086093,-94.81207267079681,10,284,0
-18.72531492075812,140.3096365063368,40,6941,0
74.71621231326777,-176.70040193382607,20,222,0
5.945196104305193,-107.49632299420054,30,8156,1
-61.56813188963736,165.24870335026776,10,7363,0
35.261841270384444,40.8246647479816,50,4800,0
52.787043078885795,-85.79830801049768,10,6758,0
-32.982898127845196,-155.88320601749487,10,3614,1
64.29226625977553,-169.85111743900003,20,5733,0
73.10578585783796,-91.89177133070618,20,6177,0
-40.15719227199439,137.33489505200777,50,1494,0
87.03386508873997,-30.271084452896588,50,2452,0
-64.67192495122349,79.32001289975747,50,9600,0
-53.63717968755181,150.5826127367848,40,6061,0
-56.83952893715529,-33.10543382298603,40,4044,0
70.91814780141668,-111.14014642653706,20,6505,0
27.772659418493134,6.162455108491014,20,590,0
-62.621229019990885,146.9101273415476,50,1154,0
-10.741784693697182,109.57478908957222,40,801,0
20.753644512564364,-156.30125638926464,30,3034,0
-74.97646470191101,69.32620802792945,40,5487,0
68.83494631332097,25.883108085223352,20,6137,0
54.64863637947633,146.68674348471316,40,4795,1
0.9372192437948823,-135.906689933893,20,9426,0
84.08279074665067,12.253000753676378,50,8371,0
-14.803023730482055,136.60656966428124,50,9127,0
87.1398574265696,-32.39143677297252,50,8943,0
30.22559978465287,-6.481829616167856,30,516,0
24.24082918570946,-154.634156039895,30,5666,0
-60.1281188467587,-79.86828943839211,20,5273,0
68.74699649483591,-63.17760629917896,10,6099,0
-13.051856174289274,160.2440815481593,30,3966,0
-60.79798695915372,-78.23975020518274,20,9037,0
-87.73064640436337,-14.087255302925282,40,2102,0
10.756023054908862,61.66959248314072,50,339,0
4.931931982081739,-121.61398593316414,50,2044,0
39.48365202644854,-4.880740628925184,50,6661,1
70.24644954320439,85.87405421132674,20,9147,0
-75.70681476425469,132.06787668974377,50,5967,0
41.66936826126522,45.453338878473616,30,3294,0
-56.2658500624352,60.859265514101246,40,7833,0
64.47186956828952,-134.53794986955518,50,6459,0
57.4314324950981,160.47953900868498,20,7687,0
7.342875897397989,-132.27333210558635,40,4904,0
37.84370375219608,98.88225738544739,50,1453,1
-33.41697962692529,-84.66612415980522,10,2980,0
-5.189778192093366,156.09353173245057,50,779,0
57.8946415878849,79.18543417301264,30,8778,0
-7.332264508821497,91.37293667221283,40,3720,0
-25.596312241420478,-101.138697698442,30,9730,0
-1.0417594949460196,-20.505608411342106,10,4414,0
59.0848654386993,42.41275005214311,10,6964,0
-29.662551473242907,97.19050255437634,30,1584,0
-58.72291323556612,-142.57462467153977,40,790,0
38.16252365954054,166.45151392363022,10,8183,0
58.67607828745472,140.47944139964017,10,6225,0
-71.885253865764,-82.67450742158964,50,9304,0
-46.82265970392995,116.19368749163951,20,6768,0
-64.4450418430211,6.596612294336439,10,2447,0
-27.37054591521001,-13.749666637673288,40,3808,0
-8.936823797025724,-66.80372190789406,40,6476,0
44.788740653395166,29.148691187373284,50,8030,0
27.20656527870134,82.76008237329519,40,737,0
21.76714214611761,-32.06415421340703,50,5966,1
-26.57250961026221,46.51890948298516,10,6893,0
61.460559555256786,71.75265161590934,10,3108,0
-5.168309868330379,76.00385412550291,10,7316,0
86.23888884272782,-161.2922046727751,10,7472,0
24.14558489323263,129.5092100466241,20,5700,0
-67.27234651838951,-15.028806684582744,20,1499,1
31.71196117357812,-85.5302105893628,10,8103,0
-31.481277222294185,-92.96477730731463,40,1605,1
33.538895403497534,-6.114919376177834,50,5942,0
-77.46459333076697,139.2593542088253,30,8541,0
-58.52134130832731,-43.79487059424711,50,5420,0
64.03270660304155,89.9012688420756,30,8827,0
-49.10767973576732,-145.1452568446013,30,6543,0
60.66740254372921,-8.619587225617762,10,3649,0
-39.730304078206125,177.00701054138483,30,7052,0
25.71874381056738,97.35760900524132,10,8749,0
34.94710323176958,-104.20974416137932,20,2838,0
2.277855566109528,0.518930531247852,40,3469,0
-35.044078194588366,-95.89508508651605,30,4235,0
-51.7240122532027,-32.55806618549667,40,8083,0
-84.02591617876328,100.83024854458732,10,3511,0
-35.28964777666972,97.64093350454532,30,5735,0
27.56930229563094,-97.88386395514135,50,4169,0
78.89486732072689,152.00039453574965,20,6351,0
66.81680680734937,33.324545795337656,20,3285,0
47.891659776354466,-43.22725525367477,30,3338,1
51.92052178559376,0.6968090811098326,20,8552,0
29.697282625679147,37.825651237587735,50,5837,0
-43.14836563811946,21.560591464482748,40,9539,0
73.29510552704937,-4.8941872069758485,50,2673,0
30.73181614305013,1.77580947218404,20,6953,0
10.879313576479191,-116.49171224596098,40,225,1
-70.0218955415734,112.58384554968457,50,9521,1
-9.530002114843423,15.033715178765533,10,1406,0
-7.135511183653267,-132.8112497863069,10,2201,0
65.6214497140806,95.81655656980006,40,235,0
8.396679633801924,155.6798322158463,40,7411,1
-21.527901185326265,161.03048372530637,40,1559,0
85.82405913191869,-47.15361633197781,10,4331,0
-70.07029320126318,-131.21392551812855,50,7756,0
-13.94128290384997,6.623865587903457,40,912,1
-82.43555846914705,-139.46067743428054,10,8000,1
43.18274173804746,156.23547066454222,40,9143,0
75.25377939584712,-113.91133415214745,40,7668,0
-39.5932806809119,-89.00429041758093,40,970,0
64.50150182384176,-33.610850321410645,10,8926,0
-37.400718516858404,-42.06079131871472,50,768,0
73.93862909590474,106.07864126324004,10,1393,0
45.71314264742111,-15.725944601653556,10,8560,0
54.88321983145895,-118.52342639879872,40,9152,1
-86.75881999191819,-83.80443762501332,30,8773,0
83.30586427332467,3.28081866750793,30,3490,0
40.80077857265819,-126.91658972659144,30,9553,0
-35.144802830496005,40.196043232565074,10,8394,0
59.29103967459245,23.669030358412527,40,5649,0
-39.32618428531261,77.29283389761277,30,4987,0
67.09569112190303,157.57366153657236,20,4434,0
-69.73552972585134,148.41164199641605,20,5784,0
36.663475942943236,160.58722250477928,20,9173,0
7.3257257960838595,-91.90238507146766,50,6850,0
-72.62379536482065,-132.63648960983232,40,2335,0
-46.459110913408985,-71.18038782127854,10,5083,0
-87.76727347008334,142.23066219587326,10,7852,0
-5.62176621638895,169.93925086445577,40,5119,0
-35.77225306319993,129.35698238537137,50,8141,0
17.704347173596588,-140.3936203940843,40,2677,0
-36.49719461244891,161.07407930152553,50,775,1
-36.014559928742756,-27.591110153717047,30,2539,1
43.77477577168861,-176.64829532555268,30,9973,1
-81.33428952389637,-20.738253330650306,50,5687,0
72.5210991345577,-163.41509891683165,40,6045,0
63.40749739041266,15.796051618002318,30,9568,0
30.204842980753174,-58.12055012266153,40,4867,0
16.779882619329175,-9.563423906142447,30,7104,0
70.6144496651374,40.74132986752213,40,7828,0
-56.6405676848314,132.7683944944153,40,6709,0
-75.78555080565084,58.2845675298943,20,5034,1
-46.88816941628314,-23.74240734785495,50,3748,0
53.02409016603425,114.99402732133143,10,7231,1
-83.759351989233,146.0095695263276,50,1412,0
14.905230315028133,-136.886412084409,40,9365,0
89.17875291443579,11.495871919004923,40,4199,1
64.02529689075709,-77.5756944927201,50,1754,0
3.860224027846102,-163.05796876429895,40,6118,0
-78.54463632840438,60.67681024103472,30,1385,0
59.64723258942777,130.5974798853212,40,7952,1
17.816131471897897,-121.35504438813814,50,8826,0
-69.31206052927797,112.46891674460417,50,7146,0
-73.10568873179588,127.222464073299,50,5280,0
73.73282749858663,149.16255935993405,20,1479,0
30.45604732885412,-84.49736792902112,20,745,0
59.271623877016,145.42310346836013,20,8315,1
68.21620205080812,-64.56140829488439,20,5512,0
12.919023368698,18.841684843981014,20,4752,1
3.14034331590743,-161.81731050037843,20,6934,0
-12.523066142221765,-164.20280818725232,20,4551,0
-32.94961419759853,79.33435658359303,50,6203,1
-11.772727045431882,-19.987207927995225,10,7184,0
49.298338031428145,-87.73474486708167,20,4224,0
18.346217582723682,-111.45114143103233,50,464,1
70.6541921918723,61.183256709318506,10,2755,0
-10.191597411746208,-179.85544415087764,20,8700,0
19.276124169375723,110.12082091086752,10,7533,0
23.63535955655797,-151.47014179322562,10,1414,0
16.505489215138592,-111.063738633077,30,5372,1
36.47407915539294,-40.95489769232775,40,318,0
-47.26197569253487,-5.450853702202703,30,4803,0
2.225479958242318,-52.20175830698094,10,5231,0
-71.23953549449742,-64.5436206056542,50,1639,0
-20.78796102393374,167.00976434634785,20,3533,0
-2.219927648172406,50.968685247621934,40,1702,0
27.400366718185044,-171.56413606774024,20,2804,0
81.09558946551664,-25.13667296004725,50,5164,0
18.117191978704057,135.00313190782927,40,3748,0
43.84690491178076,-71.47577289215954,30,1205,0
1.1278907091364965,-145.95971588122023,10,5836,0
24.138725647739637,93.0185177723704,50,5912,0
-77.23220109592079,38.16497949698926,10,2588,1
-44.20951544846754,25.3125028175414,10,8908,0
-24.866443223075034,-160.71243854133314,20,2518,0
-4.951196098827557,-129.42035647361377,50,127,0
-81.78322580957092,44.11778263672096,10,8307,0
-64.79566244040282,-105.1834170748191,30,8624,0
-40.17342459756496,1.4652287094327576,40,8077,0
84.87588436218911,16.157406970581647,50,4761,0
-30.35753872145086,-77.93741150246181,20,4649,0
-3.232609539825144,161.43305599493743,50,4053,0
-54.70241170708927,123.28707846080705,20,4361,0
19.940412793638288,80.05446274780746,40,8223,0
-39.47702120712462,-151.92220809261272,30,5073,0
-52.74133588108318,-141.793193048753,10,8536,1
2.9830731202762317,-2.598715488615948,50,1456,0
-89.00895615112425,-122.14319429124515,20,9234,0
-88.62047412313945,172.17556687061068,40,3567,0
-50.5676143616656,-122.9327157501326,10,7064,0
-83.3901547498522,-4.511579232969365,40,7167,0
-70.55536425647556,-48.91641953705805,30,1845,1
-29.00508311902471,50.179111723475266,10,3979,0
54.465422324366315,-133.54689279980704,10,3877,0
12.96875580647415,-25.086085904739278,10,2215,0
2.2801906721549536,-81.10618818942828,20,6357,0
-37.1720118225381,139.5905488818077,10,2367,0
77.71566949790694,-165.38914363150977,40,2367,1
-18.5372925773055,148.94189784232532,20,9788,0
-74.32330197676113,119.87788987908016,10,7186,0
21.07197290120423,-72.87454208130643,40,4581,0
-69.50908917421175,104.14463568375768,40,7565,0
-27.859834295695425,-168.76311827805088,50,1029,0
1.3341489692055974,168.0715981056217,40,7873,0
67.36005444333165,9.574179332324162,30,3424,0
-1.1616155387786398,-70.8188306164397,10,4687,0
36.40657788569957,-49.470043465916255,10,456,0
88.70703101983267,-156.09407275422095,10,4410,0
-66.33195841836331,176.16582505513412,40,4164,0
-40.548325406486484,-165.8548997457507,40,5599,0
-18.97630639242365,55.766564333229255,10,3941,0
-14.070927863010354,-20.61506602567501,20,9118,0
-16.01620645220176,161.60983854793741,20,5433,1
73.36998046017989,-91.44009348955375,30,6771,0
38.52587600403416,11.551256617684075,50,7159,0
19.422938536326676,-6.351764910208932,30,765,0
-34.31291078469923,73.03191985803649,10,6953,0
58.28226915983304,-155.51631649712863,10,653,0
81.91089206729801,-110.23591319159226,10,8619,0
57.81569085904078,-102.75666476657406,50,7145,0
-89.71828106553488,85.73427174300829,40,9480,0
24.552246633013265,-111.91006932237357,50,7383,0
-80.79563134042186,26.457035000751603,30,249,0
-43.630700339930065,-102.51222461965666,40,2953,0
-79.28555393740109,130.18498203023225,40,2836,0
18.683181530889794,159.18676361626987,30,1056,0
33.58618442866922,6.657470979206561,40,5280,0
-69.39222514813707,-53.16880168469582,20,8707,0
-20.909001051903694,-95.73920099370031,30,2745,0
-7.8774283880024365,-162.07883945170425,30,3874,1
-23.570456083035015,-83.33997256890166,20,5113,0
-68.21549991266525,55.52488078031444,50,184,0
-14.589397766254425,12.102095271315903,50,2035,1
45.212048605515264,159.8548601811339,50,9708,0
-77.21862038401402,-37.34018550298779,40,9362,0
-75.56759746525738,69.79080323822203,20,9813,1
-26.14116746952284,-3.8438109089563,30,6849,0
79.5106280914065,4.527437732716195,30,1601,0
30.34307641012453,-83.6012467425177,30,6669,0
32.16059220106166,-16.21772033688011,40,2573,0
-24.854401649184304,-10.517401075425386,40,835,0
16.858942417536916,74.39130782961622,50,2938,0
-88.17638687500619,158.63039970700098,40,2662,0
24.497288353717597,-61.444340106298455,50,4006,0
74.3916505637226,-164.80783131073255,50,1372,1
20.263224302067453,-1.333754819769708,30,4936,0
67.26574682394211,16.006079573700692,40,1962,1
40.31514998389689,-119.3614015925105,50,4326,0
-68.29948504733575,93.76725825938402,20,9114,0
72.44159531145151,174.57447903893697,20,642,0
-78.04010801596053,160.47889812304595,40,6309,0
6.1141450585974795,-109.04182602348521,30,2865,0
-64.41531771717762,135.13076636427385,30,7368,0
-87.89281006843727,73.6177091082065,50,984,0
-14.03383317702498,-16.61523702951183,40,3749,0
-36.89267262225188,14.619957956902452,20,6990,0
-2.519911116431457,125.85606299368492,50,3671,0
13.895979612219145,-7.151421730185659,50,4033,1
-82.12696698438947,-45.64534712215433,10,5956,0
-67.85940687772579,-2.43090251064511,40,3766,0
10.555631361076562,28.486729452617677,50,8666,1
-28.229876428921518,-111.93204463979441,20,657,0
41.25122775890064,144.32678289611664,10,9572,0
27.412496746549138,62.70730157866098,20,6140,0
62.208785338183226,47.97681024149601,30,1228,0
34.648708800460554,-144.18135857497026,10,1460,0
-12.612406069773336,37.50261774213305,10,5520,0
31.13399203099783,-136.45416159414276,50,9392,0
-40.431388634024664,-151.66883692965635,30,9826,0
-34.86357021992172,9.83192243126159,50,5449,0
52.0173287857428,-34.99720774326181,40,2725,0
-9.64448704771521,31.97169725624036,20,9923,1
53.70846129330345,-147.8800194993941,20,157,0
58.03602726029011,-24.846097374986975,50,9419,0
64.36122077903107,-117.07678258374312,20,8603,1
74.99434245141731,175.35603093268196,20,5948,0
-12.422660307606677,22.014076476662776,40,2837,0
-32.60397270219501,67.47726993871223,30,5593,0
14.795774386940494,-62.84941895426119,10,3977,0
-23.188963781227038,-145.89399067943611,50,2382,0
18.193350024041933,171.3135106020732,50,6886,0
37.00545527588843,-76.94674726205405,40,5608,0
33.91290332858463,-27.42905333751328,40,1531,0
-22.58048033637816,53.95101181292701,10,1875,0
-59.96516369422449,-171.10897283299994,30,9610,0
-12.504719076802644,111.6932869862233,50,4307,0
-64.33305406525643,13.168148410303303,40,9620,0
70.2174663330855,-79.84181265522403,50,4485,0
-27.742057067185666,-157.82112529471107,20,6451,0
-62.19724549980172,-121.50057042920108,50,4074,0
-85.41940321696484,142.21218918723727,30,6005,0
26.248029531567166,66.96872061692076,30,4777,0
24.642417141853784,-90.03538021071965,50,4565,1
-28.6912500153675,-156.38372461978938,20,8511,0
-77.09186000742282,68.62151245918908,30,3402,0
-16.266798918858235,26.066781348395445,40,7045,0
-33.98085088858915,-34.37297119503539,50,2402,0
31.881715152301684,-49.09987829157702,20,6385,0
19.040264901484264,-101.94686066552102,40,5066,1
-24.373128924442803,61.06005235350635,50,3826,0
-50.77934023410178,169.44049000579338,20,2142,0
87.84647390800653,-116.74251149874269,40,8814,0
-8.279708184699324,34.96198320558121,30,3098,0
33.88936244044267,-27.293379931448566,50,8071,0
-64.70046583589506,-19.192060171920637,50,1009,0
-2.593854061308396,-88.50697915398682,30,4233,0
-85.0433904234962,117.04855523811086,10,1980,0
0.9819212238809905,-5.3079825069931985,40,2660,0
83.52313328118642,15.626106791375074,30,7627,0
-20.84279166255596,-70.28607139296273,50,5796,0
-82.98071773651591,-114.5489523598981,40,3172,0
-84.42795763451817,-149.07226024698463,40,4576,0
-20.162383209563494,77.08289073296973,10,4589,0
-61.19551143662507,-109.35565859237198,50,4591,0
-85.79662266092653,68.42712750796719,20,8836,0
46.11845051103183,-39.464479423096606,10,6955,0
-7.465858401259677,-30.32107164372547,10,7501,1
-37.93594104492219,-11.096101406602186,20,3197,0
72.01497294296652,-47.62493707408445,20,3605,0
-69.09498716390539,-143.77680819986756,10,1184,0
82.06538921195745,-68.53254839897552,40,652,0
-33.48599087207649,58.94436984981783,30,5660,0
69.91266101556262,59.68238452879355,30,1253,0
18.52971776630308,-76.95924939360202,10,5573,0
58.80732475346774,-14.363054439232332,40,2345,0
87.12236937788357,-110.3589979157025,20,1786,1
-38.08702119262577,-104.26605064925911,10,5935,0
83.00438737336674,-171.70304817362134,50,793,1
-19.893258917564335,142.82875796678806,40,7638,0
-20.607857147353982,-104.14560057303376,50,8191,0
-28.730321234188978,-98.08780430287321,50,5935,1
7.453369322565335,-79.34348424775254,10,8789,0
-62.25389222787232,-134.13309418964556,40,6894,0
9.668067364442013,50.13463794529061,50,8904,0
7.5068662338007215,-152.94853685606884,40,8667,0
47.1423262688766,-131.6871265225139,30,905,0
60.0569931487654,52.11242157243343,50,1020,0
-10.720556943763672,-57.722176626680614,50,3704,0
-35.580015116731126,74.86121761242806,40,1543,0
-43.319718482922994,20.67290808125113,30,7148,1
-54.96770939312305,-87.83237769785529,50,1645,0
-79.62343520417552,54.298062176158105,10,1310,0
-28.3593638097516,-138.14147509456296,40,6312,0
-41.35541541645901,13.10773790881095,40,4787,0
83.95512945595333,-22.626682183787526,50,5410,0
10.387588725007905,-83.56551018572132,30,9800,0
-27.49013297450864,37.44179918622004,50,1013,1
14.484168178865279,133.6800932425017,20,2880,0
-64.94459375777481,179.60569191470762,50,8681,0
-10.072125143603476,38.794596747632816,20,7832,0
22.72217785579149,-34.30588524149874,10,5087,0
-1.9983902773587503,-98.92544392216742,40,3725,0
-17.679815882221636,-87.44540781775977,40,9362,0
88.89271000194567,-7.396207866084357,30,7426,1
68.45665718680686,-47.78002753894467,50,2670,0
22.21307246869922,148.9732281449799,10,3837,0
12.487925012810898,-47.41363164394457,20,2879,0
21.71888636842513,-45.559947187643225,30,8630,0
-53.763820591962016,-41.9275755237683,10,2076,0
-18.87520621242265,121.18327573235692,10,894,0
-82.89728407963813,54.283795504884665,20,1822,0
-4.4017132523712,41.100786114801366,20,998,0
7.744425112379371,-59.70851194180962,40,202,0
-49.005047501422276,114.4455036596782,50,7553,0
83.52519248979247,-166.18900991194758,30,9739,0
73.70182996870356,133.48698204172075,50,2132,1
39.98578238206306,4.589963925814655,30,6272,0
6.0095931777652645,-36.629915449171385,10,1634,0
66.59444873658329,-1.019778941633156,20,7297,0
-66.48257811177668,60.26959099217918,20,4670,0
52.2917629694793,-175.40444645355694,10,6806,0
-67.5322534859673,133.7586683249692,10,534,0
52.95791925889298,-19.173770887898584,30,9549,0
-40.36183771475575,-56.53205290797185,10,8346,0
67.876304583274,-130.23159637173944,30,9222,0
79.92757688857161,-21.792465230960833,50,8603,0
-63.21672550707918,-1.323802337623614,20,7356,1
-6.7183910882291675,-34.687189982347995,20,9248,1
86.57772806928332,64.31763377768294,20,6561,0
-2.9866615248336092,-28.477249646678636,50,4183,0
65.43855405261813,166.1103280247664,50,6096,0
15.971673983637572,35.73990641649306,40,4952,0
-22.440616574471665,110.69205683468722,30,2612,0
-38.558960005343366,-140.63187488058762,30,5628,0
-53.419843604504294,-36.97513453947395,40,1363,0
47.1236744479855,-58.73482747902503,20,6051,1
-20.422708771854982,25.01365972917305,30,2847,0
2.0295831961352073,130.00086722211321,30,7380,0
-1.3814135997872534,-151.7982416056776,20,1193,0
13.910225261963623,-153.8730727039041,10,3863,0
65.8038862124194,126.1143749367356,10,7451,0
86.53308184501729,-103.37396902619133,40,332,0
-16.63484245671295,60.75117160193293,50,2201,0
58.95340597913455,15.436127649889864,30,2128,1
47.61500303784918,119.8416941594026,30,6333,0
13.235211262003187,-134.96799245889474,40,8026,0
82.08848585014796,-133.27813233985995,40,2029,0
-53.914587204887496,20.45460970019072,30,9750,0
-70.33244214426814,160.69631520901353,20,9940,1
63.713154051975984,-30.600806986528468,20,8699,0
-10.953033005925306,-62.30084390830982,50,3440,0
62.454393757270886,38.408156351238894,30,2077,0
70.75623693517468,154.9614961962112,30,2513,0
-78.75763314856714,121.29401982406452,30,8126,0
69.02365733749093,178.37409986395917,30,5518,0
-9.302570033504008,-171.87531004714424,40,6125,0
1.8778480207617987,-139.3710679034056,10,5037,1
22.78665199677784,39.408394811983925,30,3697,0
76.74886921141562,115.4075181601859,10,1478,0
-86.55910300264247,-77.31203676956405,20,720,0
-4.168175702792922,-93.88400830768124,50,1029,0
33.78996763750092,103.31128777723232,20,6644,0
40.087252385681126,-159.70253261283662,30,7672,0
34.65583767667943,-47.02224687026936,20,5926,1
-65.80167670653806,2.0913201332387077,40,1074,0
-36.10879409309738,21.725522766116434,10,1789,0
-25.431205424937577,82.30145644539968,30,4771,0
54.7986973823109,-52.25553956496304,40,7020,0
-39.82322296538045,40.56636408285859,10,6876,0
-52.07310650390343,30.73515220474428,40,9017,0
82.34064342685731,17.14179623534896,20,8453,0
-88.4046086795756,50.57398553119639,30,7884,0
89.60775402275608,-86.59829841549254,20,758,1
31.827833794331212,-149.52644870953355,50,2997,0
59.124473900841075,-137.06219806569237,30,5768,0
-36.968508657685234,-99.15034224459562,20,6325,0
-87.4232500199292,0.0712567882026871,30,2642,0
42.81651334107541,122.55939019656725,10,9870,0
60.146027460121644,72.46560315181829,30,9366,0
43.28570375163344,104.05461751273697,30,3305,0
-64.28694828584905,-53.6487753866071,10,4144,1
45.617026006254434,-34.32465300652194,20,3533,0
48.40610077937538,-38.27452104337938,30,6811,0
28.53729282060988,-110.92565361437946,40,7484,0
47.900867903205516,-157.96200306831406,30,977,0
62.26585914199178,32.729793417801645,20,1191,0
20.448740562742515,176.118006031411,10,3159,0
-74.05115148545777,-119.94130621790538,20,7107,0
-2.2269942599020442,-163.19346483626146,50,5362,0
-76.02311975911108,100.63140545661587,30,7613,0
-16.64225441416245,-89.06903759349929,30,1774,0
-16.720831957387027,118.67176992705421,10,9900,0
-78.11822805475651,73.41720013242555,30,2926,0
-27.21230388549372,160.44247333828966,40,9509,0
-70.02034221756332,-32.78619512759808,40,3152,0
55.48233780165999,58.309142202228294,20,413,0
80.58384467360474,-12.652278907222549,10,9021,0
-76.98303445357105,47.01193103107566,50,483,1
81.92073731250625,-18.14439383721456,20,5984,0
4.063787880614129,-112.09239128733306,10,1912,0
-36.0781779683027,2.843069761217123,10,2424,0
-76.16482645029056,10.29031251747924,20,5348,0
0.11236825267520789,111.81738537365798,20,3529,0
53.01279800833476,84.78745408568923,30,3391,0
37.27556590800567,58.96498461891987,50,7273,0
-80.95931793648472,-139.18064560107388,40,4946,0
-76.87766963377737,79.42186463893741,30,6867,0
-17.48280912612532,0.10985628762532063,10,327,0
-36.84771107137021,141.87583299821733,50,6173,1
-48.17082184991139,151.1535362869954,50,5804,0
-39.41919019643155,-160.14362738335723,20,8303,0
54.62689379343923,115.43096172761236,50,7865,0
77.2610496537337,-166.4289394478386,50,1622,0
-17.081514985038044,-47.81893474979184,10,791,0
73.09998038384947,15.227991223588484,30,1839,0
-32.13077377538125,-126.68371249423413,50,1625,0
-4.24134245811751,88.67297252486765,20,169,0
-49.31478039312005,-176.9923064980301,30,6351,0
25.285687591651914,-119.30434256374674,20,3223,1
86.2166007314656,29.08685874725125,50,4824,0
18.628757287808156,77.17952233342525,30,7749,0
-25.5934648595612,149.99151696980982,50,1387,0
26.607140278295105,73.97879469646459,10,8867,0
-67.87427787623024,61.840537291751744,30,5054,0
69.95863444777176,-38.03718731376085,20,844,1
0.5551111403705455,-179.5376068103515,10,6375,0
-9.117046432864429,-136.7426668551761,40,4676,0
15.455661921633455,12.43963611217409,20,5176,1
22.461095302092442,63.04675890399109,50,9316,1
-77.08035487922766,-29.718617797273502,20,1041,0
32.871099820212436,83.04444415022047,40,5150,0
-46.45229754320467,7.870426319584354,20,867,0
38.51147385118617,-153.2965695860476,10,2538,1
58.056262989155414,-110.87414965153842,20,9125,0
54.712531359453656,122.39936036781944,30,8919,0
9.450174133420042,80.96858878479821,40,476,0
3.6305806159352105,142.1143153244982,20,189,0
-64.28232695890588,-137.67939031646284,40,9357,1
49.56230707256441,176.48011246142661,10,6166,0
-41.146311519591414,-104.6135829780239,30,9350,1
-0.5948238927696226,-175.75924453680886,50,5675,0
-38.830663273046994,179.0722580592795,20,2755,1
-65.91089466005523,-78.81340123975927,10,1615,0
23.320385440512585,60.48700290452156,40,3117,0
-80.22023373187731,-116.39436689653013,40,7911,1
44.756142142716,28.88227159169102,10,7443,0
-32.834376852999,145.45259512364134,20,1673,0
-89.97575525919264,-64.7347797257621,50,5697,0
2.0032450627013643,61.29143137596932,20,4026,0
-81.56665646503144,-112.35470803257006,30,3896,1
-40.289479592238095,44.92634353874109,20,8923,0
37.25576774202891,-58.877873345696344,30,1332,0
-78.71586810806414,-103.96502690833739,40,2364,0
61.08092862408042,-67.25446174669135,30,2147,0
-89.31241392145505,-115.61721533719223,50,635,0
-45.5717035436576,144.6897988216378,10,7984,0
43.36273010737286,-37.01272092583362,30,6981,0
-33.07137304872478,-91.69945020922776,20,7478,1
-71.65937014811756,-18.573177234264158,30,3197,0
-25.15789461592298,-64.6069799496616,40,9567,0
-41.3292084507854,87.99093137279735,30,3173,0
61.688142388899884,169.639168278778,50,1125,0
-33.597374834674234,-22.307883588847144,30,2151,0
52.007844919681304,129.97202399000653,50,3721,0
70.53698606593225,23.710706481463024,20,4663,0
-11.912864476224685,-123.39516056607594,40,8492,1
73.78976589379056,68.62418714928296,10,4503,0
-22.082750286625288,4.836418965295244,20,3423,0
83.53411496821947,54.21834837075724,20,3458,1
-73.92788558539688,140.28746852579937,10,6241,0
33.663467970583696,-21.44355456382341,30,5117,1
-1.1134727177528392,144.42394435824804,30,6535,0
-20.223215017983527,90.24084514139577,30,7421,0
23.888138174748164,-4.102226683925485,40,3071,0
36.69427649417961,37.15996883686692,20,8877,0
-89.21461146294436,-62.79079229315588,50,3445,0
-59.94844402550423,174.09502790595872,10,5916,0
38.34828911417736,60.246418698142556,20,4704,0
29.949374444077165,-164.21513310121324,30,3524,0
83.8885509231619,-62.41611393071685,10,4200,0
46.986802245140936,44.393196153260696,50,8651,0
81.13908739164084,-159.72001999227368,20,3577,1
36.457290276265255,-171.4016911251086,20,7282,0
-36.35060244490023,-17.991273769991075,40,7540,1
-71.03431399484583,-60.2315353106388,20,4758,0
50.728295402088406,-22.21250110806028,20,2912,0
25.946859865664862,-85.43040844319815,50,144,0
-81.32651776920667,-120.70161110052688,50,733,0
-25.1909161378239,68.09160851292157,10,9502,1
82.2239667871715,5.24560185640818,30,6904,0
0.0722062278362201,-107.94448395022795,50,2868,0
-12.108755516453165,-64.94780654640061,10,8885,0
-7.614071071327084,33.05084675879733,20,9716,0
-52.40110967907053,-153.99743462190798,10,7975,0
-23.632709244336862,-126.91691666417536,10,2026,0
-23.433613922308208,-153.63158252133957,10,956,0
-80.57609636625497,112.4342397770828,10,6088,0
48.16217313322529,90.86732395632333,50,8843,0
-15.029202257301783,91.19265547653255,30,7947,0
57.99237962695619,77.8771236513701,10,4238,0
63.06264020158117,60.97875252115291,40,4374,0
-51.84107015424155,-8.282910463857007,20,9772,1
28.32362679062314,51.22013886256139,20,706,0
-4.989275250663292,-166.18984027632914,20,8963,0
68.42821282586732,43.72719215644245,20,5122,0
-51.16667774823826,100.03597399327579,20,116,0
32.00637605580796,0.1290097383804678,10,5834,0
19.395382005490063,-51.29520176619471,30,2973,0
-36.8457340370701,-80.12637547164752,40,7865,0
-65.41183734278893,51.40873805834969,50,5249,0
27.295156885909783,69.40843150676714,40,5411,0
42.947542463819524,133.54833595051534,50,2584,0
-33.187078122597,-56.75973031404334,50,6422,1
26.069868724016484,97.1180306588108,40,8907,1
-18.87643662992941,22.088096708161657,10,6877,0
38.37723899087119,137.8211366441085,20,3305,0
-54.14125051907044,10.012358986423472,10,4507,0
70.23870047451139,6.346738223268202,20,3907,0
-38.26627263619565,28.035749318727277,30,8816,0
-23.798522203892478,89.75352785127639,50,3273,0
-79.54344862553704,167.28857237824593,40,1573,0
-69.92780178217025,-153.51719248232436,30,3438,1
2.8551424882190624,-160.76354313923383,20,4657,1
-41.83331818896513,157.51812146664187,10,2512,0
60.38644063359499,10.755225186554199,40,2251,1
-87.3551900421083,41.36508524409699,50,3282,0
-21.763071239051484,-6.3275034258976115,30,8719,0
-29.277801581563317,-146.2833170613092,50,8262,0
-86.52102643483181,96.51217623071996,20,4664,0
-67.61368817990817,89.00087223189128,50,1114,0
-15.544318514645653,-67.78680426258768,10,1704,1
-1.2843747994596066,-69.75387171777585,30,969,0
-17.22784549412356,121.62289712598667,30,7013,0
5.568782114176889,-153.95138721312242,10,2827,0
17.123701483022675,137.1978534083637,50,2952,0
-88.21371219698959,-87.60179163747081,10,9177,0
-6.4628712983693015,33.474509191977816,40,2708,0
83.4298633597659,156.95790444064,10,1373,0
3.425810423318769,64.12410055319272,50,7749,0
31.957608142611573,-30.80526751186683,10,2055,0
-33.86450557496102,68.23231520594946,20,8878,0
49.31844806749726,-56.167330926106736,10,8492,0
49.12586673770072,-80.18697011429299,10,4649,0
3.833288577745011,178.80598005648469,50,9117,0
85.68248819025845,90.28448322472357,40,8402,1
-67.4009613427224,52.09919185745435,40,8200,0
-86.94942031987541,-52.09572844104524,50,3011,1
48.62847811627728,-162.30210150418267,50,9199,1
55.28799672567886,-168.81952462734398,50,5968,1
-68.36269875829628,19.505251961567573,20,5763,0
-42.195090067450906,94.33177957405839,30,654,0
-86.8405745940068,13.456508559787824,10,8398,0
-37.204450059498356,122.68262589808124,50,3436,0
49.16553730536087,-167.9664480864402,50,6469,1
3.23289498826421,-47.96925248666157,50,2634,0
-27.342793229708143,-94.6546591772959,40,2326,1
-23.08692691686055,-18.98173146343607,50,3393,0
-89.75634737121574,-153.9444984501159,10,9685,0
-36.03590503825754,163.48739096558612,50,266,0
26.362573494827487,-99.62805561503006,10,3724,0
85.35499988694428,152.03079917409053,20,2447,0
62.47094885710191,-26.678464186794557,30,1504,0
-85.75290636380475,174.7886879718785,40,6278,0
71.74090884147108,19.461018045675868,10,9817,0
50.97571439375267,155.09983110329068,20,2874,0
50.467702242776475,-178.07436407007978,30,9117,0
-7.560763379357134,89.36597022512404,30,9416,0
-18.359047268189492,145.09823511690556,30,8860,0
-35.47516881002533,-129.70059588757653,10,3839,0
-78.17492538821416,-145.39469337642547,20,8118,0
-48.91763457113416,-27.153861413055992,50,4564,0
-45.61134570395557,156.12440620785665,20,7841,0
-2.8661274521637137,15.259161668557946,20,7736,0
44.53999318740492,9.884326939823577,20,8120,0
-4.7142308883696105,-129.19459741224412,10,7388,0
-79.5879990995111,-179.71577600644125,10,4194,0
82.4021641778767,111.65043266836604,10,3030,0
79.69037743694021,-148.47315732495423,20,863,0
51.33411776671351,48.18593474471663,10,3550,0
88.4390222815597,149.26192362546894,30,3495,0
8.006819904047326,-104.88531126296483,10,3819,0
83.29830304557709,59.49822104528789,40,4901,1
-76.39109268898486,-151.6685123852966,10,8512,0
-24.177465312953164,37.351851781540674,10,1961,0
-49.43137175878215,-120.98458045684701,10,9313,0
-54.7500448558314,84.94328178546408,10,209,0
-64.6554691993183,-71.55673387419304,40,6649,1
22.034455481879398,-13.179236830327357,50,8990,0
50.63793403451491,35.79499512994381,10,5629,1
14.093711895664917,-118.34157216015375,30,8399,0
-63.54671227412226,86.98961470234353,40,8680,0
56.002278588024765,-71.04947737074676,50,8716,0
24.47184728947113,58.45386956859126,10,2594,1
-20.130172897140806,-123.01810174822549,50,7832,0
31.343453196491332,67.7223573142861,30,5859,0
-43.217103736290085,-133.85229378823377,40,1627,0
-27.86540247104211,-26.871661342805897,40,2126,0
75.14745176375824,-91.00581345400434,50,1955,0
-37.70918897914433,89.41508979414573,10,8738,0
-5.402111731571413,-85.66739837752516,20,1697,0
70.22540473128264,137.41823030234264,40,8501,0
37.389843048154944,141.05527610638063,20,948,1
-78.8034192903535,-109.2811265197971,40,6058,0
-63.485452029785336,40.984540202780735,10,9943,1
-88.58851366105498,-148.42164898081285,10,3629,0
23.56592224124941,-39.04664414341349,40,2018,0
-9.418783426124701,76.79582262045801,50,8868,1
-65.8305268375904,57.39236886596986,10,5861,1
82.42814179021867,44.892240986378866,10,788,0
5.33875031021158,-78.28528908152032,30,9081,0
-46.45920705967995,-43.91101820361528,10,6406,0
0.10864280784735891,-142.939387907897,30,5172,0
32.33165989231941,78.84821535609636,10,1455,0
-76.2769407647584,1.3999668448584668,10,1787,0
-40.55331329137944,75.15562764443565,50,8641,1
55.25378835911885,-90.3803310731258,50,9421,0
-7.260323327520977,-63.20223769137616,10,4450,0
8.383885565813083,-59.68247858635873,40,6601,0
-12.093119602295534,-170.73273249100217,40,6186,0
-82.09801032425908,-57.22276578097552,10,4308,0
-60.16503963237193,109.18964646649206,40,6767,1
-9.802505026459638,143.02745846990587,10,1090,0
-52.34661622657299,6.558593628933886,50,5390,0
-81.00377484125782,-16.019389721080714,20,1476,1
61.85693952932827,-168.90313726822671,30,9518,0
86.61465524954085,136.51356153073775,40,7347,1
52.7657173194131,-175.31632316668583,40,7302,0
63.68128590684007,160.11002887567625,50,8855,0
-46.44411654293183,-3.8821504722873623,40,6404,0
82.91285559237596,-56.903582313098426,10,2987,1
-54.55337319838289,152.71863654335763,10,6781,1
81.25736586512981,-171.21924248036518,20,7713,0
89.06747291387119,29.312962152871357,20,1440,0
38.11010503428877,17.615708819761537,20,8072,1
86.60587172252794,-101.04465556390245,10,9729,0
12.51716032207866,-25.600524713924194,20,194,0
-43.28247902830374,54.815042139757274,20,3396,0
-11.340740580188244,81.7672308774939,10,5998,1
16.84096836818147,-179.74193086563128,50,9240,0
-76.8453188351373,157.2672348327655,40,2792,0
22.021787631104296,-120.77086593858753,30,4261,1
86.61201061721302,-95.9110436799507,10,8226,0
-55.78062303892903,-85.14955955021463,10,3381,0
52.667120931909,-166.38475084126728,30,1597,0
73.42178288033148,-135.70123550748303,30,7153,1
79.86628670763974,175.0859722598983,20,6814,0
82.82440879298049,-66.52197454417701,30,7757,0
3.8627349698649494,-138.49160747794224,40,8103,0
85.91542343847067,-141.4831459771356,40,7791,0
46.31583728419899,79.00558836118988,40,8206,1
-60.89914147734686,127.64471905175071,40,301,0
-4.157980835765402,-87.49717217695084,40,1598,0
39.299611566960714,-172.4725755593154,20,3186,0
-45.478743152565,-99.68759335967191,10,2690,0
25.310733038799725,-159.65435131316735,30,7225,1
29.988086228391463,-142.77782281318505,10,7960,0
-60.71404611445814,-24.657076854848746,30,5508,0
11.715356241496131,-97.22938648981227,20,2048,0
48.892843976149386,5.7405162691524225,20,4063,0
-0.19878038353045469,-88.74224882741147,50,793,0
-87.82143898030067,158.59342839706116,50,5463,1
-88.3730755657274,146.13982845345524,20,5987,0
-25.73471808539781,24.050197803767766,20,7834,0
76.71493231772075,-52.40736288454098,30,5817,0
-48.838179671350424,-42.787122467495195,20,5393,1
24.185463996903685,-31.733178067981097,10,4151,0
-50.026343275202294,81.92855596857984,30,2391,0
-32.099401861281244,-17.409961613218353,20,2798,0
62.64757612826712,128.42278074212305,30,9302,0
41.195059608590434,159.87412293493125,30,1141,0
-72.82813008362209,-59.05938478358381,40,1657,1
-12.83363622244195,21.850013295244842,50,1307,0
-84.7494425438524,-145.7796467402768,30,9972,0
-3.439773611458381,-107.83114280411077,30,3721,0
29.238122106192254,-31.15232398434236,40,3452,0
-68.66952775233273,-105.76702227535961,20,7555,0
-38.00071099635018,135.56177668393832,30,1778,0
-18.389407409611753,-123.01694781872469,40,9072,0
75.51558443808895,-15.962104240886896,10,6852,0
88.78590277613353,38.05172656555524,40,1045,0
-81.91596618078914,69.07100693790399,50,3528,0
46.981426229170566,-42.095026898457576,50,8073,0
-23.08966804757822,132.87566474090227,20,7268,0
-19.357526478693593,24.594894388053188,20,8839,0
45.76769520246408,-21.777199038881356,50,3084,1
75.31675778617355,-155.7933717412668,50,2690,0
81.16714701045872,-12.711791359740596,30,1897,0
13.88206548689774,115.46490269366289,50,5143,1
-25.718191325909494,41.23476655967357,20,2357,0
51.758835454580264,119.5784833424826,50,2297,0
-44.81975101278595,-2.155798584249977,20,8322,0
11.533325190033196,-137.35378616598655,10,8903,0
-25.45587692552283,-175.08965549908282,50,4497,0
28.193593267417697,-70.84096318130717,20,3012,0
-46.728195679168756,71.27656973920529,40,8974,0
-55.51326976773136,104.49356541900976,30,8548,0
75.28303560157867,-73.5289795366814,20,9231,1
-71.67533706908335,-1.5645884820310396,50,6252,0
1.072423392287698,-28.397194403730616,50,7272,0
-50.246499066658394,-32.21179763348597,10,2994,0
-82.99260660137986,-96.71446324794583,40,3285,0
-83.51661270754325,-130.90640218939498,20,9068,0
-58.46008102095108,-109.19211903676327,40,2832,0
66.01866381108005,-160.0803406211954,10,9023,0
-39.153826084135204,-108.67293294351227,30,5424,0
81.08265070355323,-176.68767685486338,40,9261,0
14.692012738054839,45.81302422895217,10,7949,0
-11.409445841622103,-66.10485334043416,20,8394,0
14.415990240501827,170.3320961136871,30,1183,0
3.0057093407281976,-110.26186172053276,50,5305,0
46.57972567631853,-55.501714688546194,10,4962,0
-39.15070812488659,-51.17718288904805,50,3170,0
-26.45092951194557,-176.9574614175142,30,8663,0
70.93697445598514,122.11486309420522,10,8970,1
80.36217236707299,-168.4819943480431,10,301,0
70.66048094756542,158.4647405025269,30,188,0
-14.499361087683555,141.14676639370344,20,6399,0
50.465790541238704,12.787889790946881,10,8479,0
-4.259568005802217,15.694406968065145,30,5271,0
-0.4428266137016057,55.36005226421628,40,1654,0
-53.15758036968889,-40.66199570344069,50,5699,0
16.403454586532963,53.00002202322797,10,8521,0
-56.49553840439737,-163.88338007214472,40,154,1
-30.31835416790512,-160.54285415409845,10,4466,0
63.90543629158833,-15.39704893696403,20,4131,0
-52.72635434204606,17.86402839817258,30,9415,0
-77.19150866878209,139.61435052089485,10,3240,0
-77.57863332969306,-142.32217179315734,30,8178,0
79.34121369055943,116.15325378980016,10,1652,0
1.2456788331302304,-104.38295857485495,20,7895,0
-16.3058270729367,-38.12988653638853,20,5371,0
55.958144581425316,-66.02312346213135,40,215,0
60.44866702389288,-35.94410176845636,20,3713,0
-30.205614039191172,-125.8216206938692,30,6472,0
34.85125034528314,1.2852267852797805,20,8651,0
48.80210685333958,108.59133233929222,10,8319,0
27.837123635871812,-21.0477562635971,20,3937,0
-62.712886535982115,-3.379112676648326,30,3633,0
67.65895503307026,125.55633070127313,10,9710,0
7.0370194924815666,74.1809212696911,40,5931,0
-39.15496325339934,-3.4364129328774995,40,6063,0
-13.458926621215095,-87.22956665189531,40,1394,0
-83.23720372819668,138.57362886418798,10,6070,0
-66.98397577996484,27.727344608601005,40,7650,0
47.79841509285495,-100.38686036015038,20,2175,0
-89.9979057440341,-83.11688905031627,10,7466,0
-15.018150873187409,109.12791201704853,10,5307,0
4.051832595405919,-164.10759764851605,10,5917,0
-80.16580439982499,177.15318733037523,50,1878,0
85.15406933501991,-133.07339530267495,30,473,0
-49.297440375059054,106.58466914289747,50,7657,0
-35.24423046546944,-37.880885962194164,50,9423,1
-35.290347794095084,-2.8021740165119313,50,1673,0
-48.52500081887702,137.03420788724804,30,6126,0
-89.73471202446395,-31.351971747883233,50,4544,0
41.28206293583934,13.497751322364415,40,887,0
84.03218996387136,-162.25212153269882,10,1645,0
-49.62717300869189,-179.15490940771687,10,8661,1
29.348494524616036,-91.87204571937868,20,4474,0
43.54133885256872,65.00991345075622,40,5547,1
62.71656823629445,-136.3446383907108,30,9994,0
-13.926744537550357,-139.0456948303622,10,9949,1
-35.472436984722734,-32.05418110707482,50,4155,0
-31.4468758758544,53.22133389896154,20,706,0
38.27183995773231,76.34591720925498,20,2676,0
57.020303971014485,-115.75775732458507,10,6669,0
-57.30948580381152,-151.3482669460647,40,4224,0
-23.230618531602264,158.5429322203959,20,5151,1
72.34923541484702,-86.16010227764338,10,422,0
55.20483354505306,127.20473913914059,40,683,0
87.27451249724565,130.85692216661457,10,5489,1
45.764686742774536,98.108133034516,10,8947,1
-19.224863814973993,-119.21990160507477,40,4981,0
16.314810119034796,115.84852533151212,40,8514,0
28.982565764517652,96.93020132697121,40,2222,1
-75.87795306291768,34.82027643823815,10,7799,0
8.009452638695716,-58.60726733917701,20,7896,0
37.677749125069724,-85.49690246404413,30,2320,1
-59.88216527980913,-136.11988365107078,30,5223,0
50.51370913660028,3.512544084313709,10,3650,0
15.079100492540094,30.693915183544746,10,5879,0
81.39992142556703,-50.6379634143166,20,5028,0
-82.3639863227595,-8.870735634887321,40,266,0
-42.241295240015944,-49.13479534706399,10,6543,0
18.279698273968332,50.76218063545245,50,8409,0
-36.61921580293247,144.4533148067628,40,6755,0
38.596349532823595,-120.98870566309985,10,7442,0
46.62095085394758,-42.692828434875565,50,2306,0
-71.5471264680346,-129.28730257768993,20,1350,0
2.4938035572181905,44.97975734681952,50,4106,0
1.6003000063900608,82.39338341589448,10,4658,0
-23.529461361202607,155.48858373508412,30,9963,1
77.92647526254098,-79.60610654605263,10,2251,0
58.951137577179814,162.07603411155486,30,5177,0
35.49768874373462,-157.22543814455707,20,2397,0
38.57879443229956,37.08499081125174,20,9328,0
-6.891094113638562,-159.43222103640122,40,2714,1
75.77901379738366,141.75870759430015,40,1979,0
35.02717690559137,10.731260545219477,30,8888,0
41.21659109804696,60.96540627460659,30,720,0
65.10436268172215,119.36661332776292,20,6798,1
-40.66711391840562,-125.88817590577125,50,5607,0
55.27276269600654,-166.1070377022718,30,8362,0
-54.85669146783143,136.39721252862677,30,1903,0
-27.838448595920188,-66.6240381147843,50,7216,0
-29.590118231428313,-133.5675931462205,40,4633,0
86.1345843100453,-11.353954648648848,40,9359,0
64.17670027462684,35.39018725056677,30,2025,0
36.21057508624675,-168.85058276789636,40,1137,0
40.870217090770225,-81.03756302744841,40,3283,0
11.173102992462793,-168.19204526031743,40,9694,0
80.47632007953344,-28.679259889620376,20,9730,0
-0.6734244811749224,142.23601046384795,10,8776,0
-21.506812223418986,173.7548681376849,30,4364,0
-60.65363935231362,49.33711926130591,30,4998,0
51.51701740699044,-121.81043023754695,20,8537,0
42.19990777360646,146.10578039975007,10,6221,1
-20.81609306565572,5.849216352021767,10,5889,0
-85.46518548733872,-124.6502476429495,20,3471,0
61.01951898924193,151.8216010025981,50,1450,0
-87.94476297826675,92.68885826031708,50,8821,0
36.66596033322917,83.41389818033456,10,5814,0
84.64627975069027,75.30505336598569,50,3914,0
-11.220960933323376,-107.87766440528077,50,7247,0
-47.7047871007285,-104.03759098529062,50,6585,0
36.876781807808705,67.7854794338118,10,9994,0
57.083065562805324,-100.89980996025713,50,3725,1
8.357456894012516,-22.078189150902414,30,9051,1
84.06634954610631,101.5206572138189,10,8217,0
-80.699630101567,102.22290651522275,20,9695,0
0.8632076948150647,-16.82576189069053,50,9089,0
39.321710518059014,105.18837777908823,40,631,0
65.27528480685221,121.90384663130044,10,4237,1
-57.733989856597795,55.71927046233369,20,698,0
54.00062671746265,-97.76669316896874,30,7528,0
9.487273629338148,-81.35575906120289,20,8597,0
-18.62033724180662,-66.65718405285527,50,5004,0
-66.29129485576316,-137.9505212157773,40,3009,0
65.75323660360424,-81.66253666681976,50,778,1
-61.690822527651235,-104.57307924748844,20,3484,0
-34.23818534236214,-16.081650068903222,10,9022,0
-37.79180424676136,147.03751723401538,40,2125,0
66.85452615435378,-142.3870859685751,40,4328,0
31.08653895760164,79.29645262106241,20,2866,1
53.40265149444702,67.42188158872598,50,2198,0
-44.91577821735019,-145.52848848119123,20,6861,0
22.477337929259804,152.12606576608803,40,491,0
12.914276965874764,24.649992776455054,20,3884,0
59.909467821888796,-49.05881239115367,40,6766,0
73.09567088662689,92.3538900583104,50,3937,0
-87.81178113407037,-87.34843497541175,10,1785,0
31.32358543058268,69.66354133667535,10,6597,0
-80.66955615844877,-165.703965273991,20,3014,0
8.794559713924066,122.1868935393379,40,7216,0
-38.22610877213792,-18.658495072325344,10,9710,0
-34.780212086014586,49.209449168859024,40,3826,0
-26.467469378575817,-100.35438486959389,50,5051,0
21.832640828929822,63.74653655704127,20,6158,0
-29.871006179621542,98.00649932157957,40,7755,0
41.88582910625047,-9.643252721616458,20,4710,1
-17.185070596703454,42.381692662245946,40,7921,0
-77.69642394420745,-15.722667423936517,40,1184,0
51.0767716471393,141.87289293282439,50,7683,0
-38.56350157331292,-0.7670950148451006,20,9299,0
-12.101961672132726,123.0511352503748,30,1417,0
33.379898979942276,108.48674097728949,40,6980,0
-30.157891713231837,-32.21826431459165,40,2449,0
-79.81458189359118,-97.16958293130898,10,7437,0
-22.694211537693555,-33.810432278482445,20,2793,0
80.00074488497462,117.43825527907926,30,7308,0
25.512191513740476,-98.05228710501875,50,6981,1
30.866246760097248,8.797084508789762,30,3822,0
23.810787654775172,110.19482926586909,50,3793,0
-54.18141498730138,-52.748108953783635,30,4492,0
-14.699904461589577,51.195469320971064,30,7324,0
45.16916370539729,-91.57263334242677,20,7902,0
-71.75287844043136,-140.65939966746242,10,5817,0
-39.98650030385179,105.97832103342827,30,3234,0
-40.26256047614635,-144.37129557286553,40,2698,0
-12.236593032988921,-82.30269777134954,40,4152,0
86.46637336959331,127.83939191907844,40,3924,0
-77.84954159691205,-55.27105665167981,10,3620,0
3.3661789885071047,170.296325825098,30,1349,0
-57.71435723780212,172.7043605185895,50,6686,0
84.72177817375395,-83.42063263671959,50,7943,0
-69.60536914905644,-165.24783999003944,20,2174,0
-17.351819574913577,73.82278231393649,10,2604,0
42.819297270229114,-17.64485904659626,30,2114,0
36.81979704494015,-143.72897617455254,40,5044,0
-13.908845359092194,74.70821483209541,10,1048,0
-27.62564976851072,-168.77703271970836,10,206,0
-18.429771860483296,133.27080857720716,30,4792,0
-42.43027263144493,-130.08508951921067,20,8446,0
-53.040071032776034,-134.167723651179,20,3340,0
-3.0528544393998036,-116.75797273130956,20,9087,1
-41.66392390783068,165.69588905714394,40,9862,0
-38.25690031849498,69.54096969138456,40,5403,0
28.21609142542027,108.49375276690921,30,1734,0
84.3367197059806,-36.85140513620891,20,1632,0
18.654696100687516,-58.927418098216,30,7708,0
-76.14369592830607,-95.58575755805882,20,1540,0
-76.39494950626795,-6.966709807532783,10,9690,0
81.25617975220187,18.65834407230066,50,3746,1
-36.48765774467995,47.438943714991936,50,5699,0
-73.42794250515442,-87.43733856046998,20,1715,1
17.82802568706868,161.51546912507663,30,9805,0
22.256780092247897,-118.8869406454311,40,8094,0
26.730867621363867,167.63514291590843,20,6396,0
-41.86763498564257,-174.65179589729863,20,2698,0
-87.28007684139449,-6.794750945935579,40,9136,0
83.70276650180493,-59.9875782780374,20,3630,0
-44.839251775601554,-18.315570985109716,10,7690,0
31.68473184945855,25.439248433084053,40,2427,1
37.19337657816772,-23.18790311542475,10,6665,0
19.801335074307424,-30.655133891425812,50,7867,0
-33.67666904154332,83.78042954879035,40,2076,0
-41.20267432246816,66.91545903112727,40,1935,1
17.58029088648656,119.97766153290524,30,4999,0
65.89721405010447,-90.0147667537816,30,454,0
80.41207120621121,39.43026351146289,40,9897,0
-70.93695520732362,30.670122741427388,50,4573,0
-62.130849732410425,-46.89438808583205,20,3295,0
80.05252658095434,-5.019284915034872,30,9279,0
42.57634110026266,-67.03842840993765,50,8445,0
68.93888846935916,-128.93601685788533,50,1006,0
-53.526125855638234,-103.03156416141618,30,7298,0
15.765456799692334,-142.0150872955676,20,1720,0
36.20512699514526,65.90504706844469,30,4518,1
32.420139380455076,57.86186151929455,50,8623,0
-16.53269564399434,162.21829376875422,10,4438,0
-87.22891949556447,82.68422891300686,30,529,0
14.926690224767363,-161.26349804779267,50,5401,0
-44.44172294767042,138.3282626144235,30,2523,1
-8.95423569427974,130.56305866046128,50,8372,0
82.36458271508712,-20.40468452182848,20,1673,0
-18.17364282436175,30.910698190051754,50,8135,0
61.16428919959681,171.38819969010677,40,519,0
-56.0626909651348,11.629570985339853,10,566,0
31.042889644505188,145.91585821539232,50,5276,0
85.86125179900982,-150.1060471883329,30,3493,0
-71.65924184287138,-111.22132726487418,30,9857,0
-88.50241039910544,-21.32822036112558,50,9810,0
-11.955097326129419,30.512451001429692,40,7533,1
-73.3274130507539,113.84202667060808,50,7494,0
44.70918294172164,175.77436145154726,20,2135,0
74.61875949274061,-40.013461269318086,40,9095,0
-11.87622491242341,-162.93037098956944,50,9369,0
-43.43190441202063,108.42174118631694,10,1732,1
-11.80740257881024,37.57705886981092,40,2084,0
40.22060721300018,-108.5245708074474,50,7221,1
-88.37025091553322,-1.8617556162887405,10,103,0
16.101718107245492,87.23168839214078,50,7577,0
20.39250327972823,97.34824334471176,20,6098,0
24.78388444126839,-0.13737168044567927,30,702,0
-46.436025603442104,-70.12276915361072,50,7356,0
38.52949020806282,170.54732953385766,40,8792,1
-73.54953246028025,58.81053994433743,50,6814,0
-54.13133943597585,-33.03449303533247,50,8476,1
67.94460839780675,-79.03323928632513,50,3351,0
42.970167130781945,83.19707388128236,50,3247,0
-87.52580027795786,-92.81395958624363,40,9587,0
-45.29227313343596,-118.18440396947226,40,8244,0
-51.40683306123038,10.740200026345303,50,154,1
-41.25486095334494,-75.60453864810893,30,3010,0
-45.439241349620445,46.40585217250142,50,1970,0
-78.74526676628777,-137.54207704527596,40,3448,0
-7.3907070125723395,55.778797644235766,20,1701,1
41.892025461509725,-78.0132499208272,50,5867,0
19.211710449138554,-179.91254360357541,50,5930,0
31.11690034765436,-134.3030192372965,50,8220,0
-75.39314786347695,156.10153602063386,50,7143,0
81.2683278318217,132.2476700815288,10,2190,0
60.92853009174447,-95.90074846695474,50,5580,0
54.916257329219285,100.21388563637683,40,9543,0
58.13708490751815,39.085773542630726,40,6470,0
77.88789146389705,169.525696121953,10,5282,1
7.965713900465586,-45.50196256773872,50,270,0
-53.94923678382734,65.32582050618166,30,2909,1
21.02104941345741,-157.12713992738932,50,7093,0
43.718668860229016,-37.35095514609386,40,8029,0
42.82513080372457,166.97435802774496,20,6811,0
3.8608243500384187,14.033114802043398,20,4091,0
-77.67743051995595,-76.36337879945596,30,7235,1
-23.19967108257699,-136.70245327370154,50,926,1
75.73798952340432,73.27020246535096,10,9957,0
15.200803756336684,52.148175634701644,50,229,1
6.899749786028417,-45.38206310264114,30,1517,0
-41.60636741120517,162.33888667170035,30,6898,1
-23.679194415015797,-172.00698732437388,30,6873,0
71.16229604757046,-70.6594134125427,20,1507,1
29.96334855483043,151.5850150678493,50,5236,1
51.729664815419916,-64.46324220500146,50,8885,0
-8.217823847822077,-89.18897981213865,10,1137,0
23.444499502108425,12.319347575249031,30,7646,0
-45.29095042622264,116.56862997139365,30,6003,0
36.98294945102753,-142.86716608379,40,122,0
-13.031759933399286,159.487455472465,40,9925,0
-10.341807333345796,106.22623722521905,20,6387,0
26.8780184238387,-114.7499080014413,50,1505,0
78.5305118644068,76.32286603133856,10,9770,0
-78.47885761044823,-41.414859850479424,10,6567,0
58.45378272246137,-35.17391589252527,30,1294,0
-37.37104012580524,101.9844332779919,10,8867,0
-10.094498188851993,166.60253087306359,30,8023,0
-86.05560082049838,-134.4038857750102,50,1706,0
-35.81170598982366,-28.573114723625018,10,8743,0
0.47362367342348666,-6.8610210896507295,30,8416,0
-79.88830607746098,-44.52774589620086,50,6350,0
-1.6027687110302735,-49.25191546215899,50,1783,1
76.87991319451692,-161.18327967782525,30,9198,0
-71.02922074059506,66.79390340254437,30,8721,1
47.59933105359078,-22.962809836783663,20,2851,0
-16.259210392321325,-109.87423104818636,50,7604,1
27.931268614380848,113.77206082874463,30,7763,0
-43.15741236265872,108.92186933458605,50,8653,0
-61.29139274255551,-4.8990138879982315,10,8723,1
-61.116729431179245,-72.55776198680621,40,2822,0
-77.31144978423396,49.71338128672286,40,5739,1
-56.58359311777625,-76.2652311201349,30,3323,0
29.559489298014288,-95.03714508346367,30,5541,0
68.70431013183145,82.9852754494776,50,9922,0
56.54262340640913,-165.48291370045774,30,7481,1
33.324175777407135,-145.88335042754616,50,5284,0
-70.12226458600152,-177.55625735150767,30,369,0
-37.94625966672903,-124.94045286884659,50,7804,0
-34.23476244195558,-155.1635968642346,30,6215,1
-45.00774964842818,178.4888524007707,20,9415,0
2.7010187477501613,-76.02841081652775,50,7398,1
6.399686678341063,-126.26351543907099,20,4633,0
-25.760524469200163,-93.24134712146954,20,1142,0
-26.317951427441518,157.00520575444847,20,1741,0
59.14000762309465,7.2576802887824465,20,6703,0
52.07271269754341,-48.66548532917152,10,3397,0
-34.59675029746578,134.42092484731896,40,7155,0
74.48191989718667,-37.80350260234832,10,1483,0
81.50670306045109,-59.396914815229515,30,4096,0
-31.18634243459265,-105.3782918820952,30,114,0
-26.203509217250126,-43.99314339261186,40,1774,0
1.0141476159525897,-65.99363183390663,40,5199,0
79.40174625606123,63.82942534733077,40,3717,0
67.73749796561607,-75.75022631853824,20,8199,0
-71.53776673495383,27.79190871212212,10,6657,0
-19.30846621114508,-156.27882058848982,30,5574,1
9.606814154958931,-111.13590358925482,10,1580,0
0.563845059277206,-33.33410221991444,10,7798,1
-55.10464777135932,157.30173140713035,10,3146,0
64.58701881026785,-44.189285142349654,40,7463,1
31.849340939430725,59.06668363194028,40,6057,0
60.823507473324646,-88.16859992829667,30,4310,0
64.577570282905,-134.26791264963657,30,5571,0
44.70405365983316,-158.92682397118196,30,1075,0
-10.94209177505088,-70.05114052460951,10,1785,0
19.898415902776417,-123.24203035311314,40,2183,0
-61.13422689844624,-117.35623871419529,20,1786,0
31.256175145483386,93.87335101930202,10,4258,1
-57.734413966929466,-174.2982944598453,50,6909,1
34.910926291828225,20.811645264756393,10,8800,0
-48.67233106428564,-43.39390298635267,40,287,0
-68.84076597296041,2.3579999670769958,50,2882,1
-60.248791774267666,22.618885397257046,10,4288,1
-89.64141566056735,-67.18762999537985,40,4200,0
39.373131213635446,-73.7608103336573,40,2172,0
41.83218883050824,84.02466576056605,20,6751,0
2.6880029843867015,133.65971572361659,10,197,1
-60.954695810030934,-110.67061231492997,40,9583,0
-74.96021924807584,-144.85724620734638,30,6905,0
-86.55678604128833,143.20649030112935,40,3564,0
-60.16532814626027,-54.03763308693649,20,1887,1
70.35399629696641,18.474260638613096,40,7863,0
-46.523368493697284,-50.56446797279875,10,5504,0
-26.231161100901183,-134.71115891542152,10,783,0
-71.03781279336003,32.1593921811821,50,1232,1
-49.97496514532935,9.050706637066677,10,5977,0
3.4604227404369214,-106.922318691169,50,6298,0
19.39548295721746,-17.32714392517998,30,3936,0
-45.83658345008201,106.9011014456325,20,9906,0
-79.6082113394789,32.553397118840884,30,1141,0
-19.61408355706824,-145.10976225588186,50,5989,0
-47.84339323325985,17.287739002488625,40,954,0
-50.48029381863565,72.98578774425127,40,5838,1
82.77530448842195,105.3732260810705,30,2126,0
20.93408746663033,46.48232830833604,40,5465,0
10.23811977097726,-125.04306076531786,50,2650,0
-15.160481365802054,75.66237597245784,20,7189,0
-12.790019982574032,63.84306458934589,10,339,0
7.3629006908545485,-171.20632214137203,50,589,0
35.3573652664993,-31.77083966751246,50,1136,0
36.3862973127293,-60.13791109354561,10,9630,0
-59.09509661301908,60.98834313131163,10,6232,0
0.02029537379285573,-102.19110756806855,20,4880,0
-15.847542893861647,32.71389227073306,20,8009,0
66.69485392848915,148.75414625310205,20,3369,0
23.655405819307752,107.20885399509878,40,6222,0
5.850731954876725,151.72478503795094,50,5810,0
-69.22896440779488,172.2621480957684,10,1867,0
19.01482007821406,-176.1587542777814,50,4808,0
-68.90329697755799,44.18685949589192,50,8453,0
-29.30281639816463,-31.377816806793682,20,8947,1
-64.28844633342027,129.54761652064383,20,3106,0
34.573256464386404,-89.34670727671259,50,1356,0
-52.87461950949253,173.17061608142743,20,7177,1
-19.46531282615532,40.934869035749024,40,5451,0
71.22145997138016,105.67346480237914,10,849,0
-53.22305098818535,-149.1841609838034,50,808,1
1.4049115125802403,-113.95516148680858,10,6516,0
-14.531100990116041,93.02532229231315,40,9913,0
-86.73767261176864,-172.0848520658435,20,7050,0
52.696460443106304,114.0760749217618,30,8757,0
-77.57173686337205,-174.97835327091187,40,9392,0
-4.634096224148352,56.562782062058396,30,1813,0
10.922093089010989,-48.56618871654989,10,8036,0
23.11676219062567,40.138146978911685,50,8408,0
33.953693275417606,70.57130651608094,20,295,0
-44.41097096591128,-56.70892109293049,40,4814,1
-88.20382020147912,-141.1335186800992,20,9766,0
40.21985922388416,-154.92748761062438,30,1374,0
6.418187882564146,32.01696812251723,30,3809,0
60.50118657730478,7.435927344280153,50,438,0
57.84990532212497,87.1923632836077,30,6861,0
61.79871020181897,3.5047836014173672,50,3611,0
-2.682961203682772,-27.919515588883517,40,4375,0
-29.94688874936418,-36.68861583495689,50,1756,1
52.480476466446596,-170.4791150648397,30,6862,0
-8.767059654734112,-59.19940738920343,10,8934,0
-56.98040464738179,171.36725670881793,50,9972,0
63.89532352106538,134.48000744175198,20,9642,0
68.8607778190225,-61.42389586768164,10,5373,1
-6.064243894769379,31.606345823893985,50,8910,0
-76.37404908423825,125.02682839277782,20,1269,1
-20.191303814952377,-21.14123876997528,10,8543,0
54.636778703268604,-173.53516904994567,50,8273,0
72.31932513832116,-153.17623374528958,40,401,0
-53.37490635043275,3.7413796855343806,20,1666,0
-77.94474983545112,168.9981752433162,40,7916,0
67.92308156391096,69.5554351987924,30,2310,0
-19.907110983802447,-154.47017108211497,50,7330,0
7.5169735681613865,-111.8300847149294,50,8903,1
84.25184616913661,97.67633155806601,20,6688,1
-78.01834897543989,122.91831358424811,50,2043,0
26.6972413413772,42.37005102789271,30,8365,1
-76.66102393652393,51.99234106673398,50,4737,0
-22.415592876029933,-169.79851786198154,10,8448,0
54.686618134820414,118.27089344934306,40,5485,0
-11.974998103985808,103.77907494149866,30,355,0
89.49282370253107,-86.74734812279502,30,3210,1
10.630671290388392,75.1236191875825,40,9343,0
-32.19081252552837,-102.65234168700069,40,5132,0
-50.37996133714444,-165.48114202145533,30,6361,0
-26.906303828490874,-107.59084466746418,40,2517,0
-22.944010723280854,-115.69360436845218,20,2356,0
-77.63153800968702,-58.410721175454995,40,2734,0
-23.47664410318083,-29.358181016835086,10,1991,0
-6.4370664469395145,3.0740009391748524,10,3564,0
40.09279540298484,-8.368604817001867,20,7526,0
28.211307249889433,-82.55714185249583,40,2070,0
37.577817941247766,-169.4985593133332,10,4053,0
-88.49453726216572,37.83658400537425,50,5918,1
-50.819868075503514,-37.531861254952425,40,6871,0
29.10317191197417,-72.47802334048211,20,6848,0
-2.8819137276455153,132.09877541898445,40,5103,0
-89.04357437969773,88.82759080733751,30,748,0
54.80903563772802,128.7955974140792,30,9932,0
49.10572319226073,-1.8061939035140462,10,8820,1
8.715449338841275,-132.86474923436012,30,2201,0
-78.03660136027102,70.63971700365806,20,518,1
47.97270891586523,-105.81343922261692,10,2452,1
15.06844579164551,-21.157319126981953,20,5875,1
50.75279588843265,-156.59971597840013,20,8376,0
45.31445863125128,117.11102487227367,30,7791,1
54.540372952410685,-134.6613692228998,30,1851,0
3.241451952832468,145.11510253775148,20,2757,0
-64.7415867251673,131.12301681416056,30,6223,0
30.80834520834396,-12.750204801871416,30,5624,0
21.685281309354707,87.97255354943663,30,2451,0
43.60557369583569,43.00022657453518,40,8171,0
-59.421418910867644,109.10723124158815,20,1389,1
-54.90446401794794,-24.550163717071662,50,2802,0
70.27371309947912,102.891054327966,20,8935,0
44.996003721372745,-13.515545856546733,10,3005,0
73.48112796605812,158.74768362340578,30,4769,1
46.568757809505726,-4.906043702946867,30,3022,0
17.487955078254338,-13.457062103857368,50,6754,0
27.74389266501726,102.62587016286457,10,2121,0
70.04302630920179,115.76796903390166,40,3724,0
14.185215812149295,19.616081155621472,20,6444,0
23.830438379109733,-115.27278714177285,40,7878,0
-61.83419111935189,-11.607036855271375,10,236,0
-4.694180379101511,168.5061010474842,50,4325,0
38.95148015245781,91.07502949410664,10,9510,1
-41.23031430305423,112.01853739648759,50,9309,0
-53.594247505583716,-168.18282042507354,40,3240,0
-33.5111745196052,-11.570593451702438,40,2687,0
-46.52988696128998,52.78360811671993,10,6769,0
-51.315725333448746,118.81176610610689,10,2705,1
-13.52684828374435,-162.26148471020227,30,5104,0
73.41093249903614,126.87799883107431,50,8500,0
1.270736412969291,17.424337227088213,30,7604,0
-56.174331453241855,-108.96697059261842,20,3910,0
-76.14509951144267,-65.788122078108,20,6180,0
35.308106124826544,-78.50536136943813,10,7508,1
-21.09622240145019,11.10925234385129,40,4253,1
57.92957038536467,-161.39315523199255,20,3476,0
28.71193835533863,-122.92698294002753,20,1468,0
53.323461097446334,112.56949561528167,30,7909,0
-41.049712904679225,-132.26256333114802,30,3900,0
34.624606042990465,-95.9773429950743,20,1137,0
-42.46884275513062,-16.786581982503364,10,1092,0
79.03232630105249,6.1635197207989645,30,7412,0
24.54737067600739,94.8997726610971,20,4610,0
-31.587875968438425,-18.9603264001724,40,493,0
-41.487864787390926,104.35126357279397,30,8105,0
-55.63321468710417,42.60467053636469,20,3786,0
35.035372600871,-139.28409380742391,50,457,0
-50.63118966037309,-123.72068217857812,30,4104,0
17.15458786694803,-22.667858838082505,50,1281,0
-42.36569515343568,-37.11981848794575,30,6917,0
29.154410062896346,87.67593706942606,30,2165,0
56.68915113729705,29.065370327046672,50,6971,0
50.04454376603757,-40.27209083919025,10,3229,1
46.95323956754071,-118.52629795786117,20,254,0
-56.20996697539463,-98.33864316282175,10,9846,0
-74.09070954278663,27.180366648861238,10,8778,0
35.81078912772941,-27.562030236074712,20,6394,0
-23.697501517016764,5.373903189841944,40,9674,0
-12.177679247397485,-118.55612329119587,10,2515,1
-84.3931632971896,58.646250844043685,10,1170,0
-43.27623913049115,126.91394670814813,10,2354,1
-83.93824730259648,-87.1417775567158,40,8142,0
68.25343906822458,-3.0548787005424316,30,9798,0
-46.18859702066452,171.18983844752464,50,7907,0
10.32069052314145,-60.03297340173805,50,6940,0
-82.98372228099653,34.216684172554025,40,6813,0
30.03253043501845,-147.52954792791203,10,2290,0
-31.855077764263104,38.16540089259954,50,7364,0
71.62545365237985,-147.73256161033754,40,9362,0
69.86127400812644,165.32475671657593,20,8482,0
-31.4476886948854,77.6385547460321,50,8431,0
72.17296122428422,103.73752372885431,20,7498,1
89.30838122978018,73.47756987778926,10,3072,0
58.57481954231065,32.30245298752767,50,1614,0
62.076842595941216,-18.031398809218068,40,4070,0
-45.17842750036382,129.01441671398248,30,4819,0
13.806431794396136,164.4608403155027,50,1445,0
-77.89393548587378,-0.34697775453072843,50,2017,0
-72.91477137209945,155.3526176958943,50,7741,0
89.80067016599232,29.9998475958663,50,8744,0
-31.20493510333603,13.81830728271595,40,1711,0
44.67310416879235,-16.386216136071596,40,2178,1
55.19970954482696,-104.65640584915685,30,2164,1
64.44418878130125,-178.66092210549868,40,7479,1
89.57309353238817,-93.05775833181795,40,5879,0
-46.53063265376379,3.500341777283462,10,9550,0
-82.73685116525405,-43.21441718648909,10,7250,0
-15.985526760974524,-18.545317919051833,20,453,0
-66.58547943078955,173.03335904305786,30,5818,0
-85.96333995083008,-53.90194655904207,10,3736,0
-25.1231711145325,-17.214141830361157,30,9855,1
51.072885193542554,-131.93440151298495,30,6144,0
11.912524420512757,-162.73521632268444,50,811,0
-33.69996194213627,99.14742525329807,30,9148,0
27.781560988689545,25.445943025912307,50,4372,0
-48.23672754441407,93.8537301758022,20,1529,0
-87.4113397070247,-126.04939240084141,20,6544,0
47.58360955855692,25.858357625768736,20,3520,0
22.273755275521637,-88.6887092371048,50,2168,0
47.214472410172796,-97.89774591599283,50,7259,0
-82.99115699622018,-175.85063494092532,20,4906,0
60.681533009517395,-133.07733951513413,50,6944,0
21.5147160065346,-68.66347986010967,40,8443,0
11.411163128275223,-137.92364618726194,40,3331,0
22.430528660615686,174.9090385479375,50,3006,0
65.59798443630554,-68.89224653137776,50,3651,0
15.64857118060327,-133.08337918716185,10,9758,0
14.571068379872278,-108.33036738193522,10,4291,1
88.32224827183785,31.573162202931535,30,3523,0
46.21143007234224,-156.94433140867613,30,4157,0
-10.38711501879565,130.47628685081648,30,5294,0
37.331460005926985,166.13988452537302,20,3765,0
-19.938515095478074,-91.17092855974289,40,4835,0
-48.80241675297018,-17.96570330729063,20,9448,0
17.433337839796696,-172.03159762938105,50,6489,0
77.07277766051126,50.65568090179974,10,7982,0
77.24511360278329,-30.98661910106801,50,5389,0
-28.457049941011743,-82.77895220343994,50,7898,0
4.981943919905096,-105.53864017802096,10,3508,0
-51.905538257424986,55.44830795715376,50,1261,0
89.21359970979903,-30.1618688283668,30,1359,0
86.60122341622844,-115.32265594923167,10,4190,1
26.91160734734052,68.07926933525665,50,5790,0
54.79453074194521,23.426021893209715,30,3081,0
38.718029031066,129.12193977461862,30,8165,0
16.768479427104275,-137.70867640446255,40,3654,0
-80.39736054199841,102.83997670000421,30,9516,0
-8.142418340521008,62.46604325421325,20,2489,0
31.461534390133895,-138.5960627418848,10,8258,0
31.955690499063238,70.13546275381945,10,1114,0
-22.837928683970954,-21.042976003261053,10,5829,0
79.5045575984455,160.1945228001035,50,3813,1
-59.87573419737942,-129.01991377755624,50,1592,1
0.06470031880090987,51.42002069366568,20,7685,0
34.3591157791481,-42.487183633339455,30,4222,0
35.484445060525665,164.453281412716,50,9992,1
26.7550122183868,-61.20903769550048,30,554,0
-40.44812157866517,166.38692741704807,30,1017,0
-61.88281763640804,144.53490639626966,50,6823,0
24.469258828807956,-82.66203528816372,50,8305,0
17.874380905098793,109.27503965751397,20,6341,0
-57.71591814793663,178.41751264926214,40,4474,1
36.9250462027014,-89.04131921833836,10,6159,0
-8.069041487941846,-22.76021904360492,50,589,0
30.196906488567528,7.265065164033482,50,1084,0
60.72607435862712,-73.82479111060884,30,1060,0
-59.44888285615383,-174.50465772742928,40,8150,1
-86.5539237605694,-100.7534720888904,50,1882,0
50.23846555124162,-78.50272163696695,40,6083,0
19.74553652747087,-20.304107525452622,10,1969,0
35.935122531981904,-118.40310777117533,30,2744,0
60.86789549795566,134.37156840900215,20,6938,0
54.505968268410086,73.76800778328099,10,4445,0
82.96562644718844,-149.3278280785217,40,5802,0
6.468314193381279,54.03328241037531,40,8175,0
-2.070786121217034,55.316331506023346,10,7730,0
-17.660304019668587,164.23962251170596,40,6002,0
-62.33561228804318,-178.91248631178195,20,6132,0
13.069301918764037,-90.74431806990941,20,1925,0
-40.137745621323816,154.00493257511357,40,3210,1
75.83535219833558,155.5682095433819,40,3870,1
14.974344769877563,79.41111097342946,20,129,0
16.71123249145983,95.6747955771144,40,9058,0
-26.113561042138194,-147.06613514532705,50,8906,0
-80.64191664401265,4.995300520164103,30,9296,0
-84.28612223286206,-96.63012313596022,50,2221,0
-13.799674052424448,-114.76150429909778,40,3109,0
-74.77823194249719,111.70918768439972,40,3919,1
19.23245199722504,-131.38627079500293,30,7839,0
68.57514101513833,-11.285410681301315,40,8315,0
68.92466697337,157.8881662509719,30,4159,0
28.62817382380183,-113.10045999647669,20,3010,0
-51.97827033487242,172.07763254576446,30,2070,0
65.33942964459698,177.94367487398125,30,9830,1
69.49681835637747,20.022175685665047,50,6755,0
-54.60235470846743,-118.74861353622315,40,4867,0
42.7366954387219,-66.20224034127757,20,8862,0
-38.42648119311787,-27.182580236447347,10,1342,1
54.47525622352734,-68.64327923103974,30,812,0
89.50282198264848,-78.97119124445432,10,9585,0
-84.5953190407093,170.0026953178887,40,2966,0
71.52585584236775,-124.78866213033157,30,9966,0
22.07349604775845,83.99804713807042,10,6253,0
85.20887144966781,-179.85229580189704,50,5687,0
-6.29828684524303,34.62576098485567,10,9651,0
62.529827502847276,149.73948142345884,50,8927,1
-78.7690676523101,-76.34372612644115,20,9501,0
-29.64977098590677,-113.2106489072211,40,7813,0
-77.93702320478221,54.60472615623371,10,6961,0
85.5617640262327,76.53650662742155,30,1397,0
57.05530330893061,67.69098682271327,40,457,0
63.45853582427469,-65.04592319230535,10,5202,0
78.83374165810096,-89.20713522264089,30,340,0
-74.68137249843863,164.1307679863359,30,6954,0
-20.592433347599993,152.3878229771746,30,1926,0
-77.21371997207962,-15.366020438584691,30,8215,0
-52.05724172099485,124.62979181557444,10,3658,0
-48.714160133218975,-17.16354805165343,20,3960,0
-5.560702011435836,-27.21995349389626,50,4547,0
-41.658809858344334,-123.56533886425393,50,4239,0
-71.823940772803,-26.49381966288978,50,237,0
-59.85160396306061,13.470097895930518,20,3834,0
-63.49039856062363,-171.8984421256729,30,2067,1
85.15382362421369,-20.11931813685369,30,6679,0
46.67265124532525,101.2882386222721,40,4949,1
84.19706374852116,64.81658029473715,50,8434,0
-10.846712428576463,48.656515991016605,50,7267,0
-39.893673300721815,147.4399542373929,30,6042,0
53.6927754976536,-173.5084764629172,50,7566,0
-31.27429475259358,20.537131029204296,30,6505,0
-36.11099273303731,103.44558542749455,30,5615,0
-48.14892140259039,14.880737772456207,30,8151,0
-66.65778391963764,-63.3976010710635,10,2119,0
-43.83664901698212,-130.94979656688798,10,6274,0
-26.042445274700214,139.52270585382888,10,7192,0
31.318957466231474,-10.525538740462927,10,2949,0
-78.73832840049872,136.1214709148525,20,1292,0
-52.10875086023827,30.906764075940593,40,2455,0
55.624255252501754,62.70916198140028,40,2606,0
-63.55405375492126,109.53401557624201,30,433,0
-28.323873625946124,57.295996056048374,50,2662,0
65.63860593446522,-36.70025735558242,10,1895,0
-62.11344399418032,4.908018214314356,40,353,0
-75.10736958872582,109.09638888331675,40,3757,1
-2.7831608855980505,-45.48589330572569,10,7602,0
-35.56448796986345,-40.27627556334105,20,9715,0
11.413505607093741,-145.55155821911958,20,3337,0
54.68488028702553,149.25039667982918,40,3431,0
-65.31327213250623,-147.22692661964098,20,1127,0
14.525835219771297,53.35530388148012,10,2266,0
0.9915768701755057,-31.24998763099283,40,569,0
-64.06581851762408,-33.977019508040755,10,7760,0
22.319727395216834,64.63866116616622,20,8005,0
-40.7447247850611,-155.84625625324367,10,6083,0
-2.1898226620777517,33.73408186251646,20,1193,0
-75.19098163012886,97.93144295004772,20,4889,0
-7.27486970154785,118.15659283917391,10,3012,0
-34.83657575229234,-118.6090598182409,20,5589,0
58.02861801336378,143.07085802814254,30,280,0
-79.74382914047371,56.2125930650792,10,9512,0
-14.65069051470061,137.4677282954458,30,4242,0
-7.482343656341159,-5.298941840328624,10,3723,0
40.50109373384137,15.132004234992728,20,4829,0
13.37176351623798,150.8537797303216,20,5359,1
30.098220694952587,143.96743560768184,40,8129,0
49.8688714173161,-18.662085587159275,40,9855,0
65.19653525847397,-81.21145261115457,30,4784,0
-33.50241058995531,-38.45864355686491,20,7954,1
6.844086965502532,-40.4048417292901,40,3732,0
61.21945411905598,-76.72792500619418,20,6073,0
88.10120357371017,-83.31134244013204,10,6517,0
70.11347598787737,129.982657132699,40,1662,0
-23.135892727612177,-154.8497085535218,30,1513,0
-54.87002690064293,63.94002555585389,40,6604,0
-1.9093432668140298,-117.78478147567718,20,1117,0
43.4954613304876,-55.977878378137234,50,3754,0
-1.337567264406434,-157.84450771145873,50,6942,0
-3.0274446035396707,-82.80949073203367,20,9049,0
60.8814757947241,96.63158560220717,10,6198,0
-24.947319767906457,138.6055168370131,40,8912,0
64.76304146609621,-100.25022531514786,50,3684,0
-16.77513582868976,-13.122777866788136,10,281,0
-30.918040977898904,-10.6833427426057,20,6929,0
-8.28181598405418,134.4871100735043,10,2767,0
47.24045256147632,94.60765903528994,20,6273,0
-67.31963498448103,4.707798612497953,40,5521,1
-54.64454114303687,61.468992169838415,10,9791,0
81.26006861935656,125.04781940737206,40,9276,0
-58.41150707135567,-176.5659765508038,10,2464,0
12.190917227589823,-34.9595888219825,20,5616,1
14.276603999148815,146.60754021974833,20,3405,0
-1.8675968309559376,86.5126911038225,10,2315,1
26.054144743827344,15.422894760266871,20,225,0
-48.631189356428685,10.672029732648035,30,2720,0
9.479208199814677,-54.8027648624024,30,4315,0
-23.008814055558513,7.387392110945226,40,1551,0
29.100106733254027,55.93795180684317,30,9300,0
-64.5797621928331,-29.389306165634494,30,9505,0
12.757935031105722,77.09513270118264,50,5647,0
-56.65133603100173,130.04360181373892,50,6803,1
-39.84424863929345,-124.31345465344998,50,7469,0
-50.63223594175502,-17.443071785727206,50,3230,1
-57.08919962361292,-33.1127671373708,20,796,0
58.62797128092006,67.48732945790212,40,2370,0
-38.57263782103974,-90.04771250714543,40,9807,0
76.88228073560087,50.49032938281945,30,9326,0
84.58677456213435,135.89612702333568,40,9827,0
12.82688458867752,-29.472624074295833,30,9105,0
-64.25979792016925,147.9656519925192,40,8601,0
-22.581316191675374,177.53894601605222,10,9303,0
53.59180740267852,-141.80686201873726,10,9310,0
-23.869668834527317,-96.10085232545089,40,3511,0
-74.33690070549802,162.13671053355355,20,3818,0
10.221283967073829,164.99796713329923,30,6817,1
62.12175326928626,-144.82538086076693,40,5020,0
53.26674968583043,-174.6005398642308,30,2144,1
-58.47783477653642,-122.003991627688,50,1216,0
31.09763059424401,178.5646020176094,40,1256,0
-50.30923258158352,-115.20013802015274,20,1088,0
-50.722643780609,0.9171384199283317,50,5687,0
67.33291919493333,125.43038151498398,40,1928,0
-45.05958850675857,-172.6554201522457,10,7972,0
-42.615477626757986,37.61603361304542,40,6188,0
-89.88238966296608,-80.27083840693524,10,2445,1
66.72042614259318,130.44056991830337,10,9376,0
52.66706637764425,-77.9539862649315,40,3105,0
22.919208316322038,67.2320593014872,40,4535,0
45.047837508991606,62.71906768106289,10,6728,0
-62.63125786359148,-100.26232241052959,30,176,0
-7.501752974236422,-167.47228804739396,50,5852,0
-26.78051027721944,-32.67015343725698,20,2662,0
-73.12022527373703,-75.8904652922869,40,1672,0
-2.4965126613136657,111.2319898609351,50,7187,0
75.73313706167437,108.13110784392431,50,6070,1
-82.789358570875,-15.471377210654826,30,8052,1
-37.5370355711171,38.34440111635881,50,6709,0
-52.64263148297338,37.53342575529307,40,8156,0
-47.13360234017466,117.77693343394441,50,3211,0
73.51821933828755,-26.999130915648898,40,2837,0
-5.747570237827777,-80.83919527541673,40,9644,0
-6.0661056708326155,-84.5874294694029,10,5504,0
46.903615641950815,13.029220541593492,30,9238,1
-62.19140327911335,-18.306647016403478,20,4749,0
-2.2922362619908587,-21.556522445422974,10,3968,0
-12.60266145820925,-147.1905579277054,20,3237,0
17.4439242983981,78.69734664847041,40,7924,0
89.92038658507894,-103.05479232651214,10,6236,1
48.50080093476848,-109.09669312486031,50,7899,0
-18.384173456863106,-31.40700470013836,50,3586,0
58.95954940932845,-97.99979701759149,20,1102,0
-59.272494603753564,30.188976230885537,40,9111,0
-84.51653646438717,-46.27319783959025,20,8714,0
-53.19929295643085,-18.391779866595563,30,8863,0
-28.72591989943326,13.380955777450389,50,8006,0
1.9045363427207795,-106.72721190655025,10,5459,0
20.723245297415968,-123.92941576840927,10,4630,0
73.90902909859591,136.9518850344977,10,9715,0
1.7737217190823817,-23.859466980688428,50,1733,1
0.22961603263128794,-31.646300532285903,40,6769,1
-80.95625823186322,-167.17962590177706,50,1853,0
-83.71592052187971,-0.7285310685384383,50,8759,1
9.208793144946972,19.501099779960033,10,6453,0
-11.12784961529799,21.18271354367994,50,9998,0
61.05247109645375,74.53122095623837,10,8364,0
-61.07767475186787,-116.10653940323576,40,246,0
-85.50510081893107,-89.19967167697723,30,7607,1
-9.173021772577343,111.86296748294858,10,416,0
-47.25385978459365,160.98142206362184,20,8897,0
-81.06941279900926,-131.06421094776456,30,8866,0
40.42769163257321,-0.84616037812145,40,1277,1
-69.91326000769546,-102.89654901374874,30,3522,0
19.497510001398904,-158.37365939220632,10,2694,1
-39.41104496995995,-62.81879827459125,40,8603,0
-58.77071093609604,-128.2724549336834,20,864,0
-21.644725874522855,75.57590643632867,10,7936,0
54.26023972013166,12.141148921719997,10,6377,0
-19.423156157176916,-128.21959044348807,40,535,0
45.138536857990026,-176.67302817401483,40,3451,0
-67.41246657615288,110.93653764871658,30,3030,0
49.09885553971424,-116.5700137808709,20,234,0
-47.35200151680324,38.23799119947576,30,4718,0
31.930763379997103,-58.7081112923716,30,9095,0
11.840679871379344,30.774937793412814,10,2466,0
77.24604909810373,-66.36469428636335,40,9768,0
-20.281946764443475,-148.7017581507885,10,3515,0
-78.09026600980071,-99.73799691920871,20,1106,1
-86.55201260077448,-112.29891606753279,30,8008,0
58.834540975095564,-25.91303312172822,20,9284,0
4.45241477905779,56.98216203341664,40,4791,0
49.543929330290865,-85.02981301931128,40,7769,0
-47.803391997927356,-175.65482329177755,50,7929,0
-27.88492580761793,6.817451135312482,20,1996,0
-84.5813030019626,38.073416169229944,10,3165,0
83.06861842334018,166.6333778406515,20,2848,0
30.216223206146417,32.209489113568864,30,6792,0
77.97691579667512,-10.377878623868938,40,2761,0
-42.21064666276698,26.42458532317338,40,3078,0
20.06345002061895,154.04422675032973,20,7049,0
32.12999429267481,118.21613241659264,20,6475,1
-32.84105395363408,-63.72765598902912,20,6559,0
62.659662302813416,-94.58842908343058,30,6207,0
80.48906332204461,-85.45189954821349,30,6601,0
69.27392118528078,1.5915742974766856,10,2761,1
43.03205566908706,87.857802442288,20,6265,0
-40.05635764950827,1.158914585866353,10,8310,0
-39.30911242098629,-155.59329750187948,50,3458,0
83.40485768028682,80.48905215839312,30,375,0
-88.14879073157543,110.14924632154339,40,4178,0
38.888995183586005,-75.78076855690092,50,4854,0
37.12430925994719,59.08526614200614,40,4798,0
22.08411737096354,-26.426915620418384,50,464,0
88.21959229563583,140.08296806187943,10,894,0
-33.86170156252946,124.28120093786634,10,6895,0
-28.805064517215328,9.155519391471216,30,5970,0
-75.79090746962,68.941996492894,40,689,0
-10.296335422127258,138.00589236795744,50,4394,0
-43.01126527772735,-1.5418763718208162,20,4413,0
-28.19039360802404,-67.22973342402409,20,9032,1
60.22292224601298,91.31980964744925,30,4845,0
78.38721243494923,-100.77614827751096,40,7477,0
-56.568047039066585,-40.128786717824866,20,8961,0
-22.948392320376144,131.66180535844572,30,1537,0
77.15350118077093,80.79204249695343,30,9147,0
-78.87447707593992,-34.62803811090027,40,4133,0
-73.37510493995187,-102.69197913299134,20,1993,0
-60.69762194287871,-51.85137930039485,20,7619,0
17.138310142837454,-77.72250627812413,20,9478,1
-62.914991218920456,-116.60785634021259,10,1942,1
84.25374866113202,87.5998488836364,20,6344,0
-9.591385093466338,-89.25484073393825,50,426,0
0.27323286302994854,-16.499710739605025,10,2500,0
-45.601449155026835,-41.09059913900074,10,8206,0
-5.227154561747971,173.5478563088271,10,4378,0
29.144453874662076,-39.20679210664061,10,4650,0
45.21188465172769,-151.20630619316827,30,7600,0
45.69625488778434,-147.66272907404976,50,4115,0
14.0204002849359,32.671339687103334,40,5552,0
72.7847594988943,35.77087862577562,20,4406,1
57.133412515099685,-29.24676342624421,10,8342,0
46.268660645752576,-24.536270767669315,40,9760,0
-79.99100609751709,-160.58427017728636,30,7926,0
-88.76196680046313,5.956743740134409,40,9301,1
-51.759490104814866,1.7062111369266075,10,6883,0
29.43424690442141,-126.16224531949997,50,3657,0
-15.984452001141754,-142.61782100006607,40,9366,1
-17.56687332612389,-135.51390338418344,10,253,0
69.22563988133047,-143.62983126314694,10,8873,0
71.20131266373097,39.49495039323353,20,887,0
73.65154752964543,-109.2662451349493,20,4986,0
-33.501946227295086,-89.48514521251316,50,3481,0
34.390046293067115,-117.5140281054817,20,7666,0
-41.10602737061347,164.8207096014611,50,6377,0
-55.69023004659904,127.66228673466074,30,2367,0
-56.766157677473544,-97.02185855345249,30,4358,0
-28.420628244553075,-62.076134188034644,20,1070,0
-12.60762843963209,-104.43857677020102,30,8939,0
59.570850789912306,-2.924654594103453,40,1045,1
-68.41960317491183,-172.9402083092687,40,5718,0
42.286652531080954,61.692483202846454,40,8291,0
5.6618845540749625,8.33693393435099,30,1595,0
-38.169838318321354,143.51001418839718,40,2147,0
-1.292474784091573,-120.81863364177092,50,9464,0
-36.01042744013592,109.4793285820074,10,2986,0
17.294751942895076,105.10596520801766,20,5288,0
-11.908093886056044,-134.2147718819207,50,4258,0
-60.40700476580183,-36.518679308114066,40,9024,0
-69.0150465799746,-118.74504918797392,10,3561,0
8.405222772983427,-88.30061983528239,20,6833,0
72.43434599149862,-85.23137706100403,50,1757,0
-28.0876164196166,20.245101849278186,20,5143,0
41.94001930007218,-31.89206456623242,30,6460,0
28.559043889158055,161.18380944226993,40,578,1
77.67988457570658,-134.50674889907816,50,9429,1
57.776583113845355,170.52916854607156,50,4053,0
11.988946602983336,-96.97008952286498,10,9268,1
28.265489682139314,98.23461709746711,10,8528,0
71.70956398512628,-57.970826577784294,10,4143,0
-18.086618774351738,-128.490697649767,20,697,0
-31.176952945600075,128.84010668864636,40,9994,1
-88.05400494566466,-68.81007627487324,20,8456,1
58.77919335446356,57.18794552166319,40,2424,0
54.17652607260568,23.919726631185565,50,7399,0
-71.19818674197275,-10.167728619285246,20,669,0
13.834328603886043,-1.504989846525926,20,3428,0
-6.48329432996027,83.60564907322352,20,240,0
-68.63236280835994,-148.4017509155614,30,8977,0
86.50228087093024,60.54503830484585,40,8978,0
-51.354740256596024,142.49235650348834,40,3380,0
-77.89784758369899,-159.1962490728489,20,2863,0
17.072528310343724,-129.36479787588,30,3690,0
42.99600188394588,77.9874972127313,20,2138,0
-84.16017971150634,-22.578606631937674,40,1174,0
28.56917497086399,-34.72249650707219,50,5722,0
5.812537671261799,-130.6920115640751,30,2325,0
-71.41229840249129,2.43721465840371,30,7623,0
-58.94570214965483,-134.4436879693042,20,9633,0
12.235373516894493,-8.416635728205456,50,9981,1
-36.655629567608095,94.9015076261964,40,463,0
78.89683115723689,-87.02483116062113,10,9359,0
57.37324130712914,-6.916979455298171,40,2130,0
87.04209717245935,177.12574898286084,40,6785,0
-43.259248988925485,67.19415240745342,50,6565,1
84.55025390363586,122.8884376698715,30,6891,0
-12.377903437519585,-30.654861638203528,40,6257,0
-27.44661684352417,96.4299323253079,30,717,0
-80.93708514551642,-165.41669774112415,50,5537,0
-80.50225358527153,-135.7519742847918,50,2082,1
34.56202607039784,-106.89458654877764,20,5810,0
-7.5727810018749775,-35.29730713852096,10,293,0
-49.226107313500975,124.46815619727474,50,8264,1
20.514655138541876,-55.344221716345025,50,4558,0
-44.48553871497999,55.66362966556664,30,1219,0
13.973715781996068,75.35314612925403,50,7011,0
-25.342425543115738,31.025647471802905,40,6640,0
58.239400790127426,-51.39289145875097,20,626,1
57.72530893802028,27.73920301687594,20,7254,0
-4.076928337967763,-56.78438659569136,40,4979,1
-26.852560319697194,-149.80545412127566,50,5945,0
-24.739236619362984,177.40943214696517,10,8071,0
55.02861462027922,-134.21431669229608,50,2773,0
-30.92769309642984,-153.95458181901935,20,7860,0
-52.36931273276772,136.27106971457613,10,7297,0
-74.75609846244477,-71.33952207855775,30,5201,0
-5.995238240806488,54.10691066646274,30,3626,0
-3.216222194428462,-61.55793732159617,50,3949,0
61.36356787252329,-39.076462513990386,50,1734,0
-50.17703463970848,-85.63933007395326,10,193,1
-21.421570739688015,-56.50415791451633,10,3466,1
55.51303300086437,-32.14785578884448,50,7816,0
58.25224993481523,79.34978487324345,20,3046,1
-20.770006323821725,4.153029924525047,30,188,0
-7.357675808397439,159.6834781765117,10,2650,0
-35.408539647129075,-164.9230582180408,20,6237,1
77.85987811547616,1.1045961475301391,50,6457,0
-68.64412216651554,30.320923979418527,40,1545,1
78.0748961402646,151.2709149867386,10,4721,0
33.09596133036178,-162.30293149628608,40,6435,0
5.6829874836116145,26.459850576677766,20,1930,0
-84.12136905879075,127.30677427006454,30,6885,0
-4.392685472038506,-92.90601787707483,20,7491,0
-16.605341099508188,135.46524546861747,30,654,0
-60.98061384447794,-173.14437266125495,20,2534,0
28.153728630118245,83.6836664881427,10,8972,1
84.80716332629144,155.9207596207151,10,7019,1
11.193985991614522,56.5911581904224,40,5693,0
38.65558975991025,-21.949472167038735,20,9923,0
-77.67891853811697,-163.84283406982152,20,302,0
-14.819940752940948,151.24097279614637,40,7253,0
-69.05547267039074,-10.693359831033078,50,4642,1
20.303250396571872,-169.5611720390587,20,8110,0
78.92678847854782,68.33558567835429,20,9978,0
29.119991844894933,-6.538588712547058,20,928,1
-76.17545130340413,-135.23568572073214,50,7270,1
-26.16008310268509,-102.86214864830656,10,2122,0
9.119408299353275,-156.78335503589534,40,8394,0
-17.4226038960146,26.74567429508648,50,9849,0
60.05592188553102,43.93061253072333,30,4311,0
56.640780847798055,2.067227407959975,30,5054,0
20.129583618579858,114.15676788094137,50,4187,0
-22.777569876113056,129.96317567088488,50,8395,0
-44.039452722616055,41.624782805925584,10,6885,0
-70.94262272163672,-175.407667305325,30,9098,0
-26.118416972420274,70.28267606918483,40,7266,0
-15.628946902610485,-29.520281908673432,20,4755,0
31.64812651873325,23.600693961499317,20,2174,0
28.468768373563226,53.66901672679838,10,8818,0
-77.38053486457375,-53.914818842252366,10,7018,0
-18.8533232223916,150.15546186184594,30,3536,0
-57.27980390087485,-131.76904797007876,40,5148,1
-61.773713042974975,61.74425062117348,40,8589,0
58.91438695270426,-178.43055121563106,50,4972,0
-82.45526099107364,152.8743979458651,10,460,0
-14.54708233761816,-139.49851203428707,20,4699,1
-59.72334196202672,-145.84167714687314,20,6831,0
68.27943882212533,-60.11725210119208,30,2177,0
10.267292389506322,-45.51613702593099,20,2273,0
-48.35148545216735,-102.8519739637637,40,4791,0
0.4369116899477543,30.64379793376489,40,9881,0
41.66754474656085,-20.550924704893113,10,1489,0
82.46124160549807,-167.69678794520854,30,8062,0
-50.31971923582459,-64.92525758809177,20,6071,0
69.51271898328213,111.75584888634137,10,3614,0
78.17474055014824,68.29255255027269,50,8554,0
74.95569801577192,80.95350728875697,50,3019,0
24.37458423514377,71.32209267006847,20,101,0
23.367717798247384,-68.04971230210802,20,2033,0
-17.4220860269119,-144.12098805236067,20,493,0
45.43161881468182,-81.91181374808544,40,8597,0
5.632923303167747,119.44270806665735,20,629,1
31.938852821093004,172.9694872019056,50,4723,0
-12.877577307216818,-2.2150746930379173,20,9256,0
41.66936352776503,-176.5078722277048,30,8962,0
58.40487316881883,-129.58386763167755,50,4168,0
-63.6414738114931,-64.05099288614433,30,7607,0
59.92734880336104,28.290725493461906,50,6595,0
7.253375722255302,-152.96628751008697,10,7053,0
62.039863636240376,159.6086275355574,50,5153,1
-12.36569285861737,-48.56987761761574,50,2772,0
-21.772712631053693,148.53031845293629,30,1813,0
74.71093185310004,100.98784899252783,30,4144,0
-44.78953184128777,91.95741810560921,50,735,0
61.95821855150576,38.419048721603524,50,5234,0
-2.87629694830726,45.64217413866406,40,6719,0
2.5371796592267493,49.681164677849324,10,9409,0
-34.47570933189288,46.33969932920956,10,7545,1
13.147596111422821,19.34216330341005,20,6702,0
-31.461984670281964,175.10904665384,50,137,0
-82.93150543650259,83.6246042732506,50,9924,0
-41.04025103801591,99.70069982130762,50,3875,0
-88.85177218681368,134.0866134301227,50,4185,0
86.1038616702342,-102.3696854186943,10,8810,0
83.83449776755455,-149.83050272577813,30,5220,0
-18.872046454985092,-6.158002824504485,40,6844,0
41.10675378113628,5.069050422938339,30,1141,0
-27.754902286123503,118.50544078197038,30,4815,1
30.79676827547569,-20.23791145835915,10,1494,0
54.977407748276235,25.50708919595258,40,2969,0
80.41612404460334,9.745537864844994,50,3776,1
-17.96179034705904,-166.24699784733923,10,3821,0
50.993636932088585,41.47736277488903,10,5790,0
-42.13287888621862,118.09558287873081,40,5918,0
88.2598146828567,-123.29980269271063,20,334,1
-85.3614722224168,33.95942421357448,10,3240,0
18.635185170201773,33.69979600070917,30,8738,1
28.71107669723888,-120.89341293971086,30,8299,0
33.848200273343195,-135.55311345693502,50,1099,0
-68.33023581796398,172.81869947153453,10,1434,0
78.93536102516347,-38.261098924906484,50,8425,0
-57.387009770985095,-98.12817765952946,10,8347,0
22.095612583171395,-118.32316399642502,40,5188,0
-49.918305757844706,60.33661688996462,10,5579,0
-34.701044936171236,39.40030703782037,20,6190,0
8.362537511062385,51.67876427547029,30,1211,0
-14.905184658376234,-148.31783009587718,40,9815,0
-61.15939182422887,141.6724500594373,30,8435,0
-59.23144756424731,-39.864097148742616,50,3016,0
-14.733938130696062,-67.18701368507115,40,6899,1
46.31093608959013,-13.549878990813887,20,2203,0
71.63363643260193,-39.576216330853825,30,8911,0
-74.8570207933111,130.8877211300925,10,5225,0
-19.24129663930781,154.53395107124115,10,6690,0
-71.9557985298822,-70.75684207814176,10,9700,0
-87.01335348613239,131.01689068558372,40,3021,0
29.10936287591219,101.34832663190417,20,4834,0
18.4408995539858,155.09076204411426,20,3473,1
-60.65655951332048,-91.52988761308038,20,6854,0
-47.91369004324846,27.705294043552474,30,936,0
-85.7326043439867,-81.16394949343993,40,9877,0
60.29049702499267,116.67401657437472,10,9128,0
85.44430728873927,-178.08329139441688,30,6807,0
-65.61728337695565,23.334898639102597,20,5412,0
-48.334461522246336,-57.88676474210953,10,9689,0
66.31371431044813,-63.833865451984714,40,3922,1
76.76348363211326,52.166276591370114,50,6253,0
-14.46707109477414,126.53440175303781,20,904,0
-80.88795499156666,39.31034090159744,20,1175,0
-82.9094699352925,127.1422723128201,20,9705,0
13.31097589242188,-84.7450397228292,20,4552,0
-19.278880399227777,7.020667715393203,10,1763,0
-84.84256303602218,-17.806845935852632,40,7528,0
14.985430616260217,-175.80783617888537,30,2153,0
-87.96554341397595,20.452371530666444,10,2520,0
51.726952466869136,58.14875669262297,40,2628,0
-34.84209191339312,33.08918559086522,30,4417,1
-82.75355945833822,85.06076356203174,20,8077,0
15.903399776967596,25.68223024310776,40,8806,0
-18.416805402050155,-155.9699082537275,20,7327,0
85.28407440428691,-138.07961132950388,40,8512,0
7.955759250666395,34.730847915822864,50,327,0
-40.45694741333851,-81.00749088948953,20,2437,0
37.698995634115455,-151.3277535474843,20,1055,0
-41.13143954231196,-25.343012358523165,20,1597,0
72.76379245336172,19.55613531011593,10,9572,0
-22.550045308672242,-61.65144419414164,30,2078,0
8.976341299716939,79.35613280128007,20,1629,0
-80.89684131163881,51.757418916448074,20,2762,0
-13.29817716859846,-60.1853900069981,10,6533,0
59.8254371389791,91.75411040708181,10,7545,0
55.01678496540155,53.53021531189276,50,4384,0
-49.62265940636527,49.48033633844475,40,9209,0
-49.305767218098715,19.233972283344496,20,1301,0
57.114956198382615,-175.89971948812098,40,7231,1
77.47171563047858,70.74258605168008,10,9913,0
-72.83503417085936,-44.62495520070367,10,859,0
-8.989444903279454,159.339495657116,50,5673,0
-29.258229786438786,114.47451758779393,30,5261,0
66.72392198233908,31.5700090312724,10,4389,0
-74.96551535759662,-89.21448654506301,20,5546,0
-51.997330339553265,-106.66173842004002,50,9780,0
45.44430076556898,-57.46145843608232,30,4358,1
-80.7671071833812,-8.43554031119333,50,4471,0
-1.343631471427933,-73.41641638597905,10,1765,0
-10.420733757650398,5.374618341293802,30,7018,0
-29.80778778202524,-120.46664681525307,40,6723,0
-18.976983242593718,171.97661261717997,30,8751,0
5.389305647441929,-141.14716021260222,20,7532,0
-60.953875490091036,155.49989027557393,40,6782,0
12.9592580910467,148.88808410497018,40,6328,1
54.97781927399754,9.129773455019286,20,5927,1
46.828967362228624,80.96769786099037,40,5535,0
-62.29801715512074,-23.022612729868385,10,7736,0
-63.1350954465347,46.81244791527775,30,1465,0
-41.7286138059156,-57.392662528397274,30,7444,0
-25.0065492586133,-71.58275287723967,20,3301,0
-16.477995346473133,28.162723021024934,10,4852,1
32.34549903000215,-0.6733172937670728,40,9675,0
-79.79752221014962,28.633092893993187,30,6191,0
-83.75891323930804,-76.80219073667172,30,6714,1
-19.456098670096374,-47.89518054588171,30,1621,1
35.48946458483648,-149.79673417359265,30,7621,0
-55.18163826783314,-161.18050598200594,50,6659,0
25.470806626125306,-88.75543331771415,20,1723,0
-43.23093517074609,-153.27113064100354,40,8973,0
69.49549958643294,-142.64110489149334,40,3234,0
71.22418996799098,112.65422594181734,20,5920,0
-36.48830322936123,-166.00546907399186,10,5094,1
-48.60112428661671,57.21940581650739,20,4796,0
-15.965285028078373,-81.87921042645581,30,1967,0
-46.70431466757323,133.7564450549255,30,9491,0
31.029091792506655,-5.402777552100164,20,2923,0
58.6916432186914,-69.99247464198274,20,6206,1
31.15658356401906,6.350016848196431,40,268,0
58.383080504882905,-42.49511314370322,40,7887,0
-18.541410802654656,23.148383281138877,50,8730,0
-61.86294527240504,-138.76816740251462,50,5009,0
42.831170531566585,178.91658101251838,30,8127,1
-25.114589074520303,-26.799884029181683,50,4781,0
30.82874854124385,-54.636969705347276,50,9155,0
-41.28409044328218,75.67554539385536,10,5237,0
-75.37866573479891,-48.99621366168031,20,8431,1
88.6647231877974,119.97874981035275,40,5334,0
-61.88372857249213,-16.462539230246907,50,324,0
87.91577891342659,79.04102877555657,40,8849,0
85.91038786196052,-141.31684208092085,50,6682,0
52.88725870344714,124.60290679984024,50,1673,0
28.696133174759563,84.85847524011955,30,8677,0
14.005269045195245,-103.78195975369235,10,8812,1
65.89827816801024,-127.69703649151681,20,6863,0
-37.90088610849217,-66.13475445877522,20,5317,0
-5.817381752722133,171.38541097148556,30,3242,0
21.490194485970346,-87.5406331558589,30,3601,0
-15.985714343491605,-15.79420477921202,20,1599,0
-13.052438263751764,-169.19271874175894,20,9769,0
-30.54875984962481,-36.99808935615629,10,9195,0
11.561727003216486,25.675205555916985,50,9923,0
63.10341504272088,163.12486050286742,10,6787,0
-53.72489195886369,6.024976178423191,20,5345,0
78.19794697561946,114.8786374239676,50,9462,0
34.03577767468134,16.9659513248042,20,1844,0
58.18917828240543,-165.3173951632135,10,2139,1
10.114324673402095,-66.59702093168134,10,8411,0
50.31300625633143,27.19782281919717,10,3957,0
-87.0839284788959,162.21382773520475,50,9967,0
57.308476460316335,129.286929510444,40,9612,0
-82.77500536463403,-97.79197889561485,40,5050,0
70.18440774531526,-100.76046119310114,20,9307,0
88.5532945029558,-107.57773183899573,50,7187,0
-37.06785680818,152.09960266890113,30,6131,0
-52.14265986855714,126.95981511661944,40,1843,0
47.76540549444733,98.95803561106155,50,3641,0
-44.45525863435442,-38.61535887927807,50,9738,0
65.80122897099662,1.5770535475560488,40,3716,0
-71.4883334116542,-12.840571873744985,50,3994,0
-67.32806465171551,-88.77668127862584,50,1824,0
86.2472799181108,1.8100966135561025,40,6327,0
31.291001688600836,-169.0212427730084,10,4162,0
62.4397003972115,-132.5482655409147,20,7947,0
-31.620712076726758,139.1722546208207,30,4381,0
31.767074913708797,90.60471613131237,20,8363,0
16.963528915547496,-27.767372738728653,10,2300,1
18.56702162213046,6.174130422195803,10,2243,0
32.85584271678988,-46.80040105440813,50,3281,0
13.564651163237741,86.68075217784208,20,9773,0
-12.76877352552013,102.30738452354865,10,2975,0
-40.33391501150157,94.78266847313728,20,6620,0
48.344639564376365,80.14022094040185,10,1196,0
-49.27096259942648,-106.3784380705935,30,9015,0
34.62377510779455,-58.33080747342764,10,7018,0
-48.000091923121204,-10.855643405877027,20,8248,0
22.5594305918017,-60.91452308604398,50,3314,0
44.474088083225205,91.77847205699842,20,7849,0
-50.631499996822946,-61.43273127001632,40,5664,0
-79.2102058449645,-130.23644875727862,20,2971,0
-66.42472626104866,-36.34543726261053,30,4589,1
19.079454108784585,172.7691958016569,30,4707,0
62.900353120632396,-98.68269134391268,30,6864,0
-81.90057217762362,40.377117219562464,10,5934,0
42.14722662749632,-24.12970205770573,30,3499,1
-28.56264372899062,-154.43115564624242,20,5478,0
-3.864893414485946,-4.364421840698585,50,1957,1
77.19471897220181,72.77915831339249,30,7704,0
-30.245129147547814,4.759191298014751,20,7831,0
-6.239351890892511,133.95818294876918,10,2496,0
-87.5371653430774,-75.98267400327025,10,2361,0
-75.31223039912909,-148.95029833057262,50,1412,0
-43.453513595738876,157.1636201968822,50,2405,0
-84.9865966522066,-43.84931416984116,20,5607,0
23.647558688685177,27.505998523308012,50,2841,0
-13.248295775707945,105.12112540687055,50,3436,1
8.666136491043964,-63.24708100479099,10,7580,0
-58.56350653866068,77.81923374394002,20,5259,0
-36.7322347014091,-131.2492140655819,50,1097,0
29.48840547349052,-75.1342510060181,20,6453,0
83.75449025347197,-127.90417099085283,30,2419,0
-80.92498075160235,112.04300102448882,10,3307,0
70.2691777539479,-99.84627531835727,10,8890,0
13.838616236017522,78.2652799458757,10,9375,1
11.505522016012268,159.5874230084349,40,3681,0
0.050136337396859965,9.997995264795723,20,3186,0
-77.50906453724699,14.410509213847567,30,7266,0
-73.82216668749108,-14.027915484787666,50,821,0
18.164161018635497,-62.67954837828861,30,1254,0
-28.627457141599507,-8.764188867029837,20,7267,0
75.10825198398253,37.01071161603339,10,116,0
-16.813703275294994,174.95696598143738,40,7197,0
-64.20933743352461,157.59524135456073,20,9283,0
38.64939003036648,130.37506498552384,20,2332,0
-37.19638414061823,140.086992853749,50,1546,1
4.584655324060771,-11.574294014864538,30,9757,0
35.6099013909306,56.67995778388733,30,5874,1
72.04754001637266,142.2240202570371,50,3183,0
52.5944150643017,-38.5377246031129,40,9835,1
31.74499221709034,166.23449220436876,10,8371,0
32.33397283112585,-30.31701765509412,10,7052,0
80.26643592577558,36.38975954155763,40,7941,0
-36.75166245062351,75.5296967780539,50,9563,0
-89.79982304468626,162.21312470733778,20,9856,0
-41.04817930832424,-91.93814134118422,30,5491,0
-50.779551667186084,88.60715216591122,20,9301,0
29.13022532051967,7.493611011869588,30,9064,0
24.06808795779523,-83.31942937656922,20,8014,1
16.823048886850287,99.5784623267006,50,582,0
-87.07618022229833,18.80002086258476,50,5781,0
41.180049801116546,57.95057543388329,40,7537,0
-31.764525752611526,-63.75561531195564,20,9873,0
29.7100780211936,-6.741377342062194,20,9397,0
10.1841171303876,42.24753035570414,40,5303,0
-28.30843342297671,-34.23210686285616,40,3461,0
-65.7762719212606,-108.58588565482752,50,6047,0
-73.00459842111343,166.19057723350946,50,9133,1
59.67329996020024,4.128314415342267,20,3634,0
75.31155757468044,84.21133330357219,50,1972,0
26.961848417573925,-32.02301031981908,50,7358,0
-71.381859325113,-52.15256495074212,20,6082,0
-17.63510096011667,-33.420852551835004,40,3605,0
41.2090560189283,-32.68920823716607,20,3420,1
50.367759121812256,15.904841739103293,10,2828,0
-68.72064798760405,15.649153193290735,20,1054,0
-89.99447060783116,-1.024626282166201,10,1695,0
38.1846682585089,-131.47711742972228,20,2388,1
-25.812688322482988,-1.412827739808793,10,6945,0
-44.19336030871315,-119.12259584856547,10,7763,0
-87.67845543788542,-134.59111693352455,20,7036,0
7.253893217069942,155.75245824282038,50,843,0
63.20713237667671,37.78200473317353,30,1594,0
82.37369632906582,57.41642092485034,50,6706,0
11.834091110392059,-35.354278679989044,10,7044,0
2.6030389931809506,147.2331210893511,20,7308,0
-74.6898506119366,49.65497624867957,20,307,0
8.797104277667957,96.90115302849148,20,1183,1
-21.60376578622897,-47.31751115002302,20,2512,0
19.284350559043848,165.60427709488516,30,3411,0
-20.029257382221594,115.36606445699341,40,6851,0
-46.746157778933984,127.42144668523571,10,8057,0
-72.90625045889223,-118.01006372672846,30,8688,1
-33.31467997399877,-82.45324516636097,50,308,0
-72.60392982820458,-77.17442411391225,40,7648,0
-58.158548851682895,-82.47267963112638,40,8724,0
87.72050854431826,127.94693835754366,20,2756,0
-10.061359756808647,-168.52147372490685,30,5950,0
5.736917970902979,-152.60400396692125,50,2536,0
67.25133517269876,-81.39064657323466,20,5493,0
89.20240208832381,-108.04572912620029,20,233,0
14.888600882042676,-96.53053900217459,10,7333,0
56.2452877879509,107.259548131188,40,738,1
-31.15061561939845,22.725573801136882,50,1328,0
-34.9660876594876,-177.92256193453153,40,4119,0
-17.513330220979164,-25.44380434648971,30,9582,0
31.051307281256843,-33.161426333870786,10,2296,0
32.79450406591778,-138.97970299996433,20,9995,0
-33.25690176309885,63.41104389652457,10,1075,0
-66.02221365540683,72.75498781661679,20,6221,0
23.83132616379154,79.52155885875517,10,1128,0
-66.9013448060224,82.24954040109313,20,625,0
14.128651481279412,-179.98098230437316,40,2427,0
34.815983050135614,163.41148938482,40,2646,0
36.11006935100129,113.1151561396787,40,935,0
45.62497991872741,145.4334107721427,40,2583,0
67.11469588181961,-174.36841368932372,10,2834,1
-0.0073814463380816875,156.18916648286617,20,9830,1
41.44485411532281,111.52387032771769,40,7404,0
21.45109236585061,121.3988914651315,10,4149,0
-56.40481083641714,-146.41654150009134,20,9595,0
-85.37586392350653,85.96009041069516,10,8423,0
-38.78255057815192,165.57000827115274,40,492,0
-10.253932859228508,64.27704291053783,30,2566,0
21.079069997158133,25.40210566485833,10,1325,0
62.99267949057697,160.42668398963892,40,2805,0
-54.675770992890186,-20.54263617560304,50,561,0
-67.40103781827412,35.74568387177233,20,4085,0
83.42639054537895,-8.518214342028173,40,251,0
-70.55197931224671,155.8246396897077,50,1885,0
-3.8716073807059503,-152.6094983644174,10,6342,1
15.401471182794337,0.4030922971253448,10,8245,0
7.4473957633388865,67.3028788987578,50,6456,0
-74.51421173407023,105.08635383200529,50,7410,0
-79.73515547934852,29.886713079889084,20,6945,0
-71.01298305701359,147.21038788372343,10,3560,0
15.405783097070252,159.1169208781938,50,1936,1
7.982079774177797,-156.84507965030994,30,9689,0
-47.92665743338603,-35.14660576510523,30,9367,1
24.79934553220648,-171.5547521803844,50,5843,0
57.61215037001689,-61.41000334520055,20,6378,0
-82.51578722761312,13.272558469416769,10,1593,0
-0.33661016135236643,147.88617498358158,30,9427,0
34.07587417848425,124.75955608754502,50,1648,0
-44.58385312745632,-134.10009839808515,50,9076,0
-34.60123704723316,-146.50906509327754,40,5263,0
20.454822538089086,32.136241952400134,50,9712,0
71.62835281987265,11.562470085161763,20,5804,0
55.78639565452188,-84.10404908519142,30,6504,0
14.963439437925032,143.80311043938067,40,6788,1
41.43990919630485,153.85190740615926,30,3751,0
-24.33195536259624,-35.05988219754144,30,2163,0
25.37379505777639,140.5089205608673,20,2120,0
-6.087313597039746,-41.77839806532985,50,4857,0
-55.81149543763904,85.25405945869205,20,6023,1
36.312889297906295,-8.660801682819308,50,7453,0
10.163634722787961,-135.87006365741414,40,9242,0
-25.44811524835355,154.05631244532776,20,8316,0
74.04105421415353,-16.52522638408682,20,8309,0
-86.23185879118802,84.41533451606531,10,669,1
-33.16083277509072,-47.81742680473482,20,5212,0
-79.76134840002362,-173.20288371255552,10,1455,0
47.97491691989289,-143.80907087093908,50,8156,0
36.37934174048267,-1.3609873836272168,50,9884,0
-30.35660062746293,68.38716856549046,50,930,0
31.619322397273145,-59.495282431459536,10,5231,0
-18.73129928472903,70.37584530395412,50,5502,0
46.12568245603818,71.50881219550416,30,9163,0
-8.246940707392907,73.4169266380191,20,934,0
-15.7896489903002,-2.6921325526169726,10,5052,0
78.25138478789418,149.35901404374144,50,1069,1
-44.84176201967396,-3.889253526978389,30,692,0
-68.31947880061823,-17.904530341210254,20,354,1
15.217760386702473,-108.22290515617428,20,2761,0
84.47792621115221,-69.24416855171886,50,8894,0
-21.988941529106402,-164.7595826934108,30,9357,0
-78.83338254681932,48.07270570182128,10,1939,0
-28.92505188427786,-90.52713218624656,50,6005,0
1.0676977775205199,-70.50410838523257,20,2531,0
-60.85385880620153,97.49322779915562,20,7856,0
28.45839925016857,-62.2003740618766,20,5453,0
89.59489002183611,-92.80947887526881,50,1065,0
-8.686894323340113,-119.13921031186592,40,1837,0
-26.148859788561726,98.94902478550412,40,584,0
-17.873249969796007,-133.30574712359032,40,8041,0
-69.27368788886379,-16.64864630987273,30,8302,0
68.98924825672029,2.4948417877899853,50,6351,0
-15.331382006156645,67.46036856685726,20,2127,0
-20.290605943528565,47.98205363987837,30,5313,0
28.74424912748538,111.85944226026292,40,8090,0
-10.433984232397766,-163.88948378655428,10,6327,0
26.682024385412287,-73.28133907941701,30,7081,0
-78.93966777645825,-79.15171724086329,30,8896,0
56.470201870000935,-127.43391398684103,50,1068,0
79.29071151829247,-75.89582861168047,30,536,0
26.77776950868947,-68.48448690855477,50,1909,0
81.82186719458593,7.878406293892182,10,6646,0
-62.74218341340661,58.93361241345218,20,8207,0
-4.065085893536335,-42.803815099746934,20,5605,1
18.325212110180505,79.00928327281721,40,5357,0
14.712596535813605,-58.98047811135121,40,5009,0
-17.73687976397222,-75.49787616668627,10,8584,1
-29.14480631407295,14.827700108528763,20,561,1
-67.17167594092462,-171.4621102899154,40,3333,0
-19.486358898789927,-151.27591549175986,30,5302,0
-60.72105328101267,-29.530964308850262,50,3039,0
42.18582176859931,159.44857610103233,40,188,0
-52.4104316109738,79.7442407436325,10,1763,1
-79.45824504878391,-148.2744349797992,20,3401,0
9.425904807102176,124.67448460111453,10,5237,0
17.141351889492288,83.62827741894516,50,6129,0
66.94435103049099,39.94074925295514,50,521,0
13.856690235182736,115.30546581930383,10,3849,0
-27.81344632977977,-34.52045481253544,40,5071,0
54.54213867473769,-100.25962169261301,40,6945,0
7.250200773735791,4.328420079153359,20,4533,1
-75.72954876638549,17.583032013650573,20,365,0
11.853100856384398,13.797493923568345,30,2950,0
73.44333817589923,23.426564932837902,30,1478,0
-18.663727410320302,161.5337705661051,20,6603,1
-36.66135565803599,144.80842431464328,30,7257,1
-64.17549773675638,135.25813316121818,10,4516,0
-62.73980605163568,108.51005192710578,40,949,0
-12.1011328184726,159.63411861550273,30,4914,0
17.222368349075317,-144.54192899541482,30,9283,0
-75.48922706947168,-84.55562587953378,10,3864,1
79.12234602452983,-1.779859564349442,50,7479,0
45.92405114013526,124.75241752442588,20,3374,0
15.592305291059281,1.8596561481836948,10,816,0
59.118960769018344,89.29250616297193,50,5180,1
-75.56638377381961,-129.97443411039015,10,995,0
-4.1690020080376105,-89.13102732843834,40,9468,0
23.416762835099412,83.43939421356205,10,9751,0
59.157523101292064,-120.69575680041935,10,2643,0
51.02452080886819,-53.511863524226364,40,7871,0
-40.12753505158807,-84.64814718711429,20,4737,0
79.35843052065677,-54.049790079907744,50,8166,0
-67.61774854244334,74.9966576680693,30,3653,0
67.52405135180739,-47.57501478859163,20,1449,0
84.76924492883134,19.894796138858474,10,3086,0
-58.1123658199274,-144.02452426041253,30,7296,1
39.97189155668135,109.80636956446601,40,2222,1
-82.74860661996027,-46.84009476667505,20,8789,0
-17.02389147495211,53.47229725200328,50,8146,1
2.930993855581323,81.14025659825975,20,9013,0
14.516140663734134,-104.52206803978785,20,1463,0
78.46870468474071,138.482994583206,30,407,0
31.005123712955044,41.840730578503056,40,2851,0
-3.36996878053734,-25.65894896946667,40,9175,0
55.74150652786008,-114.35933391184096,20,7882,0
81.0959077717936,159.22833764443442,40,1364,0
-86.02809323718765,91.82455348738505,30,5439,0
86.85382900608697,-105.11115741603041,30,7603,0
-74.49621496853754,-58.424121099279176,50,5948,0
56.58962026837705,111.48273291170636,40,9344,0
-39.53974454074575,70.44395875752203,50,593,0
-66.20766160430308,95.68234537766077,10,2121,0
-10.825984851509718,-21.167603203344335,30,1847,0
25.912184300570434,77.93145455118008,20,5187,0
-21.4286678957745,-40.862259768991066,30,3402,0
-80.17822650911418,-103.94534990224929,10,7227,0
17.90300513856899,47.763732542889585,20,5122,0
72.43258969992145,171.3650132155659,40,6255,1
-21.021234129494694,-68.18365029768134,40,9223,0
-51.06010002645113,-14.050946803485731,30,6509,0
-10.33607773209323,62.64049358514729,20,5354,0
-81.29471201121945,14.942261564095629,20,9048,0
57.68776520644947,123.63400645525773,50,9346,1
58.74134597103362,94.22737432902574,10,4454,0
15.840083417333116,-159.01300660955147,40,3553,0
-26.441479991089892,179.43164421255864,30,2616,0
53.961005600241,90.8648833390082,20,6169,0
9.843664461906092,131.00519386588076,40,7474,0
58.667815539002916,54.4311763543247,30,8938,0
23.662582664943713,128.26264609683443,40,5308,0
51.192985178303516,-139.54212902566462,30,294,0
17.741338779196795,-54.814379198646385,40,9437,0
-15.454607721180082,135.5115396976174,50,4391,0
82.43025478670477,-107.40412394391879,10,6310,0
7.400488478192053,-151.8328445111918,40,5230,0
18.91611333729691,103.72281838027884,10,421,1
-50.31222490534513,120.77501603158663,40,6805,0
22.617142096909767,-121.44520145163578,20,1802,0
12.889376906929893,127.56455380177756,50,930,0
-56.72908836953551,67.23640641498106,50,8480,0
-79.27432247643414,7.229765957970207,10,5706,0
18.784677548658795,118.8900694012986,20,191,0
47.464608483057695,-29.070270245172317,30,3977,0
4.21224676596148,-110.162175759577,50,2436,0
-49.180927442463776,-77.45303642017909,20,7776,0
29.973955804746286,1.8590465855933314,20,1680,0
-75.58096921027159,11.279085362343263,10,9700,0
-10.469933135648171,110.0090975188441,20,8466,0
-60.593983488284366,104.8869805148404,20,5892,0
-56.79737080922099,29.29196059364695,30,7846,0
-53.587089151523344,101.0827740115715,10,573,0
-20.39272973208398,-110.96155501427845,10,369,0
-80.79296298832843,-161.97677024641405,20,6650,0
-18.39718063276233,134.50817614849205,30,793,0
2.1073404806461515,-152.80038224540294,40,1515,0
-3.007028706061463,-91.19216529216098,50,2183,1
-21.0988619274527,70.31482186477844,10,1335,1
61.04638945273545,-32.598742454168715,30,4067,0
-63.84119536430926,135.47302916958316,30,8425,1
1.0254138806473145,-72.72727392158296,20,4885,0
-78.83254494782022,-175.72631519903067,50,6225,0
-77.19197780197625,-71.76396939813212,10,6734,0
13.295852941877335,28.107017706539395,40,6068,0
11.883316479807771,-44.6621848548144,20,940,0
68.04603231200225,12.554192073151892,10,5183,0
10.417261618813171,135.57532278060674,10,1561,0
82.76238367287304,148.49461952293268,30,5034,0
-81.23492728801264,-84.24933672451964,50,3572,0
-72.35861673946661,-13.629429622835744,40,7263,1
-82.06814491733135,17.691845486922425,50,6675,1
-56.650166939962794,161.68048447976895,30,4943,1
7.428619969502057,179.5022348991785,40,7839,1
26.20299265693704,-95.25339041705041,40,2609,0
-81.79467156923961,81.71275368449355,20,9257,0
80.27476017220788,-43.908817596049744,40,6122,0
61.58976779706859,-177.08104912096323,10,2138,1
-36.60975321172324,-176.66909192307514,50,1950,0
-76.10624455923576,-14.196237277587933,50,7532,0
-59.42032682056969,-4.199431318439535,20,9026,0
-67.15000552410491,-171.87490923356066,40,2553,0
-67.80891972618957,67.29387003874889,30,3116,0
3.341103959832108,-74.15878010581687,10,6725,0
-45.74746035118795,21.561516552941782,20,7504,0
-25.534851024753998,-71.66913366044925,40,4103,0
88.11096000917804,-119.83164664704941,30,2413,0
33.176564806562055,-33.4174541044049,40,4723,0
80.81652006846025,-96.38158867541972,20,3263,0
-64.3398200940392,12.5283516909005,30,7286,1
-21.21489453013753,-108.42172909686721,30,7115,0
9.85172459082377,3.02615159206574,30,7882,0
-76.18354886002716,-123.34373464720768,30,5314,0
-89.24626014696759,61.55089541488259,40,8721,0
30.678180083445156,91.41756639891267,30,7038,0
25.52751302425836,-140.25807567002383,40,3088,0
-16.058014200069884,-11.591131666557892,30,5256,0
-1.8640663142341252,-154.4861877642455,30,5612,0
-15.22025989342387,35.345680395120866,20,9888,0
-85.67909192792001,-84.81445274532767,40,2450,0
-29.633110880856762,9.944804461934824,40,4088,0
-58.12519402848783,6.285963378344825,50,2970,0
-72.28364596175362,152.76756462976815,20,6587,0
82.20967810008297,17.66996012474024,40,3010,0
17.88475050758981,29.87945269859363,20,4713,1
41.15813116258848,-35.4048747248231,20,2964,0
-33.23452621209885,161.66865714581405,20,1117,0
-19.233516691077263,99.78692739825946,10,4790,0
-47.353681098589774,-77.25409549097704,40,9624,0
-72.54617922622354,123.91545087944354,20,8473,0
-57.774305260514915,-24.337310333367608,10,6859,0
53.552528153367454,118.32017167209382,10,2551,0
31.958244933079648,116.23970458566073,30,2052,1
8.447197677385843,-112.00673276537242,30,4800,0
-4.483822883981747,72.41080729808769,40,8554,0
76.0381710581024,-75.3685310496488,30,6313,0
-76.90770939983969,-72.90263880263944,40,760,0
-39.491853617175124,-73.31469232299094,10,1415,0
-27.01118635727147,81.20456912158136,10,7481,0
50.836646198301814,-97.26262495468701,40,3019,0
88.65263162915484,-179.67389931140752,30,2172,0
-46.67930734371245,77.48526725374792,30,5542,0
67.3753201446745,-118.3734922193549,40,2119,0
59.51209687772243,-142.38633768917953,50,6725,0
-49.56166842448201,-94.49419658613836,30,915,0
-18.120135564139936,-43.23581196382656,20,4877,0
-16.25888352734656,-8.673722109647741,30,4834,0
86.07972033478049,-163.9547853434529,50,3729,0
-57.4394577517983,169.40639974584977,10,2853,0
53.848434798860765,77.78269923104092,10,6605,0
-29.845311448840214,-63.65013648323899,10,4785,0
41.55666223970887,-65.26898737725696,30,301,0
-14.398019226780686,-18.52468222735462,10,1104,0
14.104757360977205,45.44813619469186,50,1412,0
59.870119198703605,-127.3056960279716,50,2125,0
54.749801697099144,-111.98526704461716,30,3233,0
65.95617303714603,129.39644982007832,20,4321,0
-79.26888143796137,-87.74822739993388,30,6292,0
34.56909954715407,-43.12980072893609,10,3771,1
-64.80227219008269,133.65786634204213,30,5041,0
-15.152657756686022,58.73321858393611,50,1704,0
8.745914709843925,-56.9837234369922,30,2002,0
-17.506892745570465,66.13183646086348,30,4688,1
3.530101644541348,-172.91404246269107,20,8260,1
89.37473558375144,84.8313576040915,50,2449,0
-65.66088353168615,-4.674225414153788,40,5159,0
31.5820881605566,112.74557302240605,40,8028,0
-18.719826050589262,163.6695547223286,50,7220,0
-66.05823619668082,153.2838778180446,40,4464,0
-61.427382592624284,147.3354156439227,10,4819,0
80.86915912421104,4.381184136199372,40,6343,0
68.32826940811717,-50.348838909982305,10,8181,0
73.26755287470392,-12.587283096957801,50,9110,0
88.47589964892957,68.36256119280988,40,2777,0
-52.50322979846677,138.23919967362724,40,647,0
-26.020919274468884,-105.48493091995697,10,8650,0
30.459425386476006,150.5495370462131,10,3461,0
-2.9155428250834947,113.46488350916007,30,2024,0
-14.689883991899968,172.38816546416447,20,5343,0
-25.59397511959325,136.89063838140737,40,4747,0
16.880513749821397,-79.2225613109136,20,6781,0
13.606817155214761,-141.85587191614283,20,2801,1
-60.93758986843679,-139.5932140830281,40,521,1
-5.086829246680969,-75.1596053118206,10,435,0
9.624919717772979,41.10614063443413,30,9818,0
12.651648971650285,109.55531739498211,50,156,0
-52.180705275776674,143.7301105133633,40,4050,0
43.60885060541162,44.5512183729238,40,7155,0
-85.46416293220747,-177.97272741070066,50,3247,0
-26.130266002230723,-112.92596045332793,20,3637,0
50.43827673641404,-144.09856661278755,30,6528,1
11.500725789972421,-49.203188795156386,20,821,1
-42.99076214804516,0.4863577081485282,50,485,1
35.091561481748585,-164.3770157117181,50,2917,0
12.13036994809321,-54.54792871356409,30,7526,1
53.32384970214969,-115.49531713488388,50,7215,0
42.304533514168206,52.945259853194614,50,359,0
19.81942596652224,-12.861947043237594,30,4588,0
-2.1280184440534766,-1.6856471037928378,40,8891,0
-66.02721737984578,-26.03095630795401,20,7636,1
-42.96005678063092,164.1670957751641,40,3355,0
-14.562094874924652,-102.69535495623724,40,9331,0
17.873871661149963,5.999133543794755,20,4148,0
2.4674139387548677,84.96625261152093,40,9047,1
-38.12678532728469,20.463988728442523,30,3257,0
-88.8364155978521,154.4475188580484,20,576,0
-0.6769400578534923,-43.9313919691377,10,5383,0
-38.587322058796246,-13.076709921655914,40,9891,0
42.22949412789631,-148.13196652269778,50,2459,0
-85.68967225131297,39.23967997869426,20,7505,0
15.269006035042356,-76.24369135868183,10,8124,0
79.46536275109177,-122.28874577439521,50,1361,1
-58.606331919930085,16.031265445622907,10,6423,0
-5.103091664892833,11.63169481676782,40,6037,0
-73.54404147291513,-152.6862091593429,50,1682,0
22.62274420704347,71.3575632580102,40,1598,0
9.095702507320606,44.55798863430704,50,9040,0
-16.67420564169018,-111.95377821126101,20,8822,0
3.8478638652734176,-11.003449624544217,30,2309,0
71.38343852442183,79.31624993228158,30,4163,1
-54.66702558400793,10.596866594859545,10,7328,0
-85.9383878930375,-37.62393257391472,50,9400,0
65.09967924583817,-63.95815509086029,40,5766,1
13.881074829823168,39.741791991859294,20,8781,0
70.31852198313163,158.07913139168662,20,8296,0
17.450140214371064,61.82814257189402,20,8367,0
55.828996192746445,-153.09147469092642,30,5472,0
-12.65879459607337,-14.153409546431842,40,6250,0
44.97478763188838,140.69668734382591,20,572,0
74.34746404017407,-145.99352671160872,20,9673,0
12.98213346999713,175.9952563695156,10,937,0
-57.45867289877168,161.66498171235168,50,8894,0
-41.61642929456433,-151.8211869372447,50,1286,0
-54.24397615846696,156.02879536183977,50,6561,0
-45.565735032768075,-49.27226750659361,10,1581,1
-34.84521911681345,124.09530014731051,30,7799,0
9.924081615573925,-29.381998423222253,10,7432,0
15.838493303489898,-21.292159427094287,20,331,0
-13.230045496464998,48.32751275191534,40,427,0
20.775740367750377,98.81187093935401,20,6481,0
-75.31651338995414,-167.83590565863048,20,5339,0
-74.1981173295312,33.53615838976834,40,1049,0
-59.07069713562148,-112.77612212494644,50,7138,0
3.2539496472620555,-55.458173569246945,10,8148,0
-51.48095783430356,-54.73128018412206,30,2397,1
-39.00880737133608,-11.138277520384698,20,1407,0
-17.943689488861068,-59.710891724577586,20,8489,0
56.13590232186837,-141.3499973577596,30,2879,1
-87.50481553568518,-127.57365413083748,10,7418,0
26.888187642592033,-167.96232519800483,20,3436,0
30.397775587323363,-10.710329281648448,30,5435,0
53.75804046419458,163.60117014707586,20,9630,0
77.89552903085638,-138.35691948667804,50,9983,0
-86.37518718912783,160.65521748110953,50,8507,0
-62.318933007621084,84.01014530355367,20,7602,1
69.51083293007875,49.49956905629874,20,7626,0
-7.466658806337234,52.29999191648265,50,1749,1
11.62631500802343,117.62195342266156,20,2962,0
29.34489667016653,-141.50884882326432,10,8901,0
32.23198880921473,1.7115564835950225,10,1017,0
77.71327259697148,70.95280977387307,40,8453,0
89.45089513410053,31.255360226482924,10,4237,0
39.628342967569246,119.80046556838606,20,7447,0
-38.300182343072855,-153.98218475591347,20,5549,0
68.35543241298184,68.65237421969974,30,5782,0
-81.14023538266291,12.249982938498384,10,2911,0
-48.40544648259068,-43.50208896722037,50,3521,0
71.52942914346868,-57.501006395748895,50,4315,1
-43.88552740091611,43.499747798709436,40,9390,0
-50.28280926808527,140.75833487193535,30,2821,0
-65.1374472347555,-1.376666603598502,50,8414,0
64.64011637644496,116.90033906769125,40,3353,0
0.010486654395607253,-35.22370253617169,10,888,0
31.480776549747862,-143.13799339445643,30,356,0
-46.96805086649466,-157.85793487489013,30,4125,0
46.44727578201897,-161.51962632347607,20,6056,0
46.800998093177725,-43.145948895238824,10,6841,0
-33.732355516505976,-58.59440969909686,30,3754,0
-16.077126058149087,78.45732850412502,40,7760,0
-52.25575006256385,87.41574057055169,50,3351,0
85.78098419812277,-161.69257121985368,10,5368,0
26.20846387051409,-100.39562535995461,10,7276,0
78.2178985287928,-81.2657339427961,30,7662,0
-35.39060214675603,17.140314291411393,30,8899,0
50.74036433944015,-127.9745193934979,30,4526,0
47.85455589925356,-131.78116101599986,40,4027,0
34.49801733597748,159.76400011486487,20,5426,0
83.81501554802408,109.51304662720116,30,2252,0
-19.160039500863203,-114.96423524717869,20,8838,0
-66.47088175384368,-33.63558915402325,20,7988,0
30.907594663930936,-51.9760802672764,10,5574,0
41.27576408589711,104.76146666354663,50,9974,0
13.510903222586641,3.676649932123941,50,588,0
-52.77277923598867,-133.97409468235188,40,1922,0
0.8020695004839662,86.0371427362478,40,7860,0
-33.805847417556706,-37.12032783902918,50,5722,0
-13.056024929995969,-85.34727085242706,50,3221,0
26.139343652039503,-44.82049607254075,10,3874,0
44.13865368435022,-0.8076371015173134,10,6546,0
-48.19955563775824,-56.4784140898766,50,3552,0
-17.041435083548397,-92.91392186696719,30,8941,0
-41.550917221506744,-36.53926963056708,30,8939,0
-54.24630950486356,-173.09775213003664,10,5581,0
51.00969959925091,98.099224594673,20,8672,0
73.66548499865864,-118.45983831566912,50,7933,0
-23.35820657677619,-164.19433909297058,40,7217,0
45.23020638727804,55.331529445828515,30,9491,0
71.459152085594,98.61700637652201,20,4987,1
62.30235789544168,112.97848737342355,30,3090,0
-57.093590062939334,-2.3366942421840164,20,9399,0
82.13253867240503,-106.0674535116053,50,3547,0
-22.198240722696756,85.40196380993763,50,321,0
-28.936680988709462,71.89670777556138,50,7718,0
-78.76236108999954,-91.34253572285763,10,9731,0
-2.4887422611210597,145.2267921106055,20,6688,0
-70.37754918463283,-142.42627509018155,40,717,0
-45.26283223306332,173.76776625287724,40,2670,0
-32.95032808188935,129.68921195188727,50,6409,0
55.588738228503125,67.64351237246707,40,2855,0
67.58795707126137,157.94995978073982,30,2890,0
-35.556062856935455,80.0320205965348,20,7926,0
64.5656618240233,-111.43548106918347,20,3409,0
64.3015687265624,-20.823790279387776,20,7252,1
47.63717106927723,-154.25891124061127,30,4154,0
-63.59487947726733,-39.723327976278455,10,7156,0
34.258112442131214,86.97708710539511,30,7524,1
80.10433162450238,-40.88039366490574,20,7781,1
32.85728617808827,-61.09409683147172,20,6608,0
-30.308967160589887,34.328060103712275,20,324,0
0.10427713754963097,133.9936304396022,40,7239,0
26.230507803189653,-162.8700506833995,10,8236,0
1.902673571130642,-41.230643508095255,30,3450,1
-68.40847048842544,-123.03333294650542,20,3927,0
-33.828471962636286,70.32753026347307,50,1503,0
54.43128549965385,-141.93915824479146,10,4312,1
65.05524829719313,59.330793088888036,50,509,0
-65.28599411119735,-76.97488651275336,10,2016,1
81.42961543177043,-108.3899470545991,20,4167,1
-30.81192878725032,157.08692081699473,10,2959,0
29.216472971529594,-173.3311523714559,10,7172,0
45.32852627220261,-22.40018211975518,20,2151,0
56.150322234819015,-172.21428271375424,50,3801,1
80.23494640066743,-5.9065026824415545,50,8314,1
-33.67448135481193,0.377056005990557,40,3068,0
64.53116181927982,-64.20151029789108,50,9036,0
-66.29635738148274,-132.42176009099148,50,701,0
36.90736314364669,-44.50048641558889,10,8034,0
43.555991312517456,62.01465837572377,40,5374,0
31.990183416237677,101.66249111200528,20,1942,0
-44.58334749567246,11.070216859731232,20,2762,0
67.1477664627366,32.34038199831202,30,8774,0
-59.6054765933289,-107.77810639512504,40,4136,1
-80.34573752625045,-76.5610800380462,10,2739,0
39.14369831014419,-121.71758038115097,30,5626,0
-4.414371258107936,-90.25367399833992,30,5468,0
62.83764359256169,-99.04075911880857,20,7243,1
-20.988514609513388,7.001563100845534,50,6203,0
-59.70985406861169,22.567952084662586,10,3925,0
60.55959464457655,160.18107149574163,40,9974,0
8.803733695212902,-109.5945670434517,30,5770,0
-55.944757369736124,51.003255658138535,10,4896,0
39.66911974556024,114.21333683550824,20,3708,0
2.000454928110096,21.6869269618989,30,6978,0
18.776336803257568,-88.19868509961275,30,1118,0
-7.038299122815261,-85.48191719279993,20,5449,0
59.167617087241155,-165.86890089444003,20,4860,0
59.32128882294897,-70.04007844254659,20,1411,0
37.68998792838952,88.05732444121683,10,9710,0
-71.02775206863679,-162.89360740544026,10,2600,0
60.99369514273239,-101.05369829826097,10,2767,0
30.782336495923765,74.2436994714415,50,6134,0
35.46434988077391,101.75456261623559,30,9678,0
-24.663088727303105,-16.08537237770577,10,5330,0
68.2703201082612,71.30676185231358,50,9436,1
40.56688804227434,-40.33721928423888,30,4934,0
-69.733716024745,-122.43123179131409,10,1646,0
-16.59995380689072,-36.66618233175365,20,2245,0
69.5484651528255,28.788415273131427,40,2263,0
-81.50459369447178,161.2991814670405,10,3112,0
83.05499153556892,-155.24965724807618,40,4544,0
32.2492622975213,2.661873784185813,10,3523,0
23.64767597580779,-61.58887984413922,20,7279,0
-41.29933383216155,2.9922099396100332,40,3659,1
-45.21747802694813,-171.36883894444858,50,9848,0
79.57047950794718,-67.31087230743073,20,2786,1
-36.3109582378579,115.1525331097218,40,2432,0
49.59095340941989,19.419024187669507,40,6166,0
-19.238076322725753,-17.790302586197736,20,1756,0
-64.93426725875328,-77.21097418247776,20,6879,1
-88.07124641483539,-72.70469179511187,20,6138,0
7.9663206627451455,-42.08348390738959,30,8836,0
85.64018733880788,120.80545558724174,50,8683,0
-23.555485114343192,168.1967544509766,10,5389,1
-25.70537988125193,-22.084062713865173,40,6320,0
-28.063508787100425,-38.39297805080574,10,396,0
3.6978907148745166,124.75827929515061,20,6573,1
-10.68032098362716,-26.314084570930703,50,1186,1
68.38463281086261,18.72654202643443,50,6459,0
0.9937425102282527,-96.861000744452,30,5294,1
1.396410873942382,87.66091288046708,20,5905,0
-65.09311295029981,11.515794577481469,40,6822,0
86.89311736386948,111.252438086523,30,9408,0
-45.00487964361066,101.0637828103211,20,9368,0
-76.79446785727151,-102.59828342278972,30,595,0
29.366324815537585,77.62879820079446,10,3095,0
17.16594662823708,108.0195868624937,20,193,0
-15.27378228130577,-55.401393318337774,40,4424,0
-14.005397901477949,-117.86071935518116,40,6493,1
51.311505788357614,-179.05242399134826,20,5610,0
-54.77172478206317,-17.674684886466657,30,820,0
57.64559741008015,-53.12421664601703,50,5175,0
26.77448050110327,19.767540177147215,20,6425,0
-14.58544071968561,-112.30520666803713,40,5199,0
-7.554849014903649,129.47959715993107,10,4126,0
-43.803502706502755,-87.20812237388053,40,5157,0
45.38057988545547,-98.48534216844601,50,6910,1
2.317453614948195,-6.94293966563186,40,1206,0
-32.24618230502815,-0.41363145206126717,50,5405,0
17.289020836971044,-102.56931763736658,20,7834,0
89.23220136923815,-82.13013837867032,40,6774,0
-11.652789661820309,-118.90611390411182,30,9663,0
75.72445214015151,78.64566419634004,30,8714,0
-27.8969688135781,97.23205125146949,40,2105,0
-80.14811275350255,-13.561740914658259,40,5361,0
-53.2364208536828,77.07132816660628,10,863,0
-14.634874201016842,84.93674109748038,40,9189,0
-50.465712852977575,-130.2208100359889,10,9244,1
-89.959133120714,167.82408894043323,10,5791,0
74.70027679455491,115.57150095471516,10,7159,0
61.898294021567224,-106.38595396950353,10,4579,0
43.61260166765048,-112.98058713141471,20,4298,0
-59.793372783714844,-134.76198759135022,30,9191,0
-68.33455628220251,-130.18371748490938,10,4123,1
-77.83114509497103,89.33824765033063,30,4305,0
40.32525397912582,-10.924467497415522,10,3741,0
77.18543292381935,101.8563021863522,30,3643,0
-12.503552235653341,88.65176196607395,40,5691,0
-68.55467904071133,37.66057686187978,40,7343,0
2.2307077317791824,67.09197836832463,30,6216,1
-27.21025665744658,-173.39193922350896,10,6433,0
-22.531513617000414,-67.7600471501921,20,861,0
21.83951234802731,49.615984533387675,30,2507,0
39.36926038719643,-176.63581674495208,50,985,0
-70.09135220283105,-168.12830027426637,20,6322,0
-83.59375845483424,126.67967368933796,50,2743,0
88.97945448342868,66.24895020914583,30,9527,1
-48.10889719520067,-84.46689607667618,10,5210,0
-80.31050551647736,67.66662244273525,50,1568,1
-55.8224407627344,105.28440089013478,30,6392,0
-82.98758765727644,-69.55405808036355,20,8301,0
-19.4740389689091,-167.0265441002925,10,5761,0
54.432321201238366,155.80048488758442,50,9083,0
-28.575999043610288,-55.735258213573026,30,6163,0
-10.046986761894022,-141.6665652175057,10,7115,0
31.60561924213898,-2.9315262984669443,10,9954,0
1.600932612578434,96.64840643908818,40,6423,0
65.06022348383836,-100.2069667376787,10,9035,1
65.88642150823617,-82.9835819519892,30,2528,1
-88.21607481159235,-92.62260475251006,20,9408,0
50.04833516697585,177.00229901940415,40,7208,0
-7.067951956498703,-108.93465585700469,30,1454,0
87.99129743465934,27.187278107804637,30,5927,0
-3.0182263424216726,153.09527099650717,30,2580,0
87.64127016989355,-127.11723520399947,50,1286,0
45.822485017032584,169.50751123237208,50,7009,0
-45.25112076960486,161.09180438242484,20,4187,0
6.911096271652381,138.44591534097452,30,6328,0
88.58441510614489,-102.75965232119918,50,2931,0
64.35550939534626,48.259820163954,50,3761,1
-72.47395911758021,93.92093026604645,50,1848,1
37.146959425799295,174.9700541507147,20,8034,0
-27.79567454325365,-115.04742405070665,20,9406,0
-88.74319286153734,95.76932382694672,30,7652,0
-17.373425575140075,-58.03157882623934,40,3364,0
-47.74420408950517,-116.77447239551917,30,5472,0
57.396468693684874,-28.304301163012223,50,5874,0
-29.280490407762212,105.7809283735019,50,5463,0
58.954264911687076,-12.654070666541223,10,7991,0
-89.89237100973685,13.50831607309746,30,6950,0
-34.592552995298554,178.25738767204365,50,1163,0
-46.59026142460285,-36.320652159326634,50,6759,0
-47.957875007650024,41.54427169532634,40,3848,0
-77.72640844221671,-48.51208741846613,10,4645,0
-56.31763132610969,-38.59716732166622,30,2832,0
9.998922579411577,70.43067124034691,20,1972,0
-37.55500688920599,157.63931139415806,30,4820,0
-14.868939180753369,15.249222177235708,30,2069,0
-22.16396153750607,96.62397442156075,40,9176,0
67.66288649998103,-147.885638825893,30,418,0
72.95381982189278,-103.9831065245063,40,3817,1
-1.2677451019451902,0.7673907310316785,40,5591,0
-30.571928943191207,-172.79577949364108,50,1474,1
-70.77587327957454,-88.97220764547883,20,5542,0
81.6125182887771,6.2644643369878095,40,8779,0
-79.15914991794646,-174.61396862773174,10,550,0
-36.42295003770952,-84.76333695862499,10,8644,0
-36.348083789399254,5.051095011313014,20,7280,0
-32.327768494761315,26.33372927324844,40,2040,0
-60.42836821096633,153.27060949990997,20,2467,1
50.96905756626549,52.32442437021882,50,7987,1
-67.95038484612193,-30.695111089202246,10,347,0
24.283198647569304,154.92642376790442,30,3603,0
-67.70771519295286,102.55787401960593,10,8859,0
-77.30358523326782,-107.99678839941086,40,8975,0
73.69731066345777,-132.89674991442487,20,8935,1
-55.77682206263298,63.292188867383864,10,578,0
57.825027820746776,21.55793960771417,30,2860,0
8.033556799284447,104.28250096539205,30,8068,1
-75.98582647042147,85.96981802832713,20,6040,0
81.98067445885215,45.076152188705414,20,4552,1
-45.546989941459344,175.09758178640118,10,1468,0
64.73616216346917,12.09230283974712,40,2326,1
-59.614198958778445,-139.28192765938087,50,3712,0
63.70971878553352,118.1784833337558,30,5662,0
-87.61881367704709,-89.33278955554476,20,1159,0
2.1204821825065223,99.82877333181058,50,1744,0
48.49966429588022,164.5585545600185,50,5365,1
78.263193148701,70.84638502716285,50,1911,0
73.65638451716767,34.570857941928395,40,2293,1
57.53247651857608,-14.26097675698539,20,267,0
69.87444293903474,-48.81244824165483,30,7542,0
-54.14045654932623,-52.918289650138945,20,4282,0
-38.84682677188882,49.09417405545261,10,8445,0
-37.985665514209465,90.45832209758852,30,2644,0
-22.130292419694214,64.26614501438917,20,3968,0
-19.202279330666034,-108.57236357031742,30,8606,0
8.019958437841588,-2.164615148343172,10,6050,0
-61.22164259404055,104.99042598590268,30,9014,0
34.424399481478076,-8.746531851939752,50,2409,0
-59.83802292518883,13.184380704777784,40,6730,1
-34.14447322118144,97.60897734149597,10,6786,0
0.6021235091077282,58.05551025543294,30,2123,0
53.35930107422592,-32.63582848233866,10,449,0
43.10446198297091,142.34857602991883,50,9115,0
26.196184153894006,-121.47585528114772,40,8729,0
-61.96081309556937,178.3859214925169,10,8460,0
8.468162210803989,-137.2130717485546,50,8053,0
-74.25962967602062,-174.618010402474,50,3401,0
-22.07462817660286,140.40680441355528,50,4218,0
-15.567024547807351,-91.81673698825581,30,6919,0
-82.83394089976431,82.69186588081952,20,2869,0
-40.68214209540507,111.96553497554495,10,4599,0
82.01690410796809,129.23510077156206,20,2280,0
81.65386940934411,176.97392483910002,50,3445,1
-26.581130234542925,-74.14570438560034,20,2765,0
-82.24198038930167,75.6876030938133,50,8523,0
-57.762910920927325,-138.45605101890183,50,9350,0
-19.400797181962776,-33.54865511153422,40,2642,1
80.60034563446136,125.26980959253254,40,9425,0
-64.58416856330672,-47.643103418721,20,5540,0
47.432851860278205,32.79433699282106,10,8248,0
-70.43714291255543,1.3584397408682625,20,7210,0
86.62636393042983,52.54255120033622,10,3980,0
-21.309030160355704,170.24198017957016,20,2837,0
49.54221700183008,-159.93521045949524,30,2531,0
-28.333605093996272,26.626146300586697,30,1487,0
22.980397888585568,130.6903605301025,10,9729,0
-55.43710474679339,-6.702223770566098,40,3465,0
-63.716216526546745,-151.7302130610338,10,2539,0
78.85154512226363,21.794166870037518,20,1416,0
75.17651002279803,-60.45339930342464,50,5304,0
69.74440923831882,-124.22095727834308,30,5104,0
22.57802102998682,125.65242478205029,50,784,0
55.48827801893008,7.775824676803782,30,6540,0
-77.57335135595251,155.979508456464,20,3187,0
-29.737972459677753,110.16594165710487,30,9967,0
-33.53343754371188,69.46984575852025,10,2213,0
24.416157951470385,-178.19081878848772,50,1057,0
-25.92760077528471,-25.98355561023002,50,5878,0
-63.26877930413745,-108.90493860526837,20,8179,1
17.364073574437867,147.88724797759238,50,6128,0
56.58910572043467,-117.1497655165103,20,5800,0
-21.217770997204827,-77.01838140265723,40,3194,0
-66.19163128227329,6.061236384419697,10,2907,0
-54.59612448369185,-85.18909716069147,30,7682,0
-47.253005069510884,-104.44871617951638,30,9112,1
-36.01843326098348,35.67575703699087,30,987,0
25.703112691135644,-147.98537180819142,40,6115,0
18.170187216789422,-159.0596068604671,10,5524,0
35.29437508206705,-45.991693733014294,50,4093,0
-24.74964278432763,79.43920362283043,50,3184,1
58.319577338396094,19.730432978621273,10,975,0
-53.26422099196315,-27.764471351959617,10,5369,0
-5.57266544673229,23.67056312084966,30,7608,0
54.16896987745746,-48.437465524821505,50,4096,0
-57.57144340812854,157.01268075556064,10,656,0
-70.22463952665908,-160.23423927212124,50,5393,0
69.06311418383815,62.42093245074067,10,9000,0
-28.272660703344737,140.86175933799018,20,817,0
33.09662248362576,109.39849514469122,30,3765,0
-85.43725123249108,-113.74522746427917,10,6647,0
34.20843991370093,-73.4665143670962,40,5296,0
-33.101763921545306,78.1372579345577,10,2119,0
-79.96664635426049,-149.6625986949244,20,8582,0
19.766297078661065,112.27021193973026,40,2283,0
-46.655313106828814,78.80650005772452,40,3979,0
-20.3746964306616,82.65839372472333,10,3036,0
-75.49545378842755,-143.9131067036671,20,6791,1
-63.51061480290984,78.39379613384311,40,7145,0
-36.364097610748125,64.7345250791892,30,2913,0
-73.84328989917172,119.1320966958662,30,1337,0
73.94872764353674,-165.02545574767097,50,4941,1
-88.91153222688388,-171.6801593515948,50,3143,0
-2.9051606044239464,-45.71744404371814,20,6572,0
-67.81545753614074,-126.43621781430497,40,3187,0
-34.61776389396926,21.01841192527989,30,3658,1
76.69072076728779,150.2456045424296,30,5393,0
-60.894980410682365,-39.06729707975434,20,8990,0
83.84981754929987,124.18213581813748,40,2953,0
-52.957012141904094,-179.91328517356806,20,1945,1
43.48189952402932,-119.33472835469368,10,6462,0
8.40190768151611,-169.04752572452918,30,6756,0
69.20617096741665,-61.86701501457529,20,7666,0
9.71878599056357,146.94825445074102,20,3282,0
6.220659448135559,-145.09723550436442,10,563,0
-54.81755993368802,38.30751962776813,50,3960,0
-60.07871483070143,-17.461461917000094,30,5860,1
74.96804720079255,157.84855645169247,20,7360,0
-30.989124206993868,-135.89310868664623,30,550,1
-23.025194106678732,-103.66997381919758,50,2015,0
46.76825851710991,-169.36489129986242,20,9215,0
-29.011773163894677,-23.78331013270545,10,3722,0
81.3712403950205,-79.98015615672446,30,7176,0
42.826998419784054,133.16613620051552,10,415,0
17.5372636632156,37.77869275119182,50,4866,0
68.56112889805544,41.07266567125261,50,4893,1
-81.0709364970931,11.487850877268876,30,1476,0
-43.728715405942424,-146.93387859748765,50,2915,0
-6.293459840236208,-19.793273858872112,40,1362,0
-49.14386289512622,179.82186829506594,30,9419,0
43.90293371438735,120.68254470456534,40,3025,0
75.45744558967053,141.64525950016173,50,9344,0
-13.72137841243379,116.36148932873981,30,3568,0
-28.41613197985891,-142.90499036484624,40,4121,0
83.07913178476193,-98.11862853667213,50,4509,1
-9.92656209104265,-178.87620551169255,20,647,0
-1.9712879191290211,-70.73635504387987,20,4991,1
-26.703022978457035,-140.90133515526267,10,3623,0
73.71872514218491,-9.794395691430115,20,7142,0
12.411986990733135,63.765895886604696,40,9821,0
47.191425692696036,134.82190621370773,20,5705,0
56.125209303159544,89.71817943272335,30,206,0
-28.46717245489353,157.89081448026187,30,9148,0
-11.935020362331592,-160.59661545823604,30,3084,0
62.724919393127635,-175.61525925004509,20,5568,0
-24.614036698354155,58.081720981036554,20,5952,0
52.908324021333236,-75.83313231999136,10,1350,0
79.37861806339868,-88.73963420192167,50,6839,0
22.177867152241255,-60.88064843023406,10,6232,0
43.49291174134,-82.8734191587489,40,1711,0
54.91751616740428,4.1171062685714155,30,8028,0
62.107136801395654,-21.546558999312303,20,1890,0
-18.890399185776726,4.474278495596278,50,7317,0
-80.77257734832033,62.176900140157024,50,967,0
-17.662271177386884,-40.633016770386604,20,2869,0
31.27612136113616,-89.52923262882355,10,427,0
-8.936930559457299,-120.16780674885163,50,3916,0
44.81336715487174,-54.18931696825481,10,3248,0
-25.743162695640503,87.05033108862193,20,6876,0
24.253945398725318,92.41376764012904,10,2655,0
-56.444435126284574,60.0859392063157,30,9422,0
44.886498596092245,-95.74985688952515,20,4436,1
8.225274386344651,31.711048507691174,20,2582,0
-53.268410061611895,25.448278167665272,50,3199,1
-37.45598877039469,-5.6641686804988245,50,9848,0
44.74956754472983,17.99243509819112,50,5886,0
-3.131777580926276,-2.955372255479496,30,6832,0
-51.114340729247004,23.564291786678954,30,8085,0
84.10881426665357,77.58214366360636,40,6154,0
38.72250356703982,-140.5338500147617,20,668,0
82.28426985716331,89.86527077364853,50,1754,0
-13.121091835138222,-131.08098595406608,20,7232,0
-4.481938675490316,-156.0139205722651,10,3833,0
71.63193891330344,171.38868703972832,30,3329,0
4.508881244169234,164.51703679335893,40,6911,0
37.31020414302009,-158.24284382139695,10,8442,0
-44.6088820508046,-20.428761069013625,20,1895,1
-9.589235633524702,-112.9518222120811,30,6639,1
-67.77902415413608,-5.275837031609489,50,8640,1
-52.9235935421469,118.86380747985146,10,6314,0
-89.8301852518264,162.2202389074405,30,8688,0
-82.93229070324116,48.33095524255345,20,6245,0
85.91108817184727,-52.59395980374586,20,2709,1
-46.37633487538279,37.19720363205542,10,9450,1
29.39592771072035,-67.67952980095788,10,8437,0
61.03794578393008,147.53651069954174,10,2326,0
9.118882662581566,133.34416671810132,40,8555,1
-62.43398998488789,20.963430100677954,50,6030,0
41.060958720509944,-63.07239046307021,30,6942,0
18.045253817924948,-74.37971679012779,20,3180,1
41.625106082527516,-167.96952190617858,20,1087,0
48.55439211427569,113.69550636910628,50,9639,1
85.57386618325411,-17.86204330595713,10,1460,0
13.241390404807795,-62.95214577590481,10,7150,0
-28.504599715691672,-10.400272200808601,20,7646,0
26.723620242042674,114.74567656367472,50,1826,0
-77.68067233632729,-135.13888522529237,20,1007,0
71.53151729788554,128.75615576705783,10,9475,1
-68.51141795912457,143.10318063900743,30,2924,1
-30.988289180552716,160.81484941219975,10,9550,0
56.83416851270176,-36.904322727854,30,8125,0
17.516228099528128,-101.82945454643813,40,8490,0
