Speed (knots),Cargo Load (tons),Fuel Level (%),Temperature (°C),Anomaly
14.980284918067396,36699,32.2963816566267,0.9219122494340182,0
11.170414192972892,23412,20.38008295497405,17.12050643391543,0
15.886131228604155,37419,28.683058250438076,8.555583188829406,0
21.13817913844815,37481,26.364244121425518,24.874951801854724,0
10.595079751659984,15735,54.34763470716757,13.78968958673679,0
10.595178258304916,42257,58.45543180011929,31.805640246384385,0
21.47527689304435,34047,94.77000497804293,23.903625616095834,0
16.604608374917454,48619,23.57921147464469,24.227221651566197,0
9.183153684390287,44310,65.95919246534211,0.8577666745532486,0
15.255360261515788,19776,82.63963055381467,39.21248832456452,0
9.219493843125226,32423,58.22293905938999,32.083760463574436,1
9.20562147857846,6034,29.225346987602194,29.45024422803473,0
13.451773629396204,26969,29.94227185190002,6.510761258001372,0
0.5203185320532127,36574,8.729040041744991,16.781582642361595,0
1.6504930049218034,36170,34.01720152210576,-3.1448405962835677,0
8.626274824554164,33063,75.7373495053211,16.923798833135297,0
5.923013277993457,46659,9.514186934675486,-2.7055376758356364,0
13.885483995571644,36986,25.833051837958912,17.65189219948006,0
6.5518555468727335,521,72.09208736051929,22.436094007745282,0
3.5261777919882498,34768,79.35189846817327,9.509798362495118,0
20.793892613529323,42302,48.2552489558832,14.927243916564661,0
10.645342197080787,16299,71.31706215547165,33.78266938372929,0
12.405169228127543,26836,41.85545602221474,-4.5718427648595314,0
3.4515108827192593,4141,20.191758277292113,29.586644649982645,0
8.733703652848904,22096,42.82420188467612,-1.4622724501901796,0
12.665535538259196,33459,60.09694291929857,-8.16460085976858,0
5.094038535466183,13806,95.06506177602458,-0.7212698627476111,0
14.254188110074033,46682,11.531340448424345,28.252159498524485,0
8.39616786048717,9087,53.20243891527126,10.256303666843001,0
10.24983750124034,31859,36.24737893001882,33.6260258423091,1
8.389760326623618,21998,53.28961095628598,16.23537705911329,0
23.113669107053628,5162,7.27766750077051,-8.887482403683451,0
11.919016651572397,37594,34.73740869665023,25.83568048009634,0
5.6537344262646005,42333,82.88747401506548,-4.488354563938365,1
16.935269472619133,27697,57.624464716190566,29.46898167309622,0
4.674938100173867,21219,47.805336817531156,-1.5948725097409988,0
13.253181570028532,25165,32.12488181295726,7.272319290275673,0
0.24197925672134657,43739,33.31403966517881,28.063571481268017,0
4.030883706609417,25532,41.394636191105526,37.71156787382108,0
13.181167415214741,13141,84.37921744663323,8.571697532336618,0
16.430799479972464,42464,96.8852546467855,31.470011009946788,0
13.028209687139823,30528,46.67226122828558,-0.4603867262080641,0
11.306110305670558,45994,42.36851968103738,30.358988510124554,0
10.193377826464268,16151,85.42232370288697,22.874702962812552,0
3.1288680577954358,9036,45.556005460448844,-0.36282463938157816,0
7.680934749631748,46212,57.44172636808686,5.125198017570579,0
9.236167374241274,6773,26.93945813688072,-3.4114555701482,0
18.342733357313495,6784,75.63274089901215,9.148350553215664,0
14.06170973741077,26192,55.538890235724274,0.18243205616387037,0
1.4217590678235963,9317,81.85828227283245,22.199897681523677,0
13.94450381636877,29455,79.16960935272363,39.725255211027935,0
9.6895063175021,27055,25.425452985652715,-9.399541845786793,0
7.938467998164247,20878,72.98537730298743,17.045990664364933,0
15.670057733045207,41682,81.00516875538028,18.683329877450486,0
18.185997134975707,17627,37.88018787432753,35.71043948404059,1
17.587680714697193,18452,21.39786572571608,15.300266738346878,0
6.964694860664169,12039,5.250054780060877,17.185070982245875,0
10.144725744892712,47261,47.83584704384908,13.58264006641943,0
13.987580588421384,46719,38.48110949618995,3.44521522807407,0
17.853270762734155,15192,57.71643421341385,-7.198543337554316,0
9.12495457292826,18620,22.863903795934647,10.432884110491806,0
10.886046140017097,13834,86.66822702831514,-7.370426437966073,0
5.361990155963831,29115,29.48674548467042,17.52462347329589,0
4.822760255515975,8403,26.51081248332675,5.364682162114657,0
16.875154934365188,29027,50.66783536601381,16.68012007627139,0
20.137440171424938,16129,52.390847255706056,-3.285151780240666,0
11.567939270517996,18240,25.43309673458382,36.63149828696798,0
18.021197387352146,34282,30.826769038962,34.72606217749674,0
14.169816150285804,27208,21.12199771974827,-0.5001745398857749,1
8.129281472369254,11360,73.25371694070084,7.172214164700494,0
14.168373633050484,17938,78.15845796913779,20.67463859259898,0
21.228219398795815,2264,48.921207258631846,-5.215689634704686,0
11.78504376534029,6509,72.83826715507666,7.728391055807541,0
21.387861934884036,21342,74.91386223405732,2.555614340950305,0
0.0,42872,18.136175129391816,35.77583643583483,0
16.931415026251344,49280,96.78691235928099,32.62553181446026,0
12.522282409429028,33935,82.99803497416094,18.99163706334319,0
10.205955897204793,3870,24.42592881360323,16.01731684357871,0
12.550564659213014,39244,22.68567839587667,36.53628972726986,0
0.0745865123946432,20954,16.937808830060362,36.621389148940764,0
10.681968672974929,41881,18.145963441482245,38.46650626758302,0
14.14267542907048,38867,76.07537090772614,-3.7310557945906178,0
20.867364268449098,4150,49.61715441040424,-1.9721094618414892,0
8.890378690358116,45617,79.37874641028739,23.836834933994332,0
7.1490383826408745,26208,75.89421496326952,17.071723830492246,0
8.989457738492781,43162,62.43820778299605,-9.076704755338202,0
17.492412706212445,3690,70.20482762497456,-6.901248200524032,0
13.972506657958107,48613,6.74379381601847,34.404019112940254,0
8.821438777397766,9289,34.61887644647709,33.44353977696932,0
15.079604598680136,32625,65.59310702964397,7.8635460998022575,0
12.582465296088243,33659,5.887770581193199,34.552530846526736,0
17.811869943197337,17959,8.132809649846374,19.68375371989509,0
7.787681436735886,35918,85.92935833468641,30.295282350945094,0
10.034027120413391,46868,69.98236186074682,11.371553558010714,0
9.647351081207054,47585,30.210124646432675,-4.3300836327545635,0
3.2189103112072885,19268,70.35646981127735,11.686353132300813,0
13.776721662387457,16063,80.28338356823001,12.864989899844895,0
13.566331633079336,28385,34.14545689545962,17.54720969203015,0
12.030680739854766,22385,8.423550862422807,-4.7208643547786,1
10.592477199749116,7395,93.61401684533477,39.570093152480574,0
3.5077755476975145,24458,37.792084638084894,2.2068410403453176,1
9.476128063407845,2031,15.115767512047105,-0.0723798231453543,0
9.943712900839383,5981,51.726402782349,16.340145942796827,0
7.186336384670287,24432,78.0044405880927,16.86040896974443,0
11.032285730003945,21860,26.05649488866812,11.991036891662214,1
14.424305140887231,44142,30.60155476266952,28.594607316262724,0
23.31711540726318,25329,28.057923745865402,15.832720036430135,0
13.047466876991034,20432,99.20894001900943,20.484772757249207,0
13.545302344336584,39431,23.75335470440154,26.187319270389278,0
11.553324505402998,38532,59.67442061178178,-8.748744921806669,0
0.48737270820575107,16390,92.90014095741161,18.53220912725224,0
11.840916747304698,19307,18.95517404338903,34.209723561418464,1
12.361381259646159,12267,97.23114879743152,-9.130562853728305,0
26.779452674911717,8571,95.01033726758433,10.259105190048054,0
10.845834211313266,26649,89.03433877053494,36.3113725102915,0
13.809284054001674,16040,25.382869526350213,7.6577201141268905,0
11.79172938176854,36176,65.23523032104342,12.936441210012044,0
4.987931774282808,5212,77.28468993131781,39.07706965221564,0
18.85693688709012,26701,98.67265317866082,-0.03380705247130966,0
16.511598196120644,45458,22.14026309773019,-6.737240543749703,0
16.74619168225828,20399,77.77246045433316,32.97112954306522,0
6.5436752712315664,20287,37.18611114307573,33.42326706061843,1
20.416765865616597,21482,21.68451422896022,13.603891734000658,0
3.5888936232463147,23106,45.03080941531622,15.710358723864314,1
15.521142562801622,10650,80.41441165411855,31.790318480891802,0
25.142733754859872,20893,49.160731351884955,26.927974905789757,0
6.05678204921587,37759,56.06469451928961,3.2574501108505327,0
8.602213622383369,47187,99.54014396901151,-9.155332246424077,0
12.597908190525848,47436,42.91538345795547,13.985008126677288,0
8.979146075302804,28250,63.463071697377785,32.94561630478207,0
2.696019413603204,9093,39.69819915346033,34.79173383450811,0
12.411377848836164,17858,42.31463640122697,37.81130985380769,0
5.626177717643371,17107,71.08587157731377,33.978161880639064,0
14.841554583811089,37881,94.09926272901393,19.002177764904918,0
6.4834545945971795,25311,56.524100296770534,12.230279961805044,0
21.29960643010524,28574,77.99799325013409,28.74249232670495,0
7.300480245982578,21095,13.474623087611564,26.991081718279823,0
10.067630902765947,44694,25.060013556033063,16.907171504072718,0
16.88110330421802,49877,52.702505887355585,-5.633631372076544,0
4.614814101396268,27353,6.901113744733605,36.30406733934594,0
13.364759607624777,8683,29.021222982443085,12.780126875083106,0
19.842856525694568,21161,54.153122533371786,8.166689095813215,0
2.3551005926326347,41669,6.421313834348568,21.478369758438586,0
13.107803151193826,36995,30.13189719147396,23.691898058348848,0
13.55929676549054,14203,53.832927850207604,0.5343958515150715,0
16.69093723066386,31315,59.449178558218335,31.84694224049781,0
4.578295734731508,30065,92.94641084025402,4.496854683118893,0
4.077260321494342,23442,66.30783420880775,-0.6658037042841647,0
15.131649393701386,43486,44.39990124034941,10.319992642724872,0
13.781908039399116,33661,93.38336182764144,26.528004044873263,0
13.50295710207526,49260,79.56388342184046,38.27290892199017,1
14.078689256981855,42303,24.00084750571102,30.46406321857166,0
7.919851670529055,10216,17.43002432813788,37.017418883509585,0
13.393522182966022,42063,69.20210539555963,-2.9697097961736607,0
13.758434839792088,33849,58.18890072981346,-6.441160056816161,0
7.713891491841793,47598,80.01899331031179,17.88523809533356,0
23.19464706686854,43399,75.18647975747521,4.514874152201718,0
14.842997525470725,632,64.39509571646393,31.402748648463643,0
4.852179016784108,48252,98.70630630474476,23.599393570116305,0
15.939321651802977,3885,55.691024360488825,38.536408199289724,0
6.151909978636072,37038,15.745046867663385,2.7396177865652103,0
16.722507622454714,35536,83.68598865751889,14.28920571776162,1
18.951573474044423,34243,28.926069422842353,15.062023871267664,0
7.075906089889737,40873,78.84370407367224,1.9588397428688098,0
17.78025677546593,7713,95.92517412000488,19.50466997440039,0
14.47668556161899,44723,71.19557382661242,12.164299303961975,0
16.93236095996694,26619,61.622865290231104,12.336077799493681,0
23.380757895923683,3335,48.73668668912885,8.13683239862418,1
10.527671303982777,3238,39.61893726956331,-9.153532378723247,0
7.477583013855062,42817,38.53545134232444,16.10476184573945,0
6.66291342224686,4634,65.45540704241111,6.762391785016556,0
7.10513829020737,26392,76.37094610908586,-9.934006550783517,0
11.537389743515375,40101,69.45912160101936,5.397185383096601,1
14.04691184889986,8853,23.84895961338846,3.9314166544878493,0
13.660144795980115,16190,51.92878211363166,9.67240766118179,0
16.96309949421614,2409,80.20580685739098,-3.4074005178301525,0
12.078011351267442,26203,50.191887427960346,15.384191231754222,0
20.721204462943902,14996,55.97921157487192,24.622017625906498,0
10.412059000572263,12562,78.2579245762281,21.509278452728623,1
28.321014999537713,10350,67.8202040951837,30.18774737845953,0
15.754004086590037,28201,43.8877674838273,12.600414399354058,0
6.857054661502305,35231,90.0642075634508,15.95458651698641,0
5.574645011633326,5653,20.443871523030467,30.520097042949168,0
14.894834491459111,10981,99.57406261608085,11.385058540961927,1
10.659223288044895,34234,16.290994955242535,25.079967494979847,0
16.284002964552553,1389,6.420247254902696,11.730118435899593,0
14.839425747441268,19945,89.55179560913264,10.886809725578132,0
11.563026524058763,6961,28.270583294765828,28.010281226458016,0
6.91923769158957,39434,74.32146460743849,-1.2581542266894419,0
2.910916651884812,28705,82.04646061854659,6.929298597078679,0
9.320910287597874,23851,86.6037071480511,1.2086138373450883,1
17.138392765940836,16506,99.20145238809583,7.955497148379856,0
13.284562464781224,44649,32.93377245379991,1.5187411183012012,0
4.525567327728072,49612,72.47311748308962,18.970281554332733,0
13.039085555107093,11440,15.962986536678681,29.908540130892263,0
14.31190427837302,11758,43.646882678900695,29.330653060895095,0
6.696855382793202,24985,85.55731086469609,8.225048227439622,0
12.922350635673167,24263,39.927514375615296,39.438020294713084,0
12.349252310675999,40548,61.15406115088334,19.692718235290037,0
5.142178213016262,1567,52.858477153840234,9.970015088914739,0
14.1467241620897,21107,66.36539545564428,31.776963962071274,0
15.364707158209406,44383,97.42496699183101,26.493700632132043,0
18.498307459051663,9518,10.294875017633201,27.46376684120522,0
18.322812312209418,49021,59.52634416265482,-0.19303251330642035,0
3.7339837922574537,47446,86.98773402877706,13.416215368427757,0
6.3730497605092635,15687,50.73135761610061,33.091406541230135,0
15.090211603251959,37875,12.460082664449418,15.201900381437865,0
15.082715705473253,4485,58.25123847959323,24.172637171052518,0
15.090286117836287,43552,36.547019628262944,19.396686651713228,1
30.0,20063,19.71946960710391,32.117839385919105,0
15.425343064159001,47822,85.65827876192994,4.228041988080131,0
18.813393841083595,37806,54.551953734156555,18.773763894318243,1
17.724010580959213,19108,93.66125917601133,-3.838266599509801,0
15.908347507834788,39639,81.57156793729156,24.510538834973392,1
10.108384532157928,2226,70.8323204084984,26.598391917635603,0
16.553815322959604,27082,5.477422819704634,-7.858133940550079,0
7.363048712774569,6291,45.643228380633744,23.789548181399255,0
10.579088359559947,8958,23.761196756943068,10.734507708289318,0
9.08781871302538,17721,91.52580154964244,-3.795156194515883,0
12.491244836317936,49006,21.585478544254226,10.99537738492338,0
25.887951400041054,21468,32.175704907632124,-0.2883535152209149,0
0.7964088444495103,17570,54.09949293477742,10.777976606165826,0
16.11756114224708,28437,30.01954380481753,9.216951397926385,0
2.3237047728620888,42331,24.93714434151651,26.919581846802874,0
9.168408805263399,43433,61.91443588476148,28.71077790831794,0
18.533703581804197,47807,13.448304661727267,20.351432719227333,0
12.385680114572777,48840,10.525937078487848,-8.865657890877623,0
5.533531332424163,37915,40.36330304267678,36.5511139535497,0
7.70817774444019,43270,73.46312317824692,24.311664004822383,0
16.077586493608056,21302,57.70664203602506,-8.290227503940558,0
7.6178002096971795,44101,45.17326450434399,30.941644960705894,1
13.29875153749185,10920,58.74639860133533,0.013307735899806827,0
12.273431039422883,7142,39.71789104206099,18.96105947855534,0
8.090397914365099,20275,93.93390186605073,13.331718497509357,0
24.863664535951955,29254,10.21596463652356,10.991939117753834,0
15.803514133908067,43810,68.97219050783434,34.48568600621988,0
0.0,4857,89.6718531586363,11.868064578130737,1
13.118725888616567,21763,81.36904732984908,-6.232794121342463,0
8.029281211389673,48867,22.48389830803744,37.331936360747626,0
17.114600008777344,13701,33.113003153127394,36.026761561981374,0
7.244875569403796,3239,73.11955417717495,24.22163447907994,0
11.311581351198607,13731,13.005703122172726,13.39462640660125,0
15.029923673882744,42778,82.12686148409549,-5.357026352823937,0
17.194531165020727,42995,73.29615973745508,29.53740592887381,0
4.798221557665343,21668,74.31263167735754,-6.226104278798552,0
9.99299258495431,33124,14.522930175421182,-6.569950755242717,0
9.150328133034263,11135,73.18725175754193,16.869192121968403,0
8.080024604557728,10464,69.58272189589715,-1.9935879907679888,0
22.592725441686582,28285,83.93763662807581,-9.61348663298255,1
14.429890265765733,30010,8.951615844364603,11.155671549789313,0
4.434696273989729,17761,7.1955135044402585,-3.139138419496703,0
17.507171682328657,19754,40.43567448846327,-1.9742292359654379,0
24.7329371820758,11892,19.134886965669523,-6.154468063233267,0
18.194791563306882,12836,58.04652536917108,0.254687686180497,0
2.8837802042759195,12439,92.14814564314113,25.77420898871947,0
9.094595562802493,27912,42.190574381731494,30.44636536088957,0
19.601466895119735,17176,85.27028584089739,12.626682201465032,0
7.753983206287316,10343,5.022883079197315,15.327690794070884,0
14.662916568877371,46091,21.0088911286225,-8.36724827028987,0
16.64780432057602,25612,7.890236267138134,-6.534186931434157,0
6.438417170531502,31098,36.17398214893152,2.8783862824758453,0
11.6428478636292,35954,91.27801159116777,17.194921035657377,0
0.0,33501,14.210451741903837,26.97755743674965,0
5.8536741519942606,27728,62.60892879066103,20.250153066901653,0
10.484591091641038,14929,47.892114216347196,9.606392749339413,0
4.513300908210903,19258,94.15448017475218,-4.083796349843091,0
21.794467823589812,2772,16.639318541023915,29.03866174435947,0
3.419151732236204,17850,25.14264579771175,8.189302579952853,0
9.359733079818097,23038,7.806487018091861,26.80270072413948,0
12.784443463716547,3900,46.223848714980505,15.648942095717093,1
20.647639734396694,15871,31.394125458642158,26.933102678091263,0
3.3848270929233637,37810,87.64106371958049,35.36447807262859,0
18.978982512929758,36791,62.46937725378673,36.0514758026901,0
12.061398366117523,18647,63.33862010769166,16.75533900003017,0
6.110948093712294,3791,55.53151620372373,15.575418238281939,0
14.772620845579624,35756,13.725782036774095,3.2839232751418623,0
13.19435817344082,11392,47.27677495390875,36.789991576464566,1
8.398698737047232,34826,99.95299302230907,12.895958359981044,0
12.418812509940112,37958,84.34678263037141,-3.6204380356311425,1
9.68811841882944,39389,89.87861014587601,11.635245731327496,1
12.681104071507487,45466,83.20650412841745,-3.647337488099802,0
15.972784047126279,37707,14.788960875943355,15.126584212853754,0
21.51610089687211,40788,26.607584136155964,18.06377574281061,0
4.573107007038906,26495,5.296556878858914,6.887788074679266,0
24.7982002479376,5909,33.83346186342059,-6.4174692884257665,0
0.2874732028649887,42938,15.317703222916794,37.17517678166195,0
11.0892894297865,45374,49.91536780365038,28.66765567417148,0
15.529903238907456,45202,69.32711141452069,31.94405402525605,0
13.685951206410197,30323,88.07800302861732,8.343419714311471,0
8.263802881076437,8369,76.17563068363533,28.041551500972524,0
10.751266497856347,36224,94.165631598958,14.268644758459711,0
9.041994392047002,22901,10.120337587409935,0.05417442030229758,0
8.46381145833473,26458,6.157084364571437,-3.7788311546393363,1
17.09761258212615,11266,67.8271208144402,7.252543466102843,0
14.142092915790284,20268,32.488478971113395,-3.122394426243016,0
7.842542428436075,31294,29.08259653004845,39.913448810203434,0
17.397599252599505,26645,36.43427333091046,-7.540550488398897,0
13.843797125259655,10586,30.630625499774595,12.057179968453827,0
16.87717271303376,43703,53.58645859865079,12.604676119519207,0
15.777773051541674,26942,46.81410248629258,5.031596429083777,0
7.026029934467565,16912,53.68071238078235,18.567578285347267,0
8.638913758818182,26096,68.90779309254144,-2.501148792422766,1
16.483761630739572,10755,41.77739835225909,29.195619029361684,0
15.662221592600789,42906,28.874230278504896,6.622385912381915,0
11.874590436215112,41024,20.78905099683082,19.567129489932086,0
12.703964299852691,23832,38.200041355599424,25.78196180334797,1
19.66598937473055,45124,75.47161514838635,34.45210588450806,0
8.45057166698502,16264,76.8869664605896,31.789371822610004,0
15.282584287020226,28063,68.35601173499998,20.41545140517798,0
10.786844085396636,22639,27.232676654153085,9.419659019194347,0
10.693912780636678,36870,60.86819335619628,15.160233503748197,0
18.592661111923142,5562,59.215517849800555,28.436739668940128,0
16.952498093928178,45145,51.00528882042392,33.87727712797365,0
16.881057816003832,7744,57.2480037064671,-4.810903591166406,1
19.832872842925973,6872,51.720110099248465,9.242813124652674,0
12.126023049796554,40373,58.71835477704028,28.805829920675027,0
16.091717827769784,20465,72.97306568900723,11.582588129698049,0
10.138399460439263,45497,15.414678468326775,6.611388203314192,0
13.944998114930653,17456,76.21444645415725,10.56613484116348,0
11.219141673793892,40973,17.90918426212145,20.14223733931754,0
12.581975789956308,14394,11.329659848985596,39.990257206690075,0
15.570942152621482,45548,97.72757019103942,14.649621455226589,0
7.090675900599165,33882,95.91421804269194,0.42472374771302723,0
24.55432365411276,4550,10.741471769353584,-1.857671236045263,0
5.963895711001788,17209,47.109076940121405,-7.8825126261792855,0
4.714868323273607,16222,22.6932691384786,17.940861745916074,0
18.948665241000406,15710,51.10776522776972,17.22860457444171,0
16.749976163777614,37045,83.8668380849608,0.2616963390154581,0
15.74471890231293,39174,95.30811860057457,24.76647032262835,0
15.77007305558568,34989,65.25400207789605,27.05535208148404,0
11.926519362918512,18233,38.62103838512262,2.9549102691055626,0
6.616473771085011,20580,62.31592873623685,7.204988201486826,0
12.454827349162358,37164,34.64012408030278,39.52358361736283,0
7.93702973092733,40209,91.43324587904573,8.71322339253671,0
17.85071840050651,46732,87.68804399505451,28.04008358780509,0
11.117655710987169,38514,58.032016276567795,12.636271331497,0
7.047016819244931,41652,35.85589696113425,29.667241393048798,0
10.07168495008204,27750,32.87201918038294,28.451161939132394,0
14.477588725653748,20729,8.174709496980649,23.387801259926782,0
8.61765268317615,48637,82.50298084740305,32.73891731477896,1
7.066677626601411,16975,47.786405238705754,36.960924743884256,0
13.462123268951474,46912,35.88762819802512,18.999166022604193,0
13.469799426652337,44376,49.75548372478662,1.8734453611372859,0
8.958340947773221,29511,82.78010909319194,9.931448082203751,0
9.173770166290064,8628,16.838349732214514,27.915285675664663,1
13.392299624145817,32950,86.47731888297359,22.544174256193475,0
3.3114939510160553,19397,90.26333933529364,-1.1100830717375632,0
3.5552173537406686,8668,94.93725192821938,-7.4380229426787645,0
7.6893346724853835,7361,42.76135928014964,24.148079677103244,0
10.719317089728916,42258,25.62833838357883,2.5539512014672674,0
13.865445393588027,14250,40.495877754336355,14.983512186452671,0
20.85213730169731,17488,36.626649141983314,27.337338625629712,0
17.145957739212115,3479,21.734621687771707,18.133339032816657,0
11.040368820219438,24024,62.690333659641354,-5.8348708444101804,0
11.885902752583867,7565,50.27929524831974,-0.7209881608222302,0
5.984823812173147,38184,87.24159427078035,0.9664092015459569,0
11.88892118404566,23684,8.050410145795533,2.893212682242244,1
10.268048166479172,33865,66.167453117737,18.270169597525214,0
13.936311362028537,24204,77.4801434585983,15.198288991269674,0
7.0366143386860625,6122,77.15122407288916,0.1580019182104464,0
15.116079085447033,18761,89.17702687407488,-6.6222578272156465,0
21.196433478015464,45432,74.25820556880194,-1.4283897762640962,0
11.347439109258854,28919,93.14195585653115,39.21906563093017,0
14.41027033259365,34967,36.60237698298469,13.427347489573613,0
16.140863950266674,26105,52.80489459139659,33.36727523510562,0
9.592677168684983,29671,6.337568011874614,32.43762333344216,0
13.3445548908625,22664,5.660970793812665,15.575977873143685,0
12.075554404690768,46697,27.81202894289439,25.334385423027175,1
12.58605659129299,14296,14.5766837282131,-0.3623994793643859,0
7.361941296867201,37354,29.720079953896594,24.419835246345414,0
12.147061045553656,31820,21.819112980197755,3.619228963164476,0
14.987989747472696,1165,7.709402359671583,31.603104837707537,0
20.70686164677025,33194,91.38389390857469,-5.8137933445545045,0
17.75562495651124,24730,5.7811974819446945,28.656933644263873,0
24.919094745069337,23495,74.92780371202312,-5.003154671569023,0
7.395914622671703,27284,19.45404925735407,34.05946184471545,0
17.23392382032407,15105,91.66181408996201,5.2102259067501855,0
13.10005203443011,17963,89.81561426103914,22.719668241528737,0
25.138817599306034,8919,67.12060890507945,14.375113931013992,0
7.150210287869092,48452,68.86224423105749,8.31515726311695,0
6.961668946915344,34337,5.5072184871204115,22.272091659174823,0
8.403644127335866,5763,98.56279878079219,37.3761490275619,0
0.0,49377,88.39409733970237,-7.936512631268907,0
8.845469869915433,41219,90.03509144435874,35.94264279415521,0
7.445204030677813,46187,67.62823101983284,20.454082751050677,0
12.902362718857246,34631,37.75475822218097,30.365715038452617,0
14.050535854662957,37776,89.89662166359568,9.19374767171388,0
23.257025035295317,35023,32.69410817436327,13.592148741880687,0
17.702543029116303,1019,58.457596617509274,33.4425375900582,0
8.53857806602558,31606,14.474442372668827,10.742398490491155,0
6.6095119719098525,45004,92.58578486261126,16.73297833745425,0
14.951515029039035,11014,18.373193488265265,-8.990253845783355,0
4.078600757876147,47956,26.36519654438869,-2.0700997080978856,0
22.988752595126122,7733,58.02274502218042,22.08432539873999,0
19.07664072432772,1602,77.58883502023325,25.848845053193855,0
9.18494608737177,1097,63.8383740639484,19.13004683922497,0
1.7211928254547324,47215,27.052721716014837,-2.8344981862194665,0
20.12323424499248,20157,5.089589040111582,12.270271428891741,0
11.312760928484293,45509,76.92930512920672,7.754738318159491,0
19.426897871840772,39049,98.59469596155391,14.783067201754417,1
2.4334340472337974,44065,81.94174642907859,33.51645172770471,0
8.403749862277362,6756,48.719628724878454,28.793071932932595,0
12.031462198309098,43648,90.85788983291512,-5.8005249305420525,0
12.281883562588453,29901,43.93552894624325,34.515459888728216,0
9.299607171124538,42048,54.868738003129415,13.588357557491179,0
15.737099594084992,7054,50.32732790258991,27.193107244299924,1
5.594277423704433,13164,47.52426790322487,-2.998038436782393,0
11.14572308987224,42867,78.64312308292105,23.535976285352405,0
12.721773790271394,48779,55.04304619060174,1.8163008804728964,1
15.086633004352494,24886,35.088126592395525,11.919044857046577,0
16.269689268533337,5346,29.52502592755544,-9.156856495894779,0
5.252147448972786,26705,8.585995111906172,-2.419468103476199,0
2.7953149755862663,26070,60.40354037888937,-5.3959753438190114,0
19.666060931391055,30755,26.84633446309825,1.9872086469129224,0
13.99388407187755,21682,19.072722591556392,-4.999095498783887,1
7.509080780660678,39873,67.11384656362938,24.595501330978095,0
21.306911853135137,43519,69.71487949304714,-8.548004889539031,0
12.694047805757153,16543,76.45471476447827,20.887025031249898,0
19.075783104382957,46032,52.83980515216619,-2.9646084587212873,0
12.405110888460653,36254,89.93518749436923,37.25807285889484,0
24.364487549291923,900,93.95256157283164,36.65470365549271,0
22.53204505465923,19739,81.7002392802865,1.2751551260481309,0
10.50621510912556,10916,65.38138079077778,20.721064911151473,0
17.829425705726134,3912,33.853490591162924,-8.599734026377078,0
15.872255697510885,16940,98.37976755392101,36.589427152558706,0
20.21178934519409,24906,31.042935883234144,16.149365409585485,0
6.210459236519373,2375,24.25240758909095,-7.83884242911105,0
16.116308759990638,37566,47.00464080972536,7.124999650406869,0
18.350546921097525,37036,10.399854217676904,-6.15752690693829,0
1.4475630814613143,6252,97.95697414382012,9.647221968667994,0
4.9004489240053495,21717,60.90118785956036,23.496317108066155,0
0.0,12989,57.91044870809665,13.49449540207198,0
10.383558993332654,1853,67.30064659047339,9.186108735972724,0
16.305253534775773,27486,52.21724653883463,-4.04214772297676,0
21.01414231257617,21871,8.04603412398145,2.2469522846828163,0
12.444568682518652,39865,63.169572439837694,-4.992835613082444,0
21.77169327342775,15191,73.03651831086091,30.374936582833037,0
3.7193912507106517,4811,44.591160759285046,-3.238008600763872,0
1.779705363869072,48575,76.94307934676333,19.768668327444676,0
11.666713806620287,11294,26.565123437149957,7.137020679442294,0
14.304392693635844,3434,26.02127615128748,1.2989192327591748,0
11.803831511435442,16906,20.334613830319526,21.973421974605188,0
0.0,10894,40.339502179970374,12.850115468847033,0
11.46527976292327,27372,85.46614336196293,10.007273364227956,0
4.173182996970881,42208,83.65164590416111,19.642600244611078,0
16.01803529298023,41593,41.36829975653286,14.563381424500037,0
14.199589476581089,21300,60.966279918122474,5.174210427578039,0
6.360721282035868,43897,73.47755006511699,17.953064388262582,0
8.916798495979839,38409,27.914643589662184,23.47492882753473,1
5.64471886866629,21852,20.973403160000974,-8.665342070657285,0
11.623925416360969,36939,97.34911935516955,13.293586445383768,1
17.73085392300743,28812,63.667944754913755,-7.1158357708228115,0
6.085643721986738,40560,98.23449357419807,-0.6797292965944468,0
15.024279093107067,15938,37.08681877756177,18.025436703898656,0
8.818454289765356,23885,71.7880114975425,33.30944576327904,0
7.242763006425935,45499,26.147345471417584,34.140283959424245,0
11.357817840272652,18982,29.81401627102173,-6.502799493068436,0
5.7885460654837555,32971,53.63070152061428,10.955254314335331,0
8.678104167916908,47779,35.363721923266766,19.150324150227565,0
4.812732644466909,44377,20.924048564855525,-2.6465047724828294,0
23.788350797498335,41712,29.973666688985972,28.271610837238583,1
12.211581311830372,48873,8.396097474257141,27.21176292186194,0
7.8016469520444875,13526,71.92024404036123,35.16705068533973,0
13.28387946440533,42589,51.75108242315685,-9.575699395827849,0
11.326031701855023,20148,13.953091308429935,0.8342121994501328,0
10.674182402800664,5935,21.310929347206663,31.359335712266088,0
15.685000200260552,8993,14.74078112070118,23.52900254134677,0
16.54504626028383,7191,63.196316786208264,34.71949268492454,0
8.816993114336835,3263,13.949984543186911,-7.141017273486674,0
8.54509055613192,20889,76.65682163834553,19.848198285822143,0
10.349689817090136,31998,6.948537335437162,18.452328744683708,0
0.0,36509,28.69069985960975,-8.216279181973382,1
2.9088536268086878,36325,89.61333420973118,15.676103845624176,1
20.201245604667147,17434,73.26047522161338,20.476015565496212,0
21.8698062810077,6074,11.931991627940333,-0.4353412898946385,0
10.50578376266173,38679,83.00697992609207,3.6664791562331467,0
15.459341778334599,2087,51.838336546319454,22.01736731488685,0
13.867500927261217,43282,85.44438758103878,13.415047379997917,0
30.0,39188,62.07027857278737,32.90068287841634,0
18.717449468607462,12188,69.77413804312158,7.119088300459417,0
11.2324944511154,4909,99.38264823759228,3.3329829194100578,0
6.266757356397445,6283,27.071876862781725,39.243297017242135,0
2.361322078454565,33980,64.27482960233189,35.55678850650417,0
13.220781815203338,27251,48.73053205545284,-8.550362750051008,0
7.46189552829418,38674,8.747935527655686,28.536430765328294,0
3.466477742413955,12541,6.374710942772178,-4.483261308739852,0
8.12056269454484,23727,16.326714892696575,-8.625740258531453,0
5.510711978313629,35701,66.66371535116207,3.6847757983174443,0
22.12284981043539,36569,58.88049335177226,3.467293953055215,0
17.289838541696703,17154,57.57580831055411,30.965938117348234,0
11.952164152100297,26870,8.026392440184708,25.533362297141757,0
20.879664833340158,29982,49.58378465420067,39.08047136660071,0
12.46420984588571,12086,92.83916769504022,25.575645015590922,0
6.832294792030418,5822,42.77122758451143,10.912777662802394,0
21.138744463617943,14432,64.36763462990335,24.94638304726084,0
15.233460262107952,29799,79.08277418419864,39.9729533593201,0
5.776523074041261,25679,79.47290151847932,25.507094128126404,1
10.85796793149835,5757,54.331607827550776,28.084067799015912,0
6.746290479691456,47001,86.50543481322195,36.91825075951297,0
3.7032016142139823,46636,42.18091886955596,-4.3174369344158325,0
17.55706528518985,10277,89.42585540455585,25.239214672386343,0
23.456499842820783,11749,27.821580807576805,32.54029789837245,0
3.6085945570851528,21890,31.620558664104248,37.718930011044655,0
15.377815420143426,20869,10.046459298905104,0.5484644855849685,0
8.096144585269037,13381,80.58027447151687,15.19645038621221,0
9.077247697411822,10087,44.62024744210703,24.02774238222409,0
8.445636454566785,28764,26.76607832158291,2.373386475066872,0
6.816055381921104,9291,27.02007637357507,20.023643162513704,0
12.291129767668963,41973,90.63299441677715,2.8789391248999685,0
7.014299301533773,22875,84.2220770437985,6.6728510265823635,0
13.622740954679033,23111,57.58543410893242,12.075934825543253,0
11.698571343305177,42526,63.5305260394935,16.459504937328347,1
10.566311718801542,8333,50.06092920227765,12.468293581257532,0
6.554618027750413,47513,42.20832157348684,14.65977598939646,0
8.539372016590004,16254,91.9703037157415,4.929437814414631,0
16.532347354954535,42548,16.933206834428695,-2.0517452988684703,0
15.005503125746284,13077,44.75244502304165,-7.632501133658028,0
6.1346685312086935,31595,37.733381258848155,-0.20106387541661497,0
12.595993832575354,21748,52.3243184238591,19.09718207528915,0
16.508322740230735,35782,48.475028081791635,29.30577239015662,0
1.9835683132717694,37237,54.29450550685274,-1.5376201278552737,1
15.26016115427961,32391,18.29230283656444,-4.572232111367577,0
8.02425744632492,24624,53.74844264376132,27.46451802746251,0
15.423592011558956,5066,28.02978731928503,5.257916526864484,0
7.420445060744899,2696,22.51147815387817,37.57497196136762,0
1.1707073960128858,31615,11.159250784688165,25.715898530518654,0
2.234745372701024,20359,77.4519930818334,6.337802362151543,0
12.288509679968293,11845,45.606982481373194,4.477137389685247,0
13.558335010328891,34577,64.53114991461705,16.18491931356545,0
6.574100249373549,1364,74.12136761395062,-6.042766586089528,0
15.831554752664243,12555,69.53508320478758,-4.11617436773505,1
2.0308796263862408,38657,49.69756831351982,-1.2071059341903745,0
11.603521208116101,20247,41.85036025041433,28.73617966522801,1
4.733902801425261,44984,40.71619141586305,15.692867963456123,1
8.088983353187045,12478,65.80463570835535,-9.471643861277853,0
12.284392027898484,25099,52.00546371947797,23.67582637360545,0
6.837519808296285,36271,85.66756355890851,11.184508933024853,0
9.692666734621048,47442,88.09668851103766,15.542618248189896,0
18.037756855286645,47040,21.203235910619256,0.7058121706467779,0
8.538648782861108,18115,17.942196896843935,17.58911141970518,0
17.01415267239085,41227,64.88808797341996,38.95766198757443,0
5.221758872054291,45248,33.61644606591654,-6.327765449711928,0
15.178825067491697,39849,6.764218282684392,4.195869983221532,0
20.649411723947402,29877,89.42105358948074,2.149879643041489,0
0.0,30531,26.555572888161784,2.4274655375589793,0
7.2186284671771395,43233,93.28166191015187,8.935317878268865,0
15.46243276308324,12260,73.1562728334341,30.905489237208375,0
10.781727683742044,48190,77.45208154159101,35.64293449821937,0
14.226875240227853,34214,24.13884210035024,0.11075437294866597,0
8.376088879705076,26262,27.248470433597227,17.147496897405638,1
12.5195387248374,34832,54.52043661328625,21.844948608274017,0
11.065936587647522,40600,21.349486001736906,16.091373718192244,0
19.006692369958845,5444,34.01601080488807,11.703819709845979,0
13.526525059807279,49325,35.53893540504142,-0.4012247070381081,0
14.025615972451213,14377,20.16484365901259,14.410967959961926,0
9.528738203265195,30490,24.492369172540272,10.060741385566445,0
9.07436265556504,43407,79.91242499078437,29.778168125113485,0
9.404650873082275,34576,20.883606181990494,28.180217958149758,0
14.366712854269782,3758,7.7034522251726365,-3.3000659397164647,0
9.474093115078421,32129,64.78871954974915,-5.574047371846621,0
13.738649141378477,38079,97.71839634228274,35.40769716137515,0
24.45240479187263,23458,36.465312389196534,16.775419448224884,0
17.226748220590153,39965,16.272291803643967,32.89004686412953,0
10.043858806992953,20817,59.186795909915425,-7.092443971679943,0
19.20728353298367,16275,91.10365005408639,16.325780826081512,0
9.551547761870692,11539,79.48586908370548,16.971325728811816,0
0.0,29597,64.13900749920802,33.035101627107494,0
5.951482134495576,34707,34.93036717772194,-5.1195000885146245,0
0.775248473844866,23053,56.4786164612409,2.022278183795465,0
9.890919095752148,44902,13.668259923904259,10.326915694350657,1
12.11051027513731,555,69.49981530666365,33.292073770997106,0
22.058623873651698,23661,73.88412179527683,36.94416575352835,0
13.961564242584975,33373,96.67800417644229,39.63623097968139,0
10.685396827146814,36469,29.737749080781807,37.95967432292608,0
16.976433487100934,15684,6.753359809087151,-9.70291220778228,0
0.0,1169,56.83280412057931,-7.614582927306398,0
13.413687348651395,13163,72.14509791769737,-2.619659042120567,0
16.6251911633218,25818,80.08871020888385,7.443104838513657,0
3.1284825253209507,34234,23.405198637357007,31.495901549347934,0
18.862524259241574,17191,29.866522558517246,34.632809766774024,1
14.030978444966484,19022,53.696137900393154,-0.6582796852708483,0
9.508272516595193,12156,36.40707694715017,20.983207580985432,0
15.79669119663771,16393,86.74859122580727,35.86809925326383,0
25.624157146826377,46357,50.007214605178426,13.186586796566038,0
13.091197530350971,16993,80.95997118969028,-4.822821402360802,0
13.489323517802017,4132,60.158877245823604,12.890682504231247,0
9.243834602758536,30836,78.44356345362564,8.789745114402862,0
6.900933783211249,23612,36.603933720380766,18.88289980330035,0
16.982014899265472,38952,83.98457908337956,11.932934220355182,0
6.863497044546797,13766,31.08436997734705,-9.132703657314103,0
12.429397423316354,17440,56.87938676031263,39.699886670683554,0
9.134055319409299,24503,25.33067575151805,17.177011886528547,0
14.873878954478352,33372,50.175019554488365,13.681537774230478,1
14.00197263172169,35315,35.2266449033268,37.7308685752027,0
18.225239665547395,31369,30.336825910535353,-2.2069816206461446,0
8.939901606871517,49797,96.86357671266356,-0.538119872737588,0
10.380750388239772,17757,20.207040021239408,30.400737453139175,0
6.127417705306156,17182,79.79595455845255,3.0415540012504385,0
9.334240439543333,20122,98.49567115090542,29.96135531457635,0
14.263802958269112,30908,6.8906409553073935,3.576674145425127,0
16.541931699872112,9337,71.40760433399903,-8.340618488749925,0
6.467008054934247,15907,29.026621527847276,15.850736194335799,0
17.217635520633962,29809,8.846343311188923,-0.1656782936569312,0
20.133827152829706,6882,43.27451000087993,27.892314646623554,0
14.480609419342205,28154,93.84569196623313,22.059981661607406,0
23.260774875348396,19395,6.1176839648647805,36.18013339889589,0
7.357264805378562,34051,60.84914073332926,29.149417863286796,0
4.532071780131497,21876,52.632665466555814,-0.9612022579636581,1
1.3276785065743284,870,87.97149561524951,30.007911833239817,0
20.976265868935098,49176,12.980162879459437,22.086852240701162,0
15.926193938124346,986,69.74497283923178,23.447582088031247,0
11.66649197453727,24262,69.61042135116134,31.613144298507436,0
13.679811757918921,27113,68.56260160191691,18.691203459447014,0
5.247065716209741,47768,94.52177701882852,13.300175717650646,1
26.674511877700958,3696,83.19331525565364,21.8320517679364,0
12.775327091851365,42820,8.987408993133071,4.897871447917954,0
12.656368767629358,29901,49.75287081692875,-0.8701434456450352,0
16.354599743392153,35529,42.80554033912668,20.82939190356232,0
14.88605539042028,11313,34.4639860036262,1.692418454273884,0
13.343304145674788,42416,47.87698888963924,-6.004244532669664,0
7.257153267328128,9072,41.49844756796786,-9.972290770737304,0
14.828810142815975,48276,46.071720488473204,20.415970070003358,0
23.2921469788502,28725,98.02987723282104,8.10743917401184,0
20.072520276929865,46353,13.420132601210172,27.6155485336728,1
21.559119759836385,49890,92.61193263467933,8.758819915655122,0
8.932705941412888,32775,50.62248777974754,14.300172411911337,0
6.062371078448515,7343,64.25551332245641,10.354248640769246,0
11.245278479402112,1605,83.86738182868092,22.528739555467308,0
12.334349473732168,43709,39.24398776917928,7.80695810074841,0
18.56514911082569,32139,45.89008126835685,38.18838249711545,0
1.8452122217110838,42987,43.90425562647783,36.80734932992651,0
21.177301916763682,18551,40.59944714089718,32.40139513286407,1
11.051952608526063,29208,92.92528555645502,36.015013528637404,0
9.43871358031548,35959,83.74833966333615,12.456984422969551,0
5.927373748438994,12364,15.35499903698273,16.821519839474604,0
2.0708599688053813,35264,15.271718485324124,27.10462962791222,0
16.939023503771487,1925,45.64760391103416,24.807296246927056,0
12.439907803130424,49646,14.37245078961686,34.53392978027354,0
4.260234601553677,7349,63.813844050756366,25.816551362834765,0
4.229527367618303,36515,18.650702689864723,39.894235411423026,0
9.98529180425923,19476,54.6254600768461,7.425289991579551,0
22.01412915173636,34758,5.685894965353187,31.649887111970894,0
10.442451891818372,47578,35.07665309920144,24.88174114163321,0
2.981142281291363,31613,69.33311874890227,24.56932226075093,1
10.525541615484336,15901,50.9836993216456,6.291779742249945,0
10.36365858151398,13384,97.93560116990388,29.280089621151127,0
0.0,19324,88.03986062629002,35.01880111737996,0
11.674230800893127,38063,39.11172400909936,0.9274230760281477,0
10.614392818747932,34914,9.321221439866086,21.274841855835206,0
16.17723818888051,16642,85.33449851092679,9.60674145513876,0
23.09373656967207,47574,91.56725947989378,39.47740596474385,0
18.759390177286544,6456,82.9596023748085,13.94164079158408,0
10.386667856671018,14428,17.15524438737766,1.4160086898471347,0
5.360844547549979,10221,99.80193776916734,9.092881261091627,0
27.44015881949916,11657,29.565501047513514,22.69191949083131,0
12.35531060408693,35635,73.79946671679515,-6.195531432521186,0
12.083575751477678,7196,91.26331325189355,20.18009601106188,0
11.85524947733998,28362,27.390275861417397,36.5612379589449,0
13.188508564607131,5690,91.28456269432128,32.51813938289252,0
11.133837528456343,5163,34.40075002351236,-6.616323167100831,0
8.558027958718583,40330,97.75925612648534,39.66949393695341,0
8.718846352557648,4831,31.719701936145086,24.936346185193955,0
11.803480378704009,45148,95.57640335199434,-1.8859587842988157,0
8.73945137319741,29049,10.086741834804116,-9.379195541528825,1
7.722925303937014,16746,72.38084110863224,-1.4358681853924327,0
12.638581366151382,26261,55.55055771451535,31.908796034286926,0
10.470136695474869,3762,50.39832232665941,-8.918033752741813,0
21.02395793149613,46588,26.231959854304797,1.6573651809043277,0
0.0,7536,72.03160002876673,27.86527976674377,0
18.54904111153477,22822,23.126901687399176,19.305526794906754,1
19.476511154985776,19631,57.51997061855298,29.136785518009592,0
0.0,5177,29.058309488823827,27.307525191339398,0
9.943874435517907,8472,95.78403107922882,-7.4699306439097635,0
9.77135480402525,15829,7.719963414387018,34.62557095470758,0
3.5549298316930726,37532,23.97418661056747,1.3515917141134348,0
7.333099874454748,36401,28.019507606807533,17.669622011488187,0
5.336544927205027,44880,44.33644344794256,22.214407826388943,0
22.513622660541735,20993,27.109372977655084,-1.5685894557452307,0
17.614070358884767,19095,51.6781635755346,38.81156283504872,0
19.629330569964953,22423,87.88422470956121,14.40779780436545,0
16.33003238425941,47426,72.64602503387123,-7.117865220130328,0
5.2256893726966265,10235,60.09638815083555,36.86310223889202,0
8.852878402321359,34957,13.455301908354567,19.313392159663405,0
14.936247367367509,43031,70.92925029698118,24.959659899068818,0
4.667233146648328,8227,20.809357009539287,16.258789496711206,0
16.277990581034327,8264,79.70490166636131,31.736897738848377,0
10.55804761105119,46271,28.75539205846455,-8.343326890339455,0
9.751075154702416,28099,44.61962919048558,3.418918263857388,0
16.26575980922095,1318,38.294669220203154,13.48241782013461,0
14.66557986891624,47707,86.5873218941114,-6.169819184314498,1
9.83420300508552,48345,17.021723577773773,25.295333466332913,1
18.95597882018549,37789,58.73626382655492,9.683170702782038,0
5.513620034400616,34392,18.495852897090913,3.633399513407202,0
15.695613641665583,6160,71.95560443255773,-9.831057659579386,0
15.558607547810302,30021,90.9824221404757,25.991515587497684,0
10.142721364116058,38909,46.287727117389075,31.690465443643088,0
13.956798133452708,34970,51.36876472517271,9.752026784074921,0
4.493318541688181,18885,93.10516946586242,18.210898851668276,0
17.544162115241406,23796,54.49418192168893,1.3843312964799215,1
10.890587181342067,24116,51.32185161470829,21.109882314006654,0
8.863661876885763,26882,59.94126475690889,-9.393127084239975,0
18.294055355021335,11639,70.47682495448043,14.432194854937922,0
7.773937856743444,32560,15.153920633267981,22.210274092034613,0
3.549232221818642,22919,83.00550013544402,35.9095886614867,0
2.6602249588565776,28285,46.37297760805963,9.066790856114213,1
15.636059708073837,16202,11.873108440261126,28.25951014905149,0
4.3174238850223015,29717,79.68735357383025,19.88435149717504,0
22.528765091906187,39791,40.81024731019585,36.35060564625403,0
0.0,12897,14.534912034030125,9.91888378297153,0
22.178738209740228,41379,65.2090087566088,5.954766993649399,0
13.266104803215711,35669,88.61247857619595,34.357099934707186,1
11.419721328777646,27440,89.3365833943287,-7.537779929585544,0
8.730485479146303,42749,95.97803010685246,-3.18073035331616,0
14.394816686112424,28841,87.43201867783536,-5.879778270797777,1
11.77419178545091,10567,5.203387337820146,32.15549782882013,0
18.619811292099133,46644,41.12291080927207,-9.46962883148403,0
12.685365891972237,14324,82.7615450910228,33.08285777485241,1
12.901810568771266,13944,39.79403556985505,12.563389768563342,0
9.818326726716865,46147,62.14710810607208,-9.798736057301463,0
11.658326257673595,49380,62.60011000058054,10.082258860602092,0
13.846810613352355,33807,39.67740388368819,-0.6599579477482209,0
1.738989644060248,11474,90.92502309172232,21.22002437360815,0
3.910887467365722,47114,52.806692811681174,23.967939496082327,0
16.45958456413629,38883,49.154499564062576,14.376378520249991,0
13.025192628767652,29790,99.76380583788011,-7.974023728016501,0
10.896099981883925,16516,51.88253458689858,22.806440218360095,0
12.110603598392359,32612,21.9478339332152,32.10193918027606,0
14.085490232170025,29013,53.741595172026614,26.016213866320072,0
8.76144191814383,3456,82.33158987439336,31.49789594776593,0
7.330171647586124,8577,78.80173105533673,0.02547617754437348,0
13.17507153058609,36990,79.91526768530474,34.44439698282413,0
6.129763334309808,45327,72.26225947980161,6.10967253239814,0
14.44951653428683,38355,29.15069376133538,-9.32975928740045,0
1.7844983745729577,43606,86.89798815482199,32.169582316453535,0
18.17493382395386,35438,89.87712921074518,37.09106344823633,0
14.835584894478258,36659,23.44450617876216,22.77790987086744,0
13.536178405883254,40210,17.393285472382424,1.5718315231712332,1
17.896145903673084,18500,97.68247201596564,2.5872232141265195,0
21.99284666677546,14306,87.49077654678496,13.329643671780975,1
18.08622039010878,48060,89.85743398494493,34.891553980070974,0
0.9547546120101282,13309,89.20575653931753,-2.520117192622081,0
4.322538199585791,15355,56.460248283204194,31.298683479174347,0
8.251088533825927,42376,66.40816498325097,4.565140435257518,0
12.156546301265003,29888,56.80947095269596,30.429308471454895,0
15.105954122814738,6958,9.864603173081262,36.01355988007693,0
7.645537121079206,36024,75.82279310851341,11.37469359971601,0
13.12060058686247,7353,53.00654316690863,8.252532705276542,0
7.467702405880065,40977,66.53236210507183,30.111065948565088,0
8.33089318204831,32722,52.750781472675854,16.4741441189697,0
3.5600334189106664,18820,51.72207562063331,24.222452423159854,0
6.460600523334574,29118,21.319965400387847,21.141461848058977,0
3.889892366301998,46115,31.477802938409152,-2.355557717760184,0
6.144760482136004,17852,20.0910057346758,32.23951801447809,1
18.321850779647036,7797,23.58829808440753,-0.21124442934319032,0
6.303606667008342,28440,97.43285113992897,36.61410720353904,0
27.794292389024346,49524,19.54577734835885,2.5285645711073923,0
14.959907405285335,3703,30.580690308994726,26.694048663687095,1
13.109016742169244,39767,61.10601748516557,4.232769674679602,0
6.84985331891272,38441,62.966964742480975,5.889270429343194,0
16.20185927645395,17773,19.62754232566376,5.500092639115265,0
8.546173042573356,25868,80.40315544959518,27.394612701304165,0
12.732058887872169,12150,79.59427245171838,17.840755898469656,0
27.360507229612768,31484,27.545181899369652,34.14762279237486,0
11.423640601652101,42441,32.42329875416874,5.368635960202242,0
18.895639957714053,7882,94.10884721865222,24.599626102837217,0
7.780941449244676,1301,83.43878736805041,27.647429983155533,0
11.79006905701823,41502,71.29071814093976,-2.425894348502091,0
22.62480381381306,47165,12.81215604350705,10.029467865990558,1
8.238197653273396,48465,44.735087685744695,14.140874717520555,0
22.87469134798157,20233,58.133677847298564,7.784369494718716,0
16.246511612732853,10469,22.804072358458807,6.1056297984569055,0
8.625199344634394,36469,47.58152530028133,24.320994699882096,0
15.794446434333125,17233,62.097458361425545,0.7933198829744281,0
17.83532669776038,32949,36.100784610962926,25.46953726255644,0
15.730859773303179,26643,79.18975780029628,36.752209819536525,1
2.5786516806572615,26205,84.84271025568651,18.259876058887556,0
7.637176945050788,28863,35.742899596236725,20.5717118369737,0
10.514888186690971,31220,84.67242967678342,-6.553364893795546,0
11.553399425399721,10472,14.839773779786427,33.22384518089141,0
15.724032585304068,33851,84.58426436915235,4.2723893599932765,0
13.066206005599524,45987,19.511291008423576,20.752558276428243,1
3.9879338477393924,36645,12.878079488423975,38.95560848724011,0
14.281187106035778,22912,65.96866342189607,19.77513002864039,0
15.663514471702939,24578,49.83404974675296,26.235474373218878,0
15.35874268758624,23080,91.24960703921911,12.265980911187594,0
18.48468435332773,15355,39.50297362863068,-6.981707824247132,0
17.003532927293424,36669,32.27946502657473,29.879967474489426,0
14.75508047537062,46904,52.569816083698846,-8.250057936800717,0
11.579005731248118,20069,48.314887648022825,25.032891444392707,0
2.0342343989040543,49006,37.720664390632884,-8.853921342518152,0
14.577709314795515,26238,70.90542337634122,33.11526182883353,0
13.246126122978668,7272,77.15837422182129,-2.1181982083509707,0
13.629473023172242,25374,86.03347705786298,15.713574772127556,0
4.339508545078142,20231,97.42137744748257,19.857535224157367,0
5.513660757550426,10631,30.332338252587924,12.877270368670604,0
18.318917119997423,1288,73.02888083654635,7.038174467444361,0
11.76266907686007,16684,42.4545323720958,13.390714809048585,0
16.089004184235748,31397,69.32278733535527,5.570787694057936,0
12.169910256782757,3389,50.21826058317593,11.90611735404316,0
12.178536836974459,10069,99.40844476295351,7.945649549901532,1
17.629702835855987,22157,74.24570290012124,18.310241175357266,0
8.903731630695756,10641,95.48667354126083,1.8962081122491736,1
12.576724661645901,20156,84.32210720071265,39.43282774570063,0
9.226348267769744,22118,90.77559606052026,15.043497669108278,0
9.393022635406107,12434,82.36982373539412,-0.29189612927451813,0
10.144967259188164,43037,48.62011738571158,13.853337478363624,0
13.332802629802277,23786,28.919903067954017,33.320756476241215,0
9.127508270019138,8112,40.18041666779961,-8.90966034378022,0
19.534536753441124,32569,6.922442100795292,23.97770595536444,0
6.632356186682976,16705,54.77935090914338,17.398389839696403,0
10.878770135031846,27831,52.98049102568883,-1.5221002814932239,0
9.36161365035495,14434,54.89879415889638,30.873821965246034,0
20.6818673061224,10595,97.53296637234607,8.444231118700284,0
13.179328659069448,26458,91.58813032820973,4.690101440775372,0
18.191067236811808,37508,20.36271394136026,31.406259592845053,1
3.086637761778168,19206,40.043839547809476,21.92625230958323,0
13.602301595215554,44016,45.27583704900988,34.91295418374122,0
17.337784773740623,38566,39.25062719590654,21.49418518355997,0
12.493703935652546,31972,80.85711654237174,27.040882896605765,0
18.392882250392105,35129,54.78357863742076,31.822294812980644,0
8.896269299397767,47410,59.34948261230438,-7.263018204503155,0
20.456084641113478,23504,86.03628810385293,28.802447943469016,0
25.793388741715503,20931,81.56317457445907,20.685324092478837,0
9.822968637362045,40588,17.56009466792847,-6.524610174240339,0
9.32698487159537,44635,72.82188548794525,15.428896093435755,0
20.720306862706206,38515,46.366432245693375,-5.877096100802306,0
21.477432874384274,35002,32.99164579093755,26.797360086161117,0
8.86283983708039,31885,9.751787985707702,17.325085694894153,0
9.478879097424855,5163,51.28870823281784,37.678676870614865,0
10.309292346836955,39177,38.76648466883048,-0.8432314214115078,0
3.9332969337943378,13318,28.89373876925808,20.30167262601892,0
6.488088321094811,23186,70.99381431171096,0.5791067285245677,0
5.975155399487592,24477,78.10111179498077,20.703249236369917,0
7.39321460937523,41431,28.255004307795357,26.132485118042823,0
11.791890675679314,18954,9.697506484537989,26.11521646647693,0
13.405288395219122,13858,85.63150655369732,30.753699534130494,0
21.303002956884463,7168,5.946175414408815,32.677511397915836,0
6.009875755567254,46284,94.02568692253983,-6.136413686641148,0
17.905934390859503,41269,64.62388802835706,7.163357853620203,0
10.716066934646946,10421,35.57543034412543,24.356126017990285,0
11.703217742085402,35459,28.41540140978994,14.929314369560608,1
16.048916952999623,32828,5.855538105125148,-0.4662026622604254,0
5.263667870626208,9359,27.36978461603333,17.6354785083349,0
14.294458477104303,24470,18.084188644128403,10.37178263830719,0
12.998713249278335,9372,63.15579096869884,9.501913882715256,0
14.954707584048894,19730,20.821830916411123,30.487685871783192,1
13.735011863446909,27208,55.219834565978836,10.379916691609063,0
26.731800839465365,19347,61.061060122724726,-8.677274725978792,0
8.173560094492105,27605,33.31396134295688,-7.096833055445436,0
8.814018269989095,5422,8.331170156778278,32.81220208458102,0
8.261156841451413,4892,8.53911865834863,38.030040500626065,0
8.667137285038471,14041,7.502996558422172,24.42046682278538,0
8.175677236160894,20051,75.2168433779719,8.21841470500401,0
19.13409918664531,19881,35.21092195735832,36.93001578973637,0
20.52302548793913,48283,80.64851766692804,23.14015431878679,0
8.575522237503142,36495,46.01461826507067,32.21667745996688,0
7.005866561374628,23448,48.034819578846566,28.292615201850467,0
14.828493338318424,27228,53.723847238409505,8.95696578862962,0
8.686661734314171,2524,72.73798835563487,13.935110042539275,0
15.797590906533067,17213,30.982772253822173,-0.6933922815950255,0
13.217538125107799,2986,16.550798205685055,4.600705022036703,0
2.9055353100166084,1655,57.82544684318884,28.906283064326086,0
21.28503120798037,10582,36.06287420806023,34.69891959415541,1
22.77526603857313,37745,47.03667479846355,26.22302116257059,0
8.323267857093684,19069,66.45993729204402,13.258684832831916,0
9.673790640384096,7586,51.94194540842071,-5.674536553012624,0
13.71519234434943,2817,63.926487624580076,-7.152602565077589,0
14.00674073992215,36889,56.69900020079464,8.716278230642692,1
15.951265636036982,4991,75.28065533392942,13.191085938383155,1
24.0612272325981,16416,72.0639786826039,20.456031110664846,0
10.938316635035704,15748,55.74803972181883,-9.67552393065014,0
7.2102165327692775,3011,69.49578698167215,39.48614452331532,0
3.7240846319128367,24726,87.98816221589821,8.196944170202144,0
7.614419760348485,25525,46.06577233987601,32.40473319005607,0
11.801238162757217,42814,44.212491911135395,16.74833528327022,0
22.767347181106725,48880,77.60333398097612,-3.4780272733326756,0
8.894332205782971,8348,60.342614518989436,29.878277626726096,1
13.34272770983339,14774,11.745644121145911,25.491353745993802,1
11.901462623563487,31458,89.75064149065273,16.3718042464614,1
19.130359640688503,35733,7.924394712575813,15.727654566689,0
27.16159455524173,16804,76.0976538399256,-5.626019712453597,0
8.814787362478077,48937,77.08544355690972,22.792447428693706,0
9.063363344890668,11794,95.5455531017834,35.56225778771499,0
18.26496526241443,26925,10.142768798220471,-5.337754038932082,0
16.091348937757868,3675,61.701401774526644,3.1755725324452455,0
23.0802439544162,41117,45.64485420957003,35.11539867210494,0
15.503569111955784,45741,36.41013071165649,4.217195490989665,0
9.844247455277642,28275,13.580263228411939,22.697183608996315,0
15.543928984153856,9925,58.45214136877437,16.740908247157208,0
18.652221483497446,26513,50.508868939088295,19.816380250193102,0
16.922893087184185,28428,14.932673524347305,10.789445078862656,0
15.043644186643787,45490,63.18650317422292,4.9995735276855555,0
18.400048137534924,41712,75.10554642402916,-7.573327463516551,1
19.015773542674037,8710,77.89143860009658,27.21404696470821,0
20.29295394622516,3259,91.0104528849306,27.304673109711338,0
15.892259325537855,16591,43.89972047943383,23.53628700393616,0
10.997291518098875,502,95.541913019103,22.18168940598103,0
12.880282118599936,41458,87.21579348285518,2.185856608376311,0
19.23905379905014,30660,33.167649247274205,-8.88275331168544,1
7.098385974076583,21207,20.131888548198557,30.435769844271984,1
14.212039853237407,15748,46.361992632161275,14.556926784791344,0
9.639967126035836,6273,43.18037725581683,5.341906535130917,0
12.172468937608905,13286,59.69333400646441,-4.903404660971496,0
19.670711175643792,15537,60.42169207113606,-6.86392045493058,0
13.14659440811942,2385,76.24876351609765,7.443336089758866,0
12.278619288936893,40328,53.43954507953297,30.236853238347024,0
3.8408631541204845,16831,14.958150889372726,35.93618746669152,0
16.477521396163326,41112,86.53767687754508,34.83756823065323,0
15.872905086846453,22995,34.42763540259277,36.000041737482746,0
24.97952833983276,13950,97.27325872912624,35.386267156467134,0
10.153330590281996,9991,16.196710324578163,16.361237580019793,0
13.314901965983633,9768,96.0338613620878,0.9707819278451912,0
13.496302102264531,28257,13.646121653839113,29.90232914184102,0
21.464719678580845,42407,26.94843310497065,0.6856487426289504,0
11.428226805678287,7291,9.425094498221451,3.360363837828454,0
13.674129154622035,40439,71.98574893070452,1.662716091127423,0
15.647379058299235,28814,85.77837997432022,15.749120184790291,0
13.119654738938149,29083,46.23675277251814,6.091375408453995,0
9.32139831269683,22050,93.20959712903083,-2.2921975187329267,0
13.164539957389845,593,61.07841181678196,12.658670594694119,0
18.441790499158632,36255,64.8506778674197,33.69536193925835,0
5.840908203533639,46115,85.31482416157314,18.52764274749861,0
12.797818044881256,10467,33.19601947992469,33.91678029437935,0
7.7992751103649605,16718,38.65524352612445,-0.20639074604313024,0
19.170279773549055,43720,91.06543232349121,-1.6513063163722996,1
2.8608785712973517,9127,90.59153212368255,18.778856284921012,0
8.64646891637047,5447,97.76586373908273,13.166445077313652,0
14.263271250387126,39919,90.67464006195875,23.008632082347845,0
21.393144175406043,23678,17.100343423169285,29.73133955133908,0
11.605498433562072,29376,83.25380718301379,27.565364782608825,0
8.66880283984081,23408,43.93465542041144,37.113058682928056,0
23.28694241664354,36412,99.1261288148641,9.912820457850577,0
3.311916597502536,20471,49.8666916112361,0.3193371124090383,0
0.0,33084,57.614427837710956,17.54563199739429,0
14.640086700319994,49728,55.32861694939586,-4.46284399044072,0
8.987674653884334,9459,35.56501783653639,4.442556166581571,0
5.872603097215721,28761,12.127098444827226,0.39440276315722333,0
16.25013868379612,41565,90.08686688818226,9.828185839854045,0
13.462804282627193,39962,81.25420218999724,-4.439171249889231,0
8.61552821557963,16335,18.25504415316858,-8.407912772595107,0
4.318173607974634,19757,78.79298577825692,22.83970023150159,0
17.234743969680867,3846,64.45543327480794,20.512448914490243,0
15.901207067751965,31307,43.86865985217412,25.41794680193306,0
11.404944817323702,30918,29.132009164078458,23.019322013567198,0
23.079821976285995,11840,86.67423443271208,-4.285265942880825,0
5.579491402043084,33512,71.51788463293504,4.553944068782315,0
2.846848974451567,35893,57.035291399568,-3.523669504982382,0
7.848551580712534,37117,62.90901072035409,32.14862010242816,0
11.726483901867013,10097,13.651287297807194,27.345182767776166,1
13.46003669593615,26057,50.022377286563234,0.07635014591212186,1
10.55258365286202,8237,23.40152781464169,7.065462024494671,0
14.11233237908578,47292,24.79644950583841,38.33074961321071,0
4.490763454857334,45268,67.82387641725234,19.707967893982573,1
20.66258762443956,41601,91.56933442425736,30.057779865057864,0
11.507092929644587,17776,43.35687799544292,3.2295517384364567,0
18.703774989528767,7810,24.736180936158085,0.5026460089652607,0
14.056352078266224,35667,66.63095903748216,29.19584644232742,0
14.740519314922704,37908,87.76276940328019,24.293622761572006,0
15.418603681393222,19844,76.09028610663663,24.048896460588185,0
14.686251360103888,10891,87.53193690097578,17.631729091459693,0
15.856336559205264,11392,55.97269374602594,18.17891713882744,0
19.97491518079459,11697,76.42824321507314,26.78487526531269,0
13.17912701820882,13550,18.306133139098964,3.5001240560597644,1
16.254022545531075,36642,38.08608845950319,7.638423292847788,0
11.46158583427664,46179,42.00717062574463,33.581838526002755,0
20.640703292696838,42115,53.573095893373285,5.443260050607888,0
7.941646187644382,48053,93.26225422439825,17.315478568964952,0
22.805642597464892,44228,88.05817322110656,25.131973200334205,1
11.75905229613394,14035,17.77992176747253,39.99624134165882,0
3.415349387291711,41502,21.415016928834003,11.764566574766597,0
12.768626489464737,43771,38.97585221094658,11.404643831247189,0
7.913690055150715,5622,32.620667259614024,32.12941897168337,0
17.043861293932345,10352,63.40324054984492,30.275155562993163,0
8.084256124185654,5887,90.76372453763176,26.553794086727425,0
9.322899400711322,32259,96.41769645889575,13.161481870451444,0
0.6627556143268141,40899,67.09228049084652,6.19695600803579,0
9.28616208450554,40494,84.62512413310324,20.436524129242432,1
0.0,38376,54.894209021925725,33.811164656582044,1
2.49658305908566,35378,24.791059951703772,34.188872910429325,1
16.562487936865786,34225,54.845399148880354,-4.5750827464780786,1
16.714800951904994,7646,57.73284713657685,11.417514190657533,0
14.552745370709788,1060,75.53346860028788,13.236097809937473,0
6.1981431412247225,1812,25.888884022198162,38.88076837618766,0
11.713731863148121,18705,39.98948629823951,23.899900762129224,0
11.978384765456589,12095,39.5826095753838,10.362320863103529,0
5.049811864844746,22530,96.14676159541067,-8.69710570072035,0
21.020389810602904,21829,47.1747712310383,18.269258004959795,1
17.264173743454027,38642,76.73392689332391,-5.1962012180821935,0
10.674214957022016,3151,76.32708123057171,31.722497867388153,0
12.161315033967185,10506,30.226697556307933,27.625933028518105,0
13.250296847685314,43201,59.32762049031455,13.025457995408939,0
0.0,49440,89.95877486527156,11.460538977084987,0
10.516935704876419,36145,50.143783348410196,34.866948278438436,0
7.908094512013209,22466,94.78616319754188,4.42291752090642,0
5.990279940630507,28346,25.37353178579535,2.45099810533854,0
10.31339824268427,22274,12.045115048532919,36.9598716412881,0
22.786119161097137,4583,89.68811794875118,30.46229183767413,0
15.845057167602059,34013,85.52971380641058,31.031279653359732,0
8.57292606130322,9249,99.29603821371525,-0.24030928620372372,0
15.43549668813695,31283,69.54238137068047,-2.8352004284532795,0
20.396132619516013,17825,93.9853530333792,-8.698522509143254,0
17.547802097476612,19180,83.56015738299052,1.8520754459340016,0
12.357782219521045,17823,85.22050164640825,28.709524585716238,0
8.118379333766557,23184,59.06844919315549,2.0019209382074887,0
16.18933988168154,34993,41.32463680208753,26.45516417974381,0
14.360912312530498,12713,93.78301689161178,2.5954132683710753,0
17.371159320166395,32331,46.05113168350997,9.764624897533583,0
15.811030810091816,42796,56.18783988871856,39.15811449557042,0
18.29731629191601,47430,47.380859176892834,2.240586564206779,0
8.788588730636592,28213,58.65773982621872,8.818531364913383,0
19.904364393805956,42121,49.69798250427108,5.054359023260683,0
13.185597628154397,7687,9.556918065050208,-4.518750683499886,0
24.451565235751595,33300,88.79457767073137,14.494707106541247,0
7.864873091462593,33083,47.21741279699813,8.934533166650114,0
22.415782818991495,48161,60.94964660819813,24.744354290364004,1
13.187464700775887,14908,18.222841262008767,30.87972734757731,0
8.09149197831331,22869,5.321845558350718,17.212485724781928,0
9.096684995674071,48428,28.30255889614608,-8.390178895633158,0
10.07791615083408,3914,71.93567305266828,20.94611781173608,0
14.544995678411498,20010,14.423480360723467,-7.23046349895304,0
15.137012928212998,12620,91.34430683671445,20.817816179951247,0
8.557799976368527,34811,25.427144088837537,24.251497463459422,0
11.853872446434103,33539,24.4363933577187,-0.11161861912407867,0
24.853622151671182,5795,22.243256354042074,30.96730743608855,0
22.365259020604267,20960,6.328262732279651,35.55425657870243,0
14.617942018044193,15463,78.32151950543229,30.654348205690983,0
12.228020869009201,12080,88.12828046829956,5.255459510604108,0
12.720187960309568,22786,63.34545674853889,19.332150622281723,0
15.6811078363825,27828,22.87899825958692,35.74075745956139,0
5.863244608809566,19593,32.101409709383574,6.033236311142495,0
10.45574077545993,22105,50.21303624967151,31.00139111327125,0
1.9884955567344607,45865,95.66286540421358,-9.526243436915173,0
14.395338735631675,45313,28.498380322685566,-9.817664860766186,0
15.883175638216446,46871,74.50636087238937,27.98558301694837,0
9.100881226203757,43205,46.747581212827434,28.07237910635606,0
21.443920579740194,48098,33.295498094202074,29.448859392614686,0
4.645406021985954,7222,48.31201401710081,36.501341894408114,0
3.21375071874108,41469,11.764638166417091,-4.104684408985789,0
13.346710911359832,37412,80.87530023838444,1.599249249184418,0
18.282589815672928,38874,28.11368315838188,35.186246018690376,0
22.103566148747213,7266,73.9141517033322,-1.1381901113823278,0
9.24669442278636,16428,11.493095287578498,24.1114633788292,1
18.472085000587775,21774,95.73436283574017,16.52315000204077,0
11.768949182995756,34916,23.336423613541367,-5.840316157424637,1
10.964236200355082,21112,88.86049723967264,4.2631830970766424,0
17.301959624920034,35398,81.89995491346627,16.018610822048394,0
15.913937270480517,47660,96.94669278773452,32.617505834191704,0
2.5416470580945036,29547,50.399612789846216,25.376924480733685,0
20.859242098355374,43856,74.1027429153654,21.09415807274665,1
20.28054812488471,37634,40.217512418589486,14.80164449707074,0
8.246623790942824,2006,22.514982611870913,4.934199190706715,0
14.374821200624455,15722,47.09221362867764,-4.037754434036941,0
14.964181117696432,12863,20.74615646190321,10.453801728304777,0
13.564042594943443,20113,98.29423916470647,-8.574075304435372,1
8.69816907692748,45063,14.143416658368055,0.5527944633425297,0
7.9702597923716905,31128,60.97511372799894,11.624168793632991,1
11.846675574051329,43126,64.51406624913531,10.930259283595753,0
19.03637411555619,45884,56.11755657303515,-7.78522845015038,0
15.261600927566594,4636,67.90765914262418,19.453007676264566,0
9.776314007483364,46746,16.03717362612964,17.48421279266181,1
16.63019226389007,11661,57.72675979950265,-6.0947847989543575,0
0.0,35957,32.28519425709935,37.15815262302196,0
18.892594202232623,24074,94.31672601360037,-5.030861052456994,0
1.5617173273314022,27402,77.39680707677394,32.741707561866804,0
9.825354351581208,3310,97.38887580517556,-9.984513404249704,0
5.281980632243137,12163,8.567826625318007,34.114054752269155,0
4.231911145674567,6652,32.08765164216732,-9.014013389784372,0
18.964960724271116,512,23.565145730643156,27.890601594605798,0
9.193792792128653,11662,6.059685794623897,8.084540565012647,0
14.079023290384296,22822,28.020944373400535,26.91084000681599,0
11.718476526724896,8499,69.48371843444075,10.087260271248924,0
14.862244963338728,7719,26.953447602784014,-6.454603883407914,0
12.460931346361532,5828,53.35532732084873,28.375334769768205,1
4.302046654868582,4121,89.34272092167487,-6.437365733931752,0
17.97760091668284,24756,70.90700243316215,36.1060217980609,0
9.037460501032125,44933,42.48976164107304,-7.451298210416931,0
2.6605086080414937,11814,40.38454919665029,13.966263888575773,0
9.431309034204524,1152,48.294902330806046,26.151721542539782,0
21.004558743805866,16682,21.818936900691106,9.662323239601886,1
17.10133045268096,42080,65.23007290451886,0.8616737296217347,0
9.908087193552845,37058,39.594517814937525,27.95454806980135,1
9.904453774089427,16159,85.97470817989415,29.214735239436322,0
10.070189692695704,34913,76.87250270549255,36.134749197718364,0
24.460487901365045,10935,62.99875058875521,8.808255521553885,0
14.29161271338932,28567,39.599211151704026,15.312586724866343,0
14.580249883146418,22758,24.94352400898102,8.156422142303603,0
18.181700724191053,28787,78.73442709003417,2.8540910925684093,0
13.43273495415908,4188,51.20886440415322,27.55164807688043,0
10.445747125075782,8189,26.351253626848962,6.982592250847772,0
10.82190090549013,1879,23.54158842880059,11.407472099617603,0
11.570392443515617,37511,20.71308592762911,10.183682881201392,0
11.776666580940951,43505,78.83031363953152,25.63306128233729,0
16.36577726182188,28124,26.75378260352961,35.88978130553399,0
12.311675314843797,26464,55.03101503489376,23.337803065368867,1
16.395840463293474,23391,47.89690429244036,13.579129804711629,0
11.515700519348506,49598,60.06303542668697,28.96025573694417,1
12.471811141896543,38879,88.32971553526346,22.048566206106877,0
0.010795892807354157,13016,87.43600205776441,-6.9694821441093255,0
17.497966048214888,14386,47.85222682336167,-5.216820679057918,0
14.078930855387956,20807,6.459793819798715,-8.104152796318333,0
17.988060659157913,25343,45.512161542858806,12.840816310315992,0
0.0,46984,62.588386055293334,31.29267171694824,0
24.530248228684364,6412,57.98765211431587,5.654158467567603,0
11.162462231068957,22014,66.87693005101953,9.208009154624083,0
18.6490969004251,22323,19.637194584942932,35.473855418394535,0
5.760564437246815,29297,66.4208343841696,31.84517226583274,0
15.676643430375417,6949,22.35190378065836,23.252405619128,0
5.679506620958064,2225,76.29977816619115,3.3401891046125654,1
8.25738623582517,16370,37.2133232599546,-4.147925865577825,0
23.484188123200717,9804,72.44006617123809,-9.197058865994315,0
10.855905595419921,8022,9.547231896080174,-4.649466369778956,0
13.304597239078337,14163,43.746702431136775,4.629822181197138,0
17.220406384132524,5284,71.9782796150166,17.589503178974784,0
14.974091327835627,9972,26.552699051491942,-6.799995862380656,0
12.902513430861458,29452,80.55226925573615,-3.1886110840775492,0
14.18976601479735,10555,64.92407464496854,-0.9459648846029478,0
26.42049351142965,30008,60.81836835423084,21.599104649165312,1
11.654287217798487,13176,38.58714114941203,20.78948994900622,0
13.206594280289805,25692,50.83288968620617,17.538286318607646,0
18.303926376045673,25222,61.74818359289605,2.5250712347969806,0
18.6331555977479,7946,49.883900821914594,8.5559845609366,0
19.12218183336228,5225,71.33976577435321,-5.165514183112848,0
15.832381332175107,20561,46.20120864516116,1.323030187902744,0
5.141970523617099,48037,24.215952265492884,34.885261323629024,0
21.800589193806577,23171,25.32370936609949,38.98458732179142,0
5.121927641887872,1909,5.551358040079403,22.382979282014734,1
13.8158127914342,8705,33.59098297807388,35.84116460117101,0
7.474344899883852,16865,76.14717584545936,22.137095020071254,0
11.615169920442044,756,80.44545733957291,-8.340175694726506,0
13.972574461820884,16204,24.234416499096252,39.83812924932045,1
13.928143292701638,30402,96.10917970278373,-5.0523849156732545,0
14.531524525411708,36258,52.72826538061204,24.132090072253035,0
21.682267614351883,1695,92.11298115675775,2.6418101537395025,0
14.721205809083878,34512,72.14270177685496,9.599055645348006,0
10.535060188256107,11915,73.63117518712924,22.296709240046912,0
17.784523009730144,40034,13.079144024076758,11.824367465385352,0
19.136822933547844,22186,25.899157055208413,2.5273029465564125,0
4.634353109178045,12162,5.8374091629749,6.722309343916236,0
15.584400419099149,49478,73.03212584529007,7.0774058461588165,0
16.20703645386539,29243,37.721637400708445,37.96619522541069,0
10.214618979840049,32661,79.73198902725295,29.93065079617255,0
20.25424087986972,43581,37.1989408940175,12.927438573970004,0
11.099666477804837,2902,82.8367064683918,-0.008953982931794169,0
12.753458720829256,13775,17.416334106089735,30.550805513132797,0
10.961569054296783,28682,21.470449891963277,-2.140876419581325,0
12.093474285488805,15415,37.38327126047397,0.5231108571001708,0
5.422349478628789,1409,43.80630194381597,8.300669592007557,1
3.359694704434234,49074,38.126767030082945,34.0174097925995,0
21.567030379349834,872,77.54646808970588,-3.410666568294487,0
6.918231910090033,23120,14.210382299537898,-3.888290357273696,0
6.051645903262157,34612,38.365616865656364,14.698749415263299,0
0.0,9015,84.53779995396864,3.820527054683734,0
8.166229513862985,2931,11.345722339906338,18.436397082407993,0
4.061461239555008,21554,94.52263322877896,12.581834234161175,0
21.852090960818213,33124,98.70010001584123,11.74795531756084,0
18.058902536055804,11085,13.413976513382607,-4.401351475650336,0
7.871097928933658,48730,32.670889614295014,-2.9475154875079923,1
25.514614832065853,32458,40.37806327335883,31.053928872342503,0
17.890592921949565,2195,78.75718002200898,34.29413687858722,0
10.051011698948265,35175,61.61304715108971,1.7341766442625117,0
0.0,34287,66.2147415467939,-4.326974923761547,0
25.74565543554445,44725,76.96343316775807,-7.32916640327447,0
3.662565199418424,1903,16.208004946517445,20.414880687094843,0
2.127607518258649,18310,84.15489840647493,25.76766062501028,0
18.135422592057843,9355,72.03388139711369,8.640499460160276,0
26.638514438035635,39136,59.847463893655174,23.983793374531977,0
20.30563691106311,11339,89.52485680439038,25.647940777976306,0
15.383454720314157,510,71.52910361896167,36.76711406984527,0
15.568526049991716,39598,24.161496449947414,-6.7563181082446375,0
17.120493352681848,48329,45.82581120218834,-0.3854138384460104,0
16.55357153872059,9730,51.93407235889466,-6.573700620150593,1
13.687148543816255,40732,10.245674541288537,33.399696666805525,0
12.625206623711257,48014,95.6905637692053,29.629358001678426,0
11.624441232602866,36271,17.214839775703457,18.73210353109195,0
7.476212466799942,29756,71.25882038653906,-5.816829497440842,0
10.315949538799355,26151,53.091948428633614,3.6656179326859806,0
1.8422591148276872,32883,7.435063739020146,4.885992402925846,1
11.4099622392315,40463,92.85101020711436,18.037159800770855,0
6.068453357094494,14162,85.92449683779866,2.902194701835773,0
5.378464096705374,14239,54.80450315086438,-6.352006804352258,1
13.07936490692087,48856,26.749521933247298,26.53811509266497,0
20.352013718067596,2289,16.554174614608954,4.954010582770566,0
17.50989963601388,19920,39.522285546052025,12.618708851165032,1
2.5769963782609353,24261,29.2656866993786,-3.6166682508847323,0
6.0622311805779745,40866,53.13566409559838,30.12741516972898,0
17.644627127929297,38106,96.80888313172575,18.27659384620288,0
6.105075638770142,39140,59.62058185681593,35.079281310493144,0
10.652201100017852,44635,89.5434503095593,14.773578153266667,0
15.30031259414731,37567,66.83348956209883,37.071283590893984,0
6.189933270818188,17857,50.14842002578404,34.5934102190663,0
12.63225303687576,40351,86.18771845967026,18.822992822961695,0
3.9958470304907734,38762,49.77997046643476,36.694671907493166,0
8.391794136292717,11817,87.51967619848429,6.154437364727614,0
13.918691604855223,22034,32.6997931096977,8.282108135210567,1
2.4420375988099843,26234,17.23724200748387,-7.726102434698153,1
14.642848427762393,36397,86.25487411447914,19.460045338192653,1
11.882173206439912,33372,60.80444056030334,26.096198496446668,0
15.314939726502889,40701,89.4637778336512,28.675959512105155,0
13.343484804387968,8189,94.0935846642764,-2.509185697694835,0
20.184842579843064,4067,10.094697085287672,12.207953615625014,0
12.751347015887443,21232,52.592083676592495,-1.1568393953042178,0
9.423566753248481,21274,40.62163216208028,23.106367442712443,0
12.733785018193704,23695,64.45654772166112,-2.102681378911594,0
15.259788174218329,37912,80.39116373422074,35.208184197803746,1
12.293160421954227,48234,31.656070517565052,1.531732283070667,1
12.243550147223294,44598,57.895846515451304,4.570113314412242,0
7.7880498731594665,22757,72.32921509096546,32.545316107549986,0
8.02259449469431,4894,17.770952869394733,12.92338050728619,0
3.584368369201839,36802,82.33635606537035,-8.800202709996348,0
22.497460459121637,22728,62.580411986032445,14.72931256013229,0
4.53682058765229,12888,95.20605652579692,-5.772833230993848,0
7.842568813224556,11819,37.25524731741586,39.26723593436553,0
7.689556406584815,6975,15.273864522033872,19.405578522780118,0
17.36954626166665,32055,53.11761409850791,2.8266308805489224,1
10.230301930247833,18658,13.152023312396691,18.18588397738089,0
19.486452436042402,15228,97.10501971578064,-6.156644830912258,0
7.959056254536788,45274,8.675071034433197,29.994565213440854,0
13.673964973342812,30045,76.58287060519426,36.266402693208185,0
6.987917680441456,31600,54.88472782351318,33.72221941030798,0
24.87089476664033,16650,40.01896198733743,7.087880114928139,0
4.874409485822923,33714,11.255005628322191,6.288405982168425,0
13.858924261362166,33376,64.10585779649274,-8.245619439185,0
15.802661285592592,3739,60.59593129214075,22.570017935045836,0
14.482794584708989,39199,31.683910941421978,16.745239209489746,0
10.88827404673375,37321,91.47106163397964,12.967318566367068,0
11.221075801599444,31115,33.890450697569506,35.38154766673535,0
12.262868831874657,14246,47.723914006250084,-1.6060549458576845,1
11.117987990229068,21421,56.65743331227229,-9.516686665490884,0
17.783274700769457,23245,14.522028426747179,-6.3341773939617285,1
25.263138009548108,1745,93.55536332529508,1.168571891368445,0
8.655049289952998,47107,40.5809344828489,-8.335722536827152,0
3.7811821225255318,25353,12.674025318062643,15.142185532156775,0
11.470307709892472,28132,41.792661499156345,5.704522761678902,0
27.47825602592591,13356,62.01924197379517,-0.9758495965933667,0
7.177952592181615,5605,53.79700382302631,27.504203747433106,0
21.834700832664403,36190,70.98148753354103,0.22256631162650198,0
22.066204884458642,3013,10.27097449645151,24.380255049689662,1
8.678470549752033,3301,32.03135797584533,7.463245292381946,0
15.413898475111653,32845,82.82690479980971,15.591388033127727,0
21.77037973877123,14395,12.589900340179282,36.693351992565994,0
9.725233554075077,40249,86.27116569611597,-8.13241825920936,0
10.77851783938583,8721,13.730128747325093,15.013225373873095,0
8.509914516308138,6538,84.27315041471114,32.72114801638091,0
5.911459615842799,32531,39.274898102479035,19.398712418517427,1
8.104334729603957,15582,63.1598610094355,3.8435258482578316,0
4.656358399426461,15148,19.524275986559825,9.884056757251717,0
12.204500809555356,864,11.286028563892181,24.013281436428727,0
7.380160613648151,35068,25.514129381912834,34.540594715690155,0
13.402715470744486,14610,17.146112701326075,-7.94668131266942,0
2.664626122778236,6458,34.67856027956502,-6.423058905481179,0
13.985281393286742,9596,53.86640841854692,6.252576180479378,0
17.001173769653548,7936,60.9321490386759,1.6389842218739492,0
0.03758614457126752,21677,80.03747020107558,3.2465443111203007,0
14.244339419085433,27254,67.34278985859407,1.0634999312940463,0
19.366013954839755,25044,62.832040887307535,-0.2087475572421138,0
4.742153887852767,13138,44.11929261114859,-3.468801656535411,1
22.03543432102622,679,50.01180132121318,36.6977065897619,0
14.514114056196272,4373,44.379478792067204,-2.7905268046923473,0
7.769928865449547,18070,85.0057728558314,0.22018873827680863,0
11.665385534053764,48723,26.850042992097986,2.313286199039286,0
15.349961475130334,17657,5.543488496486639,36.65074365652103,0
12.45603234847447,46065,66.87539023649273,27.785706680054236,1
15.232535954678216,4960,24.23390744568898,29.484971515775737,0
6.475958441523803,48584,89.56093794943189,-4.762087023075098,0
13.016164944216468,852,86.60940132213233,31.815493750783585,0
3.517713018570119,22086,12.28910033317956,10.409654090870898,0
11.332643631907798,5844,15.106898514337349,3.1411513106194366,0
6.576554151211262,5007,52.0413012634333,18.787504176015528,0
7.586820344461401,38098,62.87615296308869,31.109145290836697,0
19.416559051262624,44488,31.11629206081287,28.93260755374547,0
18.547860723565613,33385,73.0957830864402,34.49987412905661,1
15.654828725443062,17365,61.51702198729279,36.406609300772196,0
5.4461234119645265,37555,35.858290426112696,1.9061035713874774,0
10.101549301831188,27713,7.410291364019981,11.192894708463584,0
19.2785861998751,4977,76.26427672335917,-9.2685730397465,1
12.850301481839429,7033,25.401598253382858,33.966082963253,0
25.915977239890164,49895,84.2750056289497,-2.2713924262616225,0
14.35990703636623,23896,44.92757470515424,33.07374061713472,0
13.152294698940189,13255,59.822357050017715,6.469366099329818,0
10.145301214784991,1365,87.93012938885518,8.40667949905691,0
12.801245428693692,11673,87.04418508739558,-8.043387275807032,0
11.08518098171674,38597,40.29435964813946,6.343939488265979,0
16.248652060131544,33871,24.844444807910097,34.418184140063204,0
17.740213900767504,39024,78.6388773842165,-8.722629943919793,0
7.284063236952303,11754,46.14261934220246,10.316373652336267,0
4.012602278653332,4518,23.243989388105387,-8.430018509362943,0
0.9827677613802206,5692,90.92040752012927,8.546171255453247,0
15.047947961475263,2515,23.819898452903303,-1.3679679609854412,0
5.379800362956758,43118,7.451680978166952,2.610919663418602,0
0.0,3880,6.926597507904897,33.87991865807095,0
14.331471627185785,28843,64.1199588631551,11.80246103109455,0
26.957997104596743,4270,67.85913076816539,3.6898995700956094,0
11.96357453076064,6329,34.54896198041347,19.46691889752739,0
17.03094464670985,34881,35.40104397847102,-2.8946520083708815,0
12.49097615128539,46415,37.251921930694564,2.9695803710427935,0
11.406662080853144,16045,69.61506194209348,17.312398380144426,0
17.514458897926612,18763,10.522710147548716,1.8761520924034414,1
10.258352734868092,38640,93.26605350567594,23.956386870043666,0
13.604353884431418,43806,26.13949919685741,14.574565112976126,0
13.930186837176082,26175,99.96895449799877,28.599453512734545,0
7.9914572781417075,25862,21.294655909782765,37.412226786123426,1
17.952254097219136,648,78.29691344467587,-4.209755532629613,1
10.950241459827549,2254,26.224191768314377,6.733250499227243,0
7.465529043042932,27245,12.680446156109127,5.977453143920329,0
15.21905906142242,7878,88.11866581331164,-2.4408540331372874,0
6.609192109253776,46859,86.58136962313473,30.51515686667354,1
12.169086944214769,20640,43.33918728271213,27.9939352019395,0
11.945286020134779,9871,71.72763354134055,14.22127354171995,1
18.515373394989467,27499,57.921263604972125,16.88853888973048,0
14.848189397279716,13279,86.03083079900614,-7.022793099875187,0
11.849838247529137,31575,34.93031708527217,17.77536761635228,0
16.906597795201723,31197,54.74887799990359,29.56707620098182,0
20.34124529410388,10295,51.11037526443229,18.69137867919286,1
15.346861838111174,38960,38.62105349440158,3.2653185060209458,0
12.062115719060284,4718,89.68823113285536,23.37741361671686,1
4.128982605899043,38071,20.75840284294087,8.074421498262383,0
5.6093180215477645,12172,19.203320754466134,17.24366421428676,0
10.168651773871995,31542,59.80640585566138,14.378268163946238,0
8.342926787044302,36450,67.46195184856948,9.058750048259004,0
10.878172182087324,11509,23.488829160833692,25.943899019706755,0
12.339899549382643,47596,42.11815701418929,34.19380559929409,1
15.178156526140384,20044,94.92356508298066,-9.739374076153753,0
11.577007331645452,29881,28.42865515561403,36.680825961518366,0
14.919009862957212,25787,68.49426670115244,15.575756804161248,1
12.386846488860721,3086,75.31419240127113,25.036594018163257,0
0.1472006018767722,3148,47.572226449190154,32.78122830879386,0
6.363987637087474,40581,94.06496874216039,13.355184615713497,0
11.135474665670307,18601,74.9823898457851,31.748703668244513,0
4.741831542953355,45812,48.502835086785296,-1.119009027239889,0
15.599572379977227,22192,59.08684416872893,-2.0416232760092767,0
21.184504994062184,7907,70.79827712538456,22.873568442807677,1
19.3125711101839,17754,61.25806714077573,33.50715027758686,0
10.719342774418752,15734,88.4762704634772,34.62130887680197,0
20.944356821099714,22711,38.90442291663811,22.18702291886233,0
12.89200474321267,29980,33.48914530530147,16.274461510465873,1
9.977484173291762,48280,25.31469450205011,6.56965438482581,0
8.319584018754362,25346,8.589381966136537,39.00002077996657,0
10.18518188107123,43003,9.086326616105257,5.984784333312524,0
9.670939088752627,46693,87.65524334538186,27.20930536157966,0
13.022497334252925,48966,69.4473489085612,16.599089995250036,0
12.963443886299187,15821,67.75057946646618,20.425617126267333,0
12.018276120920486,13146,63.39106779881418,9.67402752943131,0
14.6216290184781,22617,85.67581874593996,38.24115627361239,0
19.143877648718046,5393,50.62535793823461,18.58411630496355,0
17.697324812647942,9976,87.68902871303852,36.8893815229395,0
3.090612189300579,17770,39.14727748731272,-9.620429191304293,0
0.0,22202,93.0372129122136,18.633529159556048,0
17.60591946743564,4882,71.3724131077178,25.859344486263574,0
3.7987278095074735,2285,29.43182792232059,27.2540085581109,0
10.651407588643899,46298,58.58806756041939,35.248844089084066,0
4.979321843643843,12235,55.63790334138428,-9.779919549810685,0
1.1881173745198819,30677,18.100388064381725,-9.983492037026178,0
15.248776369228729,31212,61.16807604630834,13.613173039760765,0
16.55493096181588,17179,34.904634253111006,-8.535314749731468,0
8.540937595639683,43513,9.97313284691223,38.72662768311873,0
0.0,35865,95.12233498212366,1.1032587270695982,0
8.722533310485103,17564,65.94158506110735,13.633236468242236,1
14.350824032415279,31063,88.30729852773047,-6.943118499388819,0
3.1265305873552287,33592,69.22532047625904,16.102420808562925,0
13.100159518674934,48428,38.91345075331073,8.997806257370426,0
11.908140904962027,27367,53.70536687123708,-7.766998556138812,0
15.47574899760653,45882,69.19594223298182,6.756213334811237,0
12.717482210484919,34254,96.22397089413657,9.571801011142782,0
6.161586354710667,20002,29.098598616561166,39.496074563747,0
19.179429009986947,1260,88.12282056929118,0.3942935959687732,0
11.048822561838179,24642,92.7873915029556,17.238980768504984,0
11.836172762940409,45153,68.68947389260087,39.36577745993143,0
6.400392245560823,42496,93.4703296031271,29.60096039700676,0
9.340306492850939,17790,42.79846581035001,39.668375044104444,0
6.691183715838594,5999,95.53653672384206,38.41491573300846,1
10.962323640459461,864,71.76437333076761,14.476977104707714,0
22.27025088085406,20297,8.99054790478713,24.81879249352829,0
3.768593142411862,41295,91.15291902281001,-4.477843652942445,0
2.318631612739553,33035,51.0249168581533,12.057441252340093,0
20.827021964961652,46800,48.73106355389412,30.450927113334874,0
10.744057937088803,47676,58.81432756806526,15.26676604885717,0
7.985563568040501,16605,19.191531943266654,25.134951640861594,0
18.23942812437646,8439,49.57077461390287,27.28756649921385,0
8.366306761578816,14436,83.95708558818585,2.673457062144694,0
22.956058281281617,42529,6.470833618063957,33.784968647128274,0
16.067555228035616,16363,30.927130230815273,12.991121545458949,0
9.072531551125785,13061,5.233185712165201,0.5092551810771873,0
24.94384927959302,10947,44.49257436923559,33.27079408942219,0
8.365710461979969,31124,74.1899734969048,10.890940305312682,0
16.452572232055843,47440,80.88332376588971,27.515621918985985,0
13.79575548243895,45146,94.79302730706563,17.401653611079645,0
19.81044773639279,12911,62.80793823222472,9.093587611725022,0
21.369067180361117,19965,29.18955233202507,30.493820751928467,0
12.1920248943946,38716,92.7940551679864,19.223496582230652,0
7.479492777922899,20142,78.65499661863574,9.528105121351585,0
14.759832857634699,31762,59.57070588529873,-4.520106483243649,0
7.933707781487364,30863,71.08582049329891,34.772265688335395,0
24.080323485159738,2607,92.81005372570577,-8.226520732916672,1
12.819211986496425,8428,72.67743270492755,33.15936741840281,1
9.808070692127348,48502,39.99557822054973,7.998076244157773,0
13.10808183518945,19817,72.73767921746419,21.966938175070293,0
3.917242262821821,49578,8.826425459861847,36.109986191784266,0
6.17031576893609,25517,41.70947837390522,-2.4146692248050794,0
19.202483447666552,14028,43.60068802533003,18.34752378194051,1
8.058634326171626,13813,20.849632269979296,28.2216431185096,0
5.718534103908363,2059,7.193120652418167,27.879191635952868,0
15.219916515163717,15667,17.671217480585568,16.281595729975198,0
19.114224927977983,15843,67.18904210072023,21.236972995322905,0
16.3137198639904,39098,81.21743755455032,27.876349706642227,0
17.9762861148349,8023,98.87933180906255,32.05138188787059,0
7.459229468583235,28939,37.904532795306956,28.090654843793185,0
3.4691359995489375,16024,61.941026114804664,7.700247159062132,1
21.00800191173292,13785,94.02877184743659,39.836320052886656,0
10.063920966947185,11473,20.8689692271245,11.72513468596522,0
10.495001901269715,23194,73.17633070256055,-8.776764862053328,0
19.969164851094348,36274,76.7229796491705,8.130847579273102,0
15.33738005640396,4802,13.452675907587146,-3.610852271307837,0
14.735326632489645,22891,86.81869159239118,-3.92786921358125,0
24.990014069406506,5111,82.24497947553017,4.0767520053447175,0
8.138890617719142,9872,8.173285624856273,-7.331225291136958,0
17.567040768487423,24812,13.653019413604891,24.425609420478153,0
12.342078749382507,14580,9.66705491972597,-6.300555789904746,0
13.611553673179545,15582,36.80063552093941,0.16447777179780854,0
21.17081055847519,47909,53.38245411459299,-5.355014275294031,0
15.047014537737743,43361,55.57303415568974,-6.841613454848447,0
15.229776474297797,31177,30.42834217809705,3.3875832769770833,0
18.435044023858815,21374,91.60170422322605,18.594948383018497,0
9.810283622742688,8878,39.984965037831756,38.23427782234209,0
6.964741995965962,2097,9.327264816708487,33.777832717480315,0
5.731144835873799,12100,33.5215755964317,33.79669627226624,0
0.20186046374398936,4247,55.45539514169477,-1.1966481981171195,0
24.337242779641933,14379,43.78107314588204,3.245359674891005,0
5.380749805669901,13517,31.01503931442962,-6.180334160234715,0
10.672478258485368,25315,17.475708727610154,28.923416995759254,0
10.339120200666477,19464,82.82062750914183,-6.509184925721902,0
13.844440186854603,29312,99.63379800179823,17.83478354104266,1
16.89442327523578,40700,36.306502684768795,2.393778616197537,0
17.162840930158474,25214,41.25399919677737,2.1722817014372375,0
8.501535368586369,19390,63.71356484431092,39.53625276238026,1
10.997269717281531,5225,73.25194009987642,27.83899034892687,0
13.695479702929799,43705,42.24280580634117,31.846967914552508,0
10.507853242898717,21184,90.96830411327245,18.599134267200633,1
21.644073456119955,26825,58.200378976747245,33.55071436968746,0
14.945849709829508,33042,47.78705725856344,22.274526958317644,0
16.409266716298905,46537,66.43391155019098,37.308685239817265,0
15.977287612004476,13592,95.51636558367146,4.066929302281839,0
19.04084314491195,30882,80.48246797006202,19.76597728914475,0
13.086129352222242,40270,8.801247400836813,24.506567396844606,0
4.21900831226492,25957,36.56944152029617,9.646865251390333,0
14.39812771051585,6631,49.70174507036616,33.985399120202665,1
8.091858637249025,46529,34.879169359865,38.990158155207716,0
8.828299909501458,25715,71.51781827889337,14.68847456863308,0
15.518184112530559,13112,83.4955692369452,9.532032740216954,0
19.429698428601814,37805,74.4777840426008,13.596896427822934,0
12.12762946041637,13591,98.98666224868614,32.63683728659658,0
13.852998075593783,35603,30.892026549837766,22.273421275908383,0
22.213289667811427,37589,88.12400202732005,-7.761381374095246,0
13.44451907693141,30259,77.82915319157618,17.108495522285743,0
27.61009868508237,46522,39.40698196802388,-9.134993862951509,0
15.393057873789266,1059,74.74183164741203,28.92676855017027,0
1.4354234450650938,1213,14.88721585973346,6.415613677123186,0
16.520049726627196,37861,79.98668082235247,13.600374105866468,0
14.286950309296667,15684,55.57140724577475,29.9339052953816,0
19.738516524496475,15761,32.76756640737905,-7.677559135711922,0
16.03908810761975,20872,67.29884366949712,-2.072923220419478,0
11.169264096097358,32640,65.95389987786885,9.898018822255741,1
4.654210582263806,33524,24.90119115836197,1.4962581772780292,0
10.745860456283848,47842,7.887754407094983,6.895071288753155,0
6.8968772747442015,33044,46.194145755659015,39.90873689462325,0
8.516859301171664,537,59.10362758772001,31.270721878690537,0
15.531470426523658,43532,88.27750144520685,34.19509074800543,0
22.01942702610844,13197,93.18059558652146,36.85273167828877,0
14.368029178937887,41920,55.236495724892805,7.046794015709782,0
4.824701627788894,49198,76.61133095801176,4.853847889823635,0
14.667616009320845,32207,46.73381087115971,1.703124628603745,0
19.179788919873907,26516,75.87780487442484,31.50584556540613,0
8.341302574083707,35100,24.456144869220857,23.977593114259246,0
11.195896999962494,48785,40.251149806335484,1.8085991241438648,0
12.088129168375183,24484,65.2516598872934,8.849691460522743,0
7.29061012150656,5667,6.7250067326724885,15.335588196639913,0
15.889682603063154,932,73.63382448220062,16.407002863687683,0
11.274311108353311,4651,84.37587262047585,34.43638642758573,0
14.517194663442167,48180,42.918457803925385,9.028306647360814,0
6.675046933187399,6911,47.55452963183061,35.42620152502562,0
9.375250198059538,31288,85.87181016057045,12.068378015989481,0
16.334288146966628,27123,78.68719035597317,27.31863373961769,1
9.763001087449398,22604,32.374201458170624,36.512715999252805,0
22.36178310740043,756,35.7777301233462,35.37878519816332,0
9.602182886312386,33939,69.49343207710668,-7.152356635215941,0
13.348108354511316,33757,58.503818782575316,0.28521474882849174,0
17.59554499123854,40157,20.41180925416721,13.845271276613754,0
3.48980560240181,45174,34.44334137677081,11.577714497655364,1
1.4351471281153447,18566,90.49841130347214,22.04458324186035,0
2.8460621125794314,45871,70.37657148861503,37.23545254127061,0
19.57550462056309,33246,98.66756018012435,-4.379764436102559,0
8.68885112464532,2960,77.86619034817309,12.592933256712023,0
27.349195714009515,37797,94.48757105364108,-0.37944810564303433,0
8.614514408055669,35243,25.537914517695164,34.705379919897375,0
13.107307819182221,3716,78.29106310760794,38.229009290082644,0
21.252659715407255,14767,6.920664414040756,13.935084094517507,0
24.036557328954736,10081,68.72220206259573,-4.799485113592963,0
24.369021459818388,5015,49.58181642142293,29.264733336133663,0
19.250197383558856,22576,37.94220683240652,24.85706752461995,0
18.144375154868776,45316,86.92841346784347,7.733541330515523,1
15.555161695207099,10276,86.15543080246542,34.37037369844818,0
16.670166456999826,22447,7.118661965371141,38.791594489135356,0
8.6928857020288,3463,62.90298663269594,17.89269245650977,1
7.090806699466157,7286,39.94406131049086,18.28639556721462,0
11.979753255534288,14366,44.48779514254267,4.875675255688892,0
10.97889226485043,39468,84.04387022578372,19.22530179916571,0
9.280631704036349,32805,34.43477829512943,11.982116026242327,0
16.178324684740293,17860,94.58963701057391,5.109551346402594,0
17.731831251423063,40613,22.065213505353373,-6.640740173804934,0
12.530441317751084,33313,67.95863021997688,2.635392985456245,1
20.86518048633157,1693,68.84998136630765,-0.1072675161167791,0
5.149865315198969,5012,28.95854033565223,17.102099227697448,0
10.83804324432169,23166,35.85130785188419,20.08350108817969,0
7.69906607638317,17130,84.30585679509434,20.428586215300825,0
0.8007802975616403,9483,77.37149922072048,9.409050052283956,0
11.503915884943805,1136,36.26410862990216,11.061486684274799,0
11.269514949700298,4275,55.72587195881872,31.711921482032,0
21.080698459452787,2921,10.859628144044068,13.81164067585812,0
15.784870107328665,13525,24.830858827869775,39.38866660685612,0
5.854879054024771,9780,51.15295309173791,11.980861500443243,0
23.12455539800513,37451,13.167504851525102,22.47904723089195,0
19.32620217315212,11851,85.11657371473406,-7.48185005033021,1
15.492586220811695,38591,73.21058996022654,22.666996220940543,0
10.641095406901009,46156,94.64519871160701,32.5713197207503,0
6.243364579659123,30671,70.87935606658257,37.12289192666481,0
9.766759343573682,4144,94.33813036490763,39.866030581988525,1
18.532491718225113,16642,57.678692790641676,4.108932282461656,0
23.30751783560765,8273,62.02076805088709,18.768503241285842,0
21.259461169633134,28966,97.81225018949479,12.535899276607369,0
9.066903469282355,11278,66.00226895210473,18.19087402875855,0
5.282295400265933,13001,7.924724041770927,-2.127352140507668,0
12.845317481467223,47677,73.7612637798997,32.807478629797075,0
1.3893638066228902,2608,91.01952575305448,35.47844716722938,0
13.93900628510869,29869,80.58012373046103,12.483083155646128,0
11.114384482207988,36882,60.46416089941515,4.0214930786788425,0
9.203780988790546,26318,68.77383374388405,-2.958328617349384,0
2.4317815963992273,10751,99.06821997890881,24.18824123889022,0
15.0816006394183,23841,13.61289840838714,5.61159198103676,0
8.803794962028531,12178,68.38825872015775,35.47692849566943,0
4.980498985738272,14867,31.922780984206412,23.550623742243502,0
0.0,30172,65.80858767568616,22.284266258712037,1
11.834910569696182,4832,62.72423970897418,17.970105794912044,0
22.633509580018465,12502,19.578399050275397,-7.7111830285637195,0
21.96755528728722,20784,24.64093134532272,36.59612178427935,0
9.257422460482369,16200,64.05480991410528,21.396874664973,0
8.386727637829317,14269,17.181844993858544,39.70309916915552,0
14.812645536450143,29818,30.19218313738067,16.867820238644352,0
6.009687364870251,24823,84.34832703511023,25.505544595310656,0
13.810751398916796,28110,36.07369307015567,-7.189522106688892,0
16.59648167030814,7463,51.36571484561798,21.586808841170544,0
19.361599343305844,8338,94.40833183885482,28.232480579517862,0
11.399075541120283,45667,26.579163439509898,28.925714742627864,0
10.777957498938205,12743,42.014471649010986,28.50558261151427,0
6.7321044794606335,28439,62.613488676636834,1.314131364683383,0
7.03871787576084,2345,76.75719830287736,38.769923880261295,0
10.64112664859084,47210,90.65707173770699,39.75910603124694,0
14.204193040897069,17266,91.96993381948394,-6.220206241919937,0
17.4815077573995,37380,78.78080706539917,36.82232114058786,0
7.180926295917931,13280,26.69142947636449,4.472459715218466,0
20.95613141375713,48958,7.356886354043751,24.46420408754824,0
10.373258393744587,43356,41.45852338378426,6.905546036806607,0
11.871796233909382,2009,18.447140843843215,38.38771616865608,0
7.51672992511306,24457,72.48682650663832,-4.924807084823226,0
0.0,45672,67.8074057484431,14.8873408478188,0
17.3042723781663,34846,9.177305954038209,11.402389597103733,0
16.4210633825546,17763,84.47640901744036,6.301172613899245,0
10.31203465729072,47374,28.630610297662315,22.276699544007432,0
12.401944303349232,26648,46.06157217164901,-3.447212828916626,0
15.095635306224597,32033,68.45370486829553,25.833120906684847,1
2.624724858680744,43108,45.79478475096406,39.02960619023936,1
8.825683935922232,13431,46.922341265994625,30.227935723431507,0
16.765588077730964,1859,11.234659556895336,33.00083764547727,0
4.474263460984504,25032,43.13713717970036,7.981837158950126,0
13.761347592999776,20844,77.66054985589842,6.244330324060935,0
3.8605091722595697,4742,91.94175203272678,15.85241773450666,0
14.798579894601158,21101,44.282228021020316,-7.713669261886365,0
11.7861511062151,49732,45.240653553512495,37.26790672282663,1
2.309209104566943,19616,71.74957510074695,-2.8107413491903896,0
18.98843612674303,35977,94.56334010500127,35.15065195840462,0
7.592450539211706,31282,30.37078932273922,-5.820888899982215,0
7.138485377913716,46059,46.813699621104,31.131246383928005,0
13.203415183385657,19380,80.6174581374686,-2.4018737060892437,0
18.891824096572293,3999,62.920889090533656,-8.093419295426365,0
5.905069086129618,32087,15.505702676575698,25.974472512970436,0
12.37007909908783,44958,64.63460987841525,4.013265008721415,0
14.572899001983437,26520,22.740897036746055,25.724807639217477,0
16.158633643578863,8580,53.47051373744839,17.75426252364099,0
13.058649331663352,23707,55.26481042774166,-4.559630488496721,0
9.797832965500065,34457,88.23931941137356,36.606503665058185,0
7.034458676107682,14408,48.93695603118162,12.615708738173879,0
12.516863298278249,31152,31.54703011240995,26.7223638899344,0
5.567165928086359,30844,26.941803080522998,15.051028600781255,0
0.0,25534,88.05392828501193,20.218073748060238,0
14.619358824946007,26288,21.246031169731697,5.1386796178346215,0
17.42360904651717,13251,45.457513283898656,0.018015200172514234,0
0.0,47982,22.781445918059966,17.12851017040339,0
5.941615771740375,34293,78.46388381086567,12.0109486485501,1
15.714925566031187,33339,50.0654007975888,9.505660671696656,1
24.344972818270193,38814,38.35865060289714,23.62835975473115,0
12.124762246052446,35953,39.30446585951435,24.525331600556797,0
7.631982352625195,9885,85.96034963868304,-7.703997195436848,0
10.902621353370959,18732,57.60852565797162,6.937224712183607,0
20.24925851488911,43844,73.19744585747004,10.588227511318868,0
8.124214925252788,35290,90.21865904381504,-5.155391941791595,0
7.204847960098478,16331,90.66545922386099,1.795043334914418,0
9.103538866907805,20625,36.208360162097,-7.417910138862168,0
6.280028350447726,46208,95.48286999890661,39.81210493085103,0
12.736021895968774,18182,7.3632087913875175,26.827860148492224,0
21.748070750817362,37370,40.799378296535735,-5.627492174862317,0
13.938475638696174,17788,90.10089146333995,-8.987531010495394,0
10.485878987242275,36294,31.09050358261338,25.96439000761401,1
10.249132386506735,39977,30.942737780525245,11.959608284133347,0
2.6208551478200577,24905,33.74911708277943,29.3398354532288,0
17.298658662882954,39237,63.16977156045761,36.17380189091919,1
11.532976817923188,3120,46.64161368336361,19.965019450818627,0
10.917120518456246,35914,74.03980945356754,-0.6445788541373476,0
30.0,38133,90.01651104364325,29.109701802322625,0
13.792517450194117,35557,69.04894061957177,37.79058715871872,0
7.489253699428894,40638,24.424338418769672,19.011564352997798,0
9.44185442276674,14354,93.6047807242477,24.099872364036678,1
18.890674255180528,10177,30.12682296801046,6.873734751833652,0
12.679622463226586,44611,19.23995805617502,9.076384733015562,0
3.3703321300958,24574,13.546891491791285,26.732724892653195,0
17.51537360745122,18324,58.52145536328573,36.38855492034096,0
7.991135486766036,1265,15.807433935661921,21.44941936121761,0
23.239786657305274,45939,18.183708990699923,29.492395424267375,0
18.48028839428789,32115,33.50289565657218,-1.4182491292313493,0
9.316068626047494,49426,31.757035920024062,0.5979545128986774,0
19.686098170410677,37360,62.40275348155352,16.601734341669502,0
12.40713306316442,13475,82.59080154990474,-1.1722903878579738,0
17.11664205073332,9841,77.32821733927477,21.74975351104618,0
14.908396903766848,28641,29.93602319806529,4.582659269734949,0
6.921860070054759,12834,28.304497308668093,29.576630933344596,0
8.138701006095229,49345,96.75019536016192,30.40551733071717,0
18.179764905486966,16335,5.782442951236212,13.189372787767654,0
9.991348007360754,27048,88.5734506407205,-0.959468248118236,0
9.57810922054802,35934,23.97420931662847,22.338748054096627,1
6.269264523903882,25539,94.99201069352794,39.63935091317932,0
14.541594393560766,33030,37.51919205861437,21.129544897126166,0
24.37514951545887,39236,46.83341851985897,-8.211265464299608,0
5.594802514474363,40909,72.1764583247162,-9.13530121164587,0
12.145316740036549,19065,60.82855988995973,6.01809852461531,1
20.473323332492576,10334,35.20423632214817,-0.21080965697975684,0
11.522151652525709,37156,57.61393700744323,30.652560357165406,0
14.714230777498406,1340,74.41715401447419,32.240283351800024,0
5.625638831118722,14373,9.021819860736748,2.9309385655238085,0
14.569842583245892,32068,6.0639339992918915,6.282238847494634,0
10.877134409972708,11346,48.51635921192467,1.8123483857557332,0
17.91437997407918,6399,17.524478691333847,35.4191273685632,0
19.124316309388504,21002,68.11270768914787,15.13246673111411,0
27.53738185211168,1065,25.334983341606247,22.806852204100995,0
15.477799039281454,39273,46.12085514558874,10.774104334980164,0
13.954777899493,42424,23.778739003055552,21.550709675226557,0
13.166305809464015,43742,57.10594064616683,9.292768836086804,0
9.88100224313587,9687,16.025078641534044,6.983921886461273,0
14.030903060770147,7726,7.195151014810625,21.72400365867401,0
10.227591539165823,42647,9.857505620136232,19.55310390244946,0
13.010765857617686,39158,95.65455194395444,4.676397708397482,0
19.905585213647758,46381,18.517190768038905,-2.532577484026329,0
5.960744608322154,4811,72.30543404799934,8.428834691906882,1
18.839271366774273,44714,11.452989401168493,10.75988195709546,0
19.90269040403919,42116,15.275233462342307,21.434216671230242,0
11.291588838053528,26189,53.34324388388679,35.726438181843186,0
0.0,6583,49.16273836466265,-8.190760123353742,1
8.353068077433406,13098,95.4001293967876,2.1830506270922454,0
19.781967279366654,17440,94.75936803697005,-0.31420288602198254,0
11.862791626206707,27380,79.06282104153418,15.11472043468918,0
6.004186606230535,3080,62.19967386209822,11.485040352157991,0
8.971350472630695,47112,48.22123015233605,26.451881191009424,0
17.04372015902732,42821,38.836960761200004,2.120795627243192,0
15.280401409208276,9886,94.97331696267777,19.724918287487927,0
10.566407404981833,20022,62.276337085345126,34.192863179997964,0
9.799053529111873,26724,60.011890130169476,35.53388699591523,0
9.649451105737068,15135,27.030606568046913,37.939230236251554,0
6.4655388930089845,1171,9.436292699085742,28.66305760399943,1
21.69225413681665,34045,94.79291507715672,35.29939531294575,0
10.066077184731961,27355,34.80484959024212,1.7265435992637113,0
19.30295112495298,36290,47.04595721582358,-0.12095278247614916,1
21.12789631153471,47085,15.890794640642149,-9.675595810973677,1
17.98986538888776,14760,84.50781134138273,25.342217871454917,0
9.41027812369171,1574,7.62502412131341,36.87335939068722,1
14.422380542019656,43176,84.22912239941417,-0.6532327479161792,0
11.854826361654503,9975,18.327076214856845,21.84717877134394,0
6.577788835619231,13378,89.22359069995944,27.322987961088877,0
13.946155690329618,15620,74.32840054693496,36.38071175740283,0
4.925761253041185,23647,20.643674938193985,22.34301120086108,0
19.126076330769383,2486,58.75270932164947,38.51468663743761,0
9.21229621620964,44093,34.70234986374585,7.233657050627388,0
13.206957935237035,32930,21.932144396600428,7.4964266885703825,0
13.699727229276853,42461,86.6223089440553,17.15062550071728,0
10.446570157775536,17930,43.33466281818679,9.175094055795356,0
15.520162808851648,2676,42.86165286471134,-9.928713585623369,0
9.150578060264854,19222,21.1392341066289,26.588601254349367,0
17.227783784743465,43315,41.391239228148976,27.58585207392417,0
3.924121918519509,19117,87.80360040124077,27.34873023433852,0
12.75827747727847,27615,39.497227496515414,7.25103333052333,0
23.63357399434971,37876,95.40233843747987,16.114473665558595,0
5.998012052366551,12406,94.8993454247968,7.998675908833473,0
7.933530176850891,40502,18.765372634197874,-9.198179998467712,1
15.08344709795349,7110,21.844569084651262,18.122447063570938,0
13.077490691637587,43792,86.95403668152947,-3.8119666957994482,0
14.103780595641355,13911,42.31228729784832,-5.99793379542797,0
14.935122780885981,9680,5.4155283168858865,27.774953434839357,0
15.80832881137062,48493,31.017822872010246,-9.52468987909472,1
18.658199051737338,10573,61.774754353578196,37.950422180436306,0
14.458911941571076,37751,80.93026676619697,15.762768205628845,0
10.552454072288745,31460,17.671918623859657,39.15082153530742,0
16.035442207216388,6401,15.501429619589858,-7.100121376364578,0
23.39929160937129,39397,92.5988020893715,19.176477443295664,0
11.20419752170456,43683,76.35909494314535,7.46635179879556,0
6.152824171976151,4982,61.02906207391745,32.17412464071429,0
18.642484015721838,42954,78.07274504961316,8.061136761714314,0
11.27771301627841,25928,45.74116432413065,3.0243789528674547,0
0.0,7900,77.05329599436702,32.877656354995665,0
17.08453006290253,40074,40.3212841710809,8.73265458266305,0
8.788030884276463,43784,28.188984386797223,-9.158334006971927,0
11.456800306175035,7896,74.25627502283203,9.514455041966688,0
13.991881983414089,7838,44.86886775494049,22.726113450547096,0
13.142998078674399,43218,98.23082491098852,2.717976940319092,0
16.256710902834236,13000,38.20109231926959,11.599379621257864,0
9.38708177658094,12045,92.56410495045127,-7.1642430858887245,0
15.078634789056496,5741,93.63144211387255,19.40463957569786,0
10.442719934496496,24278,27.976029971150883,27.814746193019687,0
16.43286288532502,23321,80.83101225086126,10.665628070055513,0
15.69220490407832,5195,46.14207798873369,11.011631640073002,0
6.387367787732429,12030,92.16484908688307,-5.585875070754178,0
18.51589269705019,47580,47.76180590034769,0.09704322559912826,0
8.784219329315711,14818,75.70885314704978,-2.2662348436043667,0
16.84834678968687,22831,49.361903870560795,14.084388433076898,0
14.203723880408043,26855,26.641071792721338,16.462777047537507,0
23.029102060770732,11824,23.938262249745197,37.447006564213,1
10.659204105768888,28649,45.41596345435283,-6.3384247861383045,0
9.904099223290816,3718,76.77199241635041,19.99339865775236,0
11.883482364673604,20641,62.48179109217285,16.324926366412065,0
10.18092130299435,37284,70.41978254055161,15.811654896791458,0
16.7996514116523,3337,31.821003319534533,33.657964369141325,0
2.3021363493804725,49580,50.73635786597252,0.27692353477432374,0
5.677905485121874,40302,9.217550172086066,-7.961336282931427,0
5.593182470524841,40577,82.66557951602147,23.613575381709627,0
17.701845551841455,14879,99.0397554127881,7.257873206799007,0
22.263680235491552,4739,43.65351094934373,-9.12050418937377,0
11.373304688775171,45396,6.041547047496618,2.5687003645206907,0
10.987069660859936,21312,21.13030075734,5.466338710840594,0
12.420312978679089,30169,66.99005338628979,20.841918839212102,0
18.97126981564914,49124,63.147535229366625,-1.370710297536395,0
6.435881194856556,10111,79.84714836062668,10.652717397669901,0
13.430213896408711,4650,29.118981041301474,14.123772220891626,0
17.85118577869458,11609,77.54503197697774,12.961869568204547,0
15.00656501963907,34714,70.35848204474863,38.69703833333909,0
13.13748969959246,26516,35.66737728281511,-7.7247881104851945,0
18.00627655540285,12436,56.82137406541139,37.54840932261997,0
0.0,11536,18.99101180734104,19.096860699701665,0
16.067251917185445,39736,47.99362782638035,29.786385748491917,0
8.075545901235458,14521,88.71374725778588,11.51963090080377,0
1.0162026188612585,37443,45.01318108341213,12.691894062849022,0
15.067215597149884,48658,84.7588371151651,33.96632495079118,0
20.241951270977747,38348,61.07406969967097,34.79672481459511,1
11.175308912233849,15971,23.228287744723893,1.9344440715648814,0
17.71724728321763,48161,60.20509324630016,-0.03790607076909147,0
21.673669547931873,23744,53.06841626992103,14.811758693497554,1
19.889486721504284,49277,42.87092684365648,35.013851356384585,0
21.839787176228356,39485,16.364891754026683,6.117754670308814,1
16.452764946431355,38940,44.587323065486835,22.600730766956566,0
12.452601833409556,2002,11.912425742764576,25.407584387030056,0
2.388205128616989,34678,14.38305988288137,28.933733244707792,0
10.523625071220309,4270,44.51207062860802,18.196222896048162,0
6.940520428102852,43365,34.011240787004056,10.12275891394848,0
25.02565630498688,4501,92.92671095691122,38.350799439948645,0
10.94468512540598,21446,40.692051511125705,20.566537665142633,1
12.739228840706915,1098,76.99652159684952,26.42826058166354,0
15.308912256242806,30816,55.373515004793056,7.249142284793917,0
12.261614678234722,26067,71.88813852102187,23.497459050154006,0
22.17030624258452,27008,29.71101838646292,2.8898831082062957,0
8.264103829593289,44244,94.48097241964126,2.254845876431808,0
13.167644731423456,39659,55.358407206870275,25.736110090471318,0
7.5451764858117105,30776,83.97578677209872,16.069736813146754,0
4.079864932675765,24171,39.67934088023078,24.163830521119486,0
8.329385454568287,16950,14.52007815979983,3.4719245374045835,0
11.777779217709528,15408,69.00260653348063,19.93616705283652,0
9.42418665289644,44858,5.737166592055326,12.196682485155627,0
7.845474120756864,49547,50.15283277372329,19.848014342276397,0
3.562095217968997,36018,23.316180753313628,4.5439866122109684,1
11.501366564227832,31712,64.6006729213594,25.772548182456195,0
2.9716777558139866,43184,98.04488794809596,30.296468307973278,0
16.560335782137617,7306,49.118276100461365,2.9958236928861828,0
12.49463851760702,39697,82.66233436993834,5.0310279927821036,0
3.2546910032104166,41391,53.2394977603565,23.057713485954647,0
10.14474553770082,18515,52.10480295488229,24.779258715177207,0
7.487061566456501,39720,93.3902318519839,25.204984219872504,0
13.915047062515082,17658,89.54675753093474,24.13492523879184,0
20.042702676138866,15956,79.65104419285757,9.64038584762694,0
0.7489651821255325,28088,33.14429656509449,9.742683720183917,0
12.690156474884503,22991,56.77579949377435,2.7408811822190717,0
11.039203226600158,24688,26.270237164040076,-2.1583150051818514,0
16.02804045870279,27579,47.17208631442128,24.628868969845282,0
13.279179769426134,4519,51.00024124718011,-5.340560701384359,0
7.488184009567085,12919,84.00580381608644,36.88961433933908,0
10.08567638600029,34197,90.12269470587434,31.334315183572567,1
7.223844859179065,19896,44.3889059276654,32.8752869978628,0
18.45604283159159,39532,6.681922281957535,35.33344073075951,0
12.127869892031653,30392,86.86851477998869,10.430248536162004,0
23.407144114518044,8473,21.556474457629268,32.33503616752005,0
11.636035117112275,42965,64.07878656958738,-2.0969349854175334,0
7.749559398537223,21613,7.372235541242463,-8.917910269588216,0
2.917713644323037,11636,42.95311514975361,29.24456973319251,0
1.1811619424643296,19703,98.66622870095823,-6.260167600153035,0
2.4951843419670614,31785,14.565892104861295,39.42623336629608,0
13.6027599060689,23539,45.25084943996602,23.739821480077797,0
15.052350139379604,1684,34.179245268045456,27.672485512105276,0
2.5128557878071995,23227,90.9833717218851,2.290192813893297,0
17.37022988445669,17411,87.58731025119874,23.693269695984405,0
9.101633689899362,1416,27.581382229091737,-7.839003137252139,0
12.880758071913297,4074,12.71283976979096,31.891285996180045,0
21.673323769532544,36587,64.57814743580616,-1.5187953484213779,0
17.381035895193193,18290,36.95502762895243,24.86790334168853,0
10.388816112565006,18125,68.84801710757598,1.2240250616364168,0
6.652846647508276,5706,8.051376826442375,-6.577341528697863,1
0.0,20017,17.672927341861495,14.074683927469714,0
7.685080084545479,38196,70.20536211340112,-1.5356894863605275,0
10.733218567033834,16605,25.17521225373729,26.472199416327488,0
6.076922837092898,36156,86.47082919742815,1.8782921691742427,0
11.212458197446171,3190,10.566134332462866,7.123627811791442,0
12.461111297752609,37359,25.470788364629588,18.371962563223647,0
10.650864109151529,47228,99.86322360608152,4.248413878865579,0
8.09998451505924,1190,46.1422297457453,8.899405810498083,1
13.011928031800366,25603,71.78173803674113,30.781088552019334,0
14.651643897416454,34763,22.3529896414163,-1.0395075219487149,0
5.457605535342924,11585,62.937529823626086,-5.889920525903316,0
20.46559427847762,26325,73.98007649509475,6.417889256650964,0
11.40847120629443,11220,34.8752804073185,11.218838350693908,0
12.113097737669086,39141,83.74522563770839,17.132964106828382,0
16.249286539539344,37771,62.32466995486691,8.621184808750352,0
13.39929678758101,12220,41.96668591342787,29.495585011140257,0
17.71881980347947,47232,57.97602736760006,-8.034025616576336,0
13.722744991210945,1397,59.79228050641281,11.588376909927899,0
8.325375752157372,17594,20.72585280591727,9.112795732820231,0
14.16902115123661,36963,43.259575137361786,22.37892454034295,1
5.13764275607603,35954,37.62590586185185,38.3138125948698,0
12.651358234659138,24072,43.08575864501697,15.518770331443108,0
11.800620056133235,39046,77.3055059060995,39.343842347086024,0
10.751298856364762,15650,50.8411487093339,5.112469745659873,0
11.228774931366415,17299,94.33003455773012,-8.456593372876949,0
0.7089057270141654,10163,32.89925926905144,-1.7168416261793629,0
8.707650553554231,37448,44.49183993706826,9.756244238728366,0
12.557069406846688,37530,79.76089699550893,5.81669545942761,1
12.959138351984402,27507,56.87233636547128,-5.147293450831116,0
5.833949154444252,35783,56.96767391032254,11.633005384535842,0
19.594247045188204,26171,10.067315485492434,6.905788582978137,0
6.802950910712996,25885,42.866967958253305,-3.8690389771280778,1
17.81674320316042,11736,30.719704580064587,4.805856530595446,0
14.56316617123011,22524,99.93683666895596,34.321802767769526,1
8.122636140937182,47372,34.29373171006947,5.102443274467009,0
22.65186535565707,39884,89.02717080541703,25.697771162102583,0
4.83817900946112,17876,69.24220482884536,20.60235398288778,0
17.51492504166001,37638,37.38705887324859,11.35905812041859,0
18.00349390825787,18657,56.63576594554175,1.9512818401834586,0
7.976278745540131,20445,84.85090859517341,8.450734967297272,0
20.35479180038597,37084,88.91998831293662,19.605360673552138,0
10.499720912406284,23517,20.237418125583794,7.537660737467747,0
13.732161775679142,2256,37.25944841477612,0.7448216787115913,0
13.561931032627324,35641,36.846202120289306,-4.176862555418395,0
11.194147551176712,3076,8.994255627214745,33.988346895478266,0
16.86484963895869,25967,61.83258718593017,12.015648787595282,0
16.760932323313277,37452,86.20790503425786,21.260416087146503,0
1.5088081605709154,31705,41.24956684342419,14.520518056840263,0
19.826041457268914,35665,75.30341477349681,33.62832591789817,0
2.025048071785954,13174,64.63153929207029,17.34674262241054,0
18.195277226049946,43594,40.68662987183508,14.039070897455666,0
18.7602308209655,43814,18.400680951768223,36.23004952108563,0
5.454201418708811,22853,72.38576601371689,25.984479802267728,0
9.53511427227249,30349,86.18369104941785,-4.422504632657134,0
5.365771989084386,5035,70.15617677814173,-1.1147769401592977,0
10.710473818267587,47867,6.698455983307716,29.356143146972094,1
10.151794294885553,42436,25.54212496714417,31.792566058997714,0
16.67796319361604,17618,11.600598563935531,17.259541454514824,0
19.86185247671765,1132,59.18667945974154,17.722761393331965,0
20.374102864739736,13780,76.86537948983917,21.596648142572224,0
8.626991840530188,15246,15.505022771522647,11.955788714131973,0
10.744668757532834,37536,84.6420929563716,24.0099561741952,0
1.8993708466742998,19785,57.773352947570906,-4.575937121679216,0
7.164779601022868,18547,70.54705615346387,38.06396211836932,0
17.789109798584747,48589,97.28317561782139,27.507741189746085,0
21.69349694128939,10707,12.949693883531245,21.558710200450346,0
4.593906768720467,6091,90.61628218288998,5.816102850474034,0
8.445214445082634,28257,16.979756118803884,-1.9522256271635419,1
11.841565458246437,16726,42.33108663048481,10.467148191447231,0
13.680966952917638,30232,85.88667615145586,23.078837028702925,0
7.142378880470123,27706,91.09415249009749,21.685487171155547,0
14.544366266784538,20756,53.105308986788806,9.132057753278575,0
9.156963917574503,34322,61.43994063616539,20.664319691656488,0
11.913286374730326,41840,72.27399678686294,30.687414778377377,0
15.277705488022198,46847,84.11207350300785,-8.685761383119647,0
12.038533618865626,43851,16.543561106078286,12.531052396513784,0
9.381684656840589,41275,81.95658428177663,27.92776142333955,0
11.342341176445014,49171,50.72123429860359,17.30722352316886,0
11.469822244767988,10284,47.80922538527606,22.573804396453497,1
9.779933820707232,37529,45.270476439714834,15.833819630267103,0
10.447223623997386,35657,53.37510059837405,39.59372723411555,0
21.591883023028302,20437,94.77980257248734,-7.268923175548089,0
15.365516687647432,47207,57.079358415254404,14.552241088618864,0
10.227118091825037,11719,95.55186613499822,-5.429172544274116,0
16.181726427064415,9899,22.127562408485854,-2.010721894321479,0
9.99708306146394,33812,73.79291798910015,9.151917520913091,0
19.03874782551985,28157,82.16275616783098,-2.2229954249756343,0
14.217853153188564,20547,69.51723897681188,38.18435829783255,0
11.356187135974627,35507,62.657616621521335,37.33948883625796,0
14.686301554861664,11059,58.657214203187316,6.80548231103019,0
2.5747430875890043,20657,86.78839584497612,21.98738560188398,0
5.239395186541168,35895,83.0564267306275,16.687666029689304,0
4.836449961605668,7118,16.617428512156955,30.77934902578843,0
12.85765856858224,45391,85.61582741793342,21.37228049084711,0
22.395089996910553,7280,44.33651884684203,-9.987377275471895,0
25.387800877155794,27550,29.101198849602024,28.15871928048694,0
15.828306608644542,8515,87.62801396132296,27.342406064805907,0
15.005066849666742,3630,46.04235596520545,15.486135278324051,0
1.1936535950835663,28583,81.79464556679758,35.14594866165269,0
8.743957201595869,16980,30.023343135805227,35.42231028452008,0
7.273297488550567,48099,5.373285535110691,16.19558383521986,0
8.274914410493304,35976,52.06862332577972,20.399411559826884,0
10.991137088491262,38665,14.521684381074005,39.826103596233615,0
9.167456533817237,12028,76.66571577486641,4.941011740570875,0
0.12420113774527364,6414,31.227137926593986,6.230862115573869,0
16.487461536705204,37636,47.146336427330475,-0.8613048668251821,0
5.563541845561161,11679,13.268188683697653,34.7933469578934,0
13.435481184666898,20972,32.232628602489,27.224419497463312,0
24.44449601849984,12576,79.24157310956434,-4.717857556487905,1
6.48369245048146,25283,19.40085163072035,39.08836755989828,0
0.0,47216,66.48015830706095,26.5480854080558,0
10.283974668719335,14324,92.1554560164276,32.526105480248724,0
18.605757809991427,4799,69.58449217698343,-7.592460541339953,0
23.750084725323564,47388,82.04706048276155,15.248045947108382,0
4.6227024332854985,8618,15.352304783872,24.929914336351963,1
14.98019533941913,11256,28.819523470195172,17.147329228592064,0
9.20813725931968,8453,89.98119096285615,23.33237328496387,0
11.364309874175186,38052,72.93503329371848,30.893703179523627,0
27.86606008210221,15685,65.75761350584456,8.71685314800981,0
2.9821780296290807,42292,68.0578399315615,32.43343378093549,0
13.522437968967441,15174,44.349052658941126,-1.8541947617354637,0
14.8061590305926,44976,9.232880003677057,3.5443027513187375,0
18.514717949636083,34427,79.52194649671925,-7.832719003633711,0
12.587898920825372,886,69.47775744045862,8.221340566762557,0
13.848303237024613,27117,49.916424090708844,8.995477241206016,0
9.650108595469256,7692,90.47716345998445,30.263529860362546,0
13.614761647470644,11245,36.935168173584394,22.6565335144828,0
9.940846347015537,30520,32.96056570196741,11.836127907783332,0
15.729431339136305,43178,87.91565088254707,22.605698931187412,0
9.782337983738197,21659,80.71382720210362,-7.360832474215442,0
14.26260236341312,3909,53.923082011592754,-0.9864231990811956,0
11.82442311789013,26245,17.419800248495747,21.34739276208775,1
18.756301504633008,46448,25.431789789179984,22.06834096126511,1
11.691637658469082,29955,67.34165908883664,28.706732935371356,0
1.3618051907587114,39410,41.578917594839105,10.14998795268011,1
19.57152900428395,39235,84.46495320826726,26.12770483080781,0
6.565606194824286,29666,95.24572588655938,24.19901662800947,0
8.07740196810708,40473,81.53550790111723,38.169668918492455,0
8.426032235739047,28572,40.86681518457793,0.756511321233958,0
20.246628559024906,49274,79.92521077698528,17.583978187631974,0
0.0,12609,38.386958979714926,20.088222105523464,0
30.0,46302,20.87450833773522,39.932394246711034,0
18.336340854396312,2984,8.172354462256452,0.059207108332585134,0
13.339433484774958,35122,41.643087712296904,16.16090099836461,0
11.670635996302282,44899,90.83813385124178,7.309265385681943,0
13.713324449145942,3097,27.703725836789268,16.29464842894999,1
15.126734570276032,41097,24.61875066832948,1.6064301051552965,0
15.871293515700344,41454,97.13297459789884,-7.619381078625595,0
15.333626796020692,4483,7.3753907208062515,18.628272694884444,0
12.537484087531492,39952,79.64930428740666,6.792715793041607,0
10.815969478156044,43651,35.53014579538268,-0.9029299125783175,0
11.09236029807893,17540,8.561355902617636,6.196778303901688,0
10.830550317883914,45272,92.19124131991045,-7.5359899276127535,0
18.802620581202387,31054,18.266021369910444,37.522111704505164,0
15.561340333685171,28416,57.419031953941065,19.057395748663023,0
0.0,45371,31.03514970580704,30.738434067351243,0
15.935404659178566,26872,11.193316207545648,11.15590987738652,0
13.168417168312649,39580,9.742636138021014,35.165733378309284,0
11.887747461324615,41206,15.977886389452184,14.165911077612668,0
9.668889281466685,43222,11.779866319491104,18.69726611003347,0
18.74467631991608,29548,77.25302097439268,14.589699003132843,0
17.685158772737147,20169,51.128789216925774,26.66391479338258,0
7.362733993058345,10277,37.57474867815307,18.332803880103118,0
14.44231372274721,36831,44.74504646254068,3.579946179019886,1
6.170059592752285,21468,93.24993987939921,-2.7230234338676853,0
3.7222910112664183,38309,91.52142221012399,20.306219444148887,0
8.239696652460209,11792,72.98926561164481,14.458998077351811,0
17.174360834296554,41294,89.04482585506034,-5.201215165194353,0
17.71875027225652,14423,35.366562620824354,9.78087328966342,0
15.078512520583757,28203,41.20538597078687,15.73882110002268,0
16.350574721087984,19157,63.30265727615166,31.344661691279498,0
15.097069722689751,4129,64.2444649932401,-6.194947208331882,0
8.151110428662287,2614,50.76148461117239,7.424767412300146,0
14.591535268043645,34945,43.06249560160556,31.132806135519267,0
16.802457151366095,36362,98.68712960282603,22.421196588578937,1
16.525747978881448,26074,83.00674448118382,4.497916090189339,0
19.13348022884786,32849,46.323118799364295,32.26675610113212,0
16.249823083206383,22757,74.09278533775901,14.664679028134618,0
14.108689245249497,35552,30.60836085898365,14.917594565523027,0
18.420901429898564,38320,14.516085992546339,38.829366960019215,1
11.84087244450564,18473,38.48094742751036,37.35582516181892,0
6.708752092633691,26237,43.28241601172245,7.926634168492194,0
11.021598216337416,12547,6.571026833263726,-2.9710435668458848,1
7.530584131161305,22613,82.40524015541013,6.283336613904703,0
7.948930350153711,1194,39.12337322697224,-8.475836984430599,0
11.132887975706893,16088,60.13972574911397,-8.96160566448044,0
7.2454804740002325,46323,12.026502790740818,9.776106812570958,0
10.152230822165759,49348,21.62469873130548,37.05099113486171,0
0.638311998277286,20567,89.52090390611819,33.567867061610386,0
13.27976224423763,7204,62.825315148866075,15.57214169588115,0
12.007232852173345,40636,95.27698476619612,18.261319058541535,0
7.097468213590856,2471,99.88125326717511,-9.703325162697176,0
15.95547401059443,47861,40.326710956643964,0.775057791688275,1
17.62542082575935,41323,33.38629108791109,-8.761293653280813,0
2.354640813786155,11941,86.54382524011419,27.726976634769375,0
7.423651328602714,31976,99.86808556855814,-2.717710198675113,0
7.3851459012762115,15177,64.81591725208345,33.452355123840846,0
6.360581393346813,28318,80.53836863859462,22.16621568378941,0
16.97684905159049,2368,79.26585658745107,1.4709338257856674,0
10.837043167363179,18555,38.75727228085696,-2.113984145837513,0
10.412910952136336,2228,59.55568612442328,21.381235046152657,1
0.0,8132,84.1404094201003,35.041849014116174,0
15.812508181255359,12543,70.37081824480028,25.918010945719082,0
4.564449630879165,6903,7.010562328293634,7.427332580168881,0
12.359595781597971,16232,36.98703854526568,19.369179763432356,0
13.664261627749152,19026,18.72519117648751,5.538084768621069,0
20.163951575031906,9840,27.132360147413713,39.957478338932944,0
4.147077605285327,39452,91.02150036167595,27.44195942309256,0
0.0,22894,8.504862446522974,20.719081987837683,0
13.10309726852217,33521,25.881067636382756,11.16295713829146,0
22.803067089065124,4602,34.409088462631985,20.907614512977865,0
19.433678117636624,36810,63.60398683680751,7.080803123366739,0
13.257956491647755,19659,55.739660558157226,-8.556758027098462,0
9.050182886207716,6712,25.73560087107168,9.754426117831642,0
16.842735579823863,32324,20.602901386199672,36.52404097899335,0
6.158722801773188,37905,27.495813286631286,21.31505473869329,0
14.858146616137315,12025,52.74031453665728,-5.80221484645492,0
15.03282095499976,29260,30.761889642564327,34.24968066975129,0
18.36125944499328,44739,95.02223765273361,3.443742467075742,0
28.557960233466467,45768,49.067196035740515,2.188474654136372,0
14.354495803072602,27957,10.585621571740521,4.854548439016041,0
8.946218245755007,48515,74.28030855448017,18.860111806297873,1
11.846554126848034,11032,36.240302379854015,17.23440467169883,0
1.3855445706652905,14018,67.08144854553352,14.570687731144087,0
7.83172121346565,6976,31.56146519970704,25.87684317563135,1
9.544305371321377,20243,59.22065546466539,5.82688656674795,0
8.855469612392445,1504,78.35448795670915,29.103226078621557,0
12.914129232202331,43554,93.16083046858263,-1.2339160810700434,0
7.065480405706797,37985,29.80707872114232,29.131039453850462,0
18.726184003946827,3771,36.81141034490321,23.19050526251414,1
12.001242389509184,45982,49.10530992716427,24.160415477379324,0
11.944198073168241,709,93.08160958491894,14.077669856362999,0
10.032631700922494,25963,90.63175139701242,23.350076634043234,0
12.931144103153875,6039,13.538436609560613,-6.01014767202713,0
16.95058958800581,49805,17.53333344661203,32.577555852468365,0
6.797218705734599,20477,52.07337184641064,-7.2226383256177,1
8.05130106554846,9106,15.128830916515232,-2.562924506425126,1
10.177643827340011,44884,37.83018296812626,18.839485424861817,0
3.9247744591607105,34552,19.09661093066038,26.970572772834576,0
7.0844528416710135,3648,65.42383373752915,-6.187421782687327,0
9.142674758732047,34036,95.20206601522037,36.03824070611599,1
17.246335084276364,6107,99.68970817796624,38.68038244003493,0
13.575367974011552,20086,40.64790758720691,20.297508650385552,0
13.161539468205268,29750,61.90620052588817,14.062172768841828,0
17.105387773007834,19094,86.34542708478773,27.069748613987485,0
11.17576926960362,7899,16.158896915656477,6.417867616360271,0
14.342789099573338,25617,70.50861904993667,14.663221705255323,0
11.380669482405022,33626,43.840147863881484,35.80755134072007,0
13.59217409639777,34117,24.58388522661559,37.78277126207668,0
8.503448054330507,7998,43.26159378100699,36.35345580255925,0
0.0,37790,12.216227261667102,3.122403348192008,0
11.194325026882176,46041,71.06367911598404,1.62345201083817,0
20.53648881659964,10128,29.010553531103042,4.883225296465713,0
17.557292413449552,829,34.58353627926341,12.06555561942301,0
17.792384907547024,39119,16.50272333293896,5.708370639598179,0
19.416784330837306,7532,87.14261581953971,8.710639786952898,0
12.531945545768625,48594,51.87720653186017,21.031847606037978,0
13.183894244433576,38534,59.353953389708025,28.126283854698794,0
8.294088627393899,37622,59.09610489401119,26.777909913395852,0
10.103562863837702,21122,43.99684588142747,30.721178353957598,0
15.694626898626849,29084,23.29034196662325,-8.390779839229891,0
19.223306623012895,48350,75.787611107348,-7.613310516062196,1
11.163322345914002,5222,17.070345208979063,29.469148034431466,0
9.29886441089153,18272,14.868010076486996,16.653941116231593,0
12.003167753139584,21069,72.46377857166782,18.907033688106015,0
15.60724049357469,42179,24.839516942938463,-7.370656989281146,1
3.336871103198749,3735,34.14341137851907,2.7656900585635444,0
0.0,5076,50.146609365165325,21.917715244273886,1
8.696778903050498,27207,47.68837508930689,32.959094505533805,0
4.675725444515049,34368,72.31501688117493,35.84916985907013,0
8.951158814116134,42132,64.2260203771193,15.020974791754085,0
11.113318087095172,41976,66.21763541677724,17.27371163690988,0
9.28050954586192,30785,72.83516141226845,31.652481553449544,0
20.714805206824472,24654,32.798209105229205,16.881230037367732,0
13.96046858761392,20554,35.621664621045,15.84292627686587,0
13.80284615766497,17665,46.609786050077645,35.25420188804768,0
15.733242864260411,14939,34.208906438184975,29.496636052794003,0
5.167001293315385,45018,98.56909755223202,35.45362631806473,0
18.234670724521614,23015,82.33493301003581,0.9123527390576902,0
11.545414280787242,27462,20.64219538432281,16.218774332767836,1
16.022883703447274,43049,5.531444808777604,32.123606429667895,0
5.568856601759068,38263,9.064410483490446,-4.442608626644553,0
2.677447403903614,45254,28.1860278490779,29.73310771469809,0
16.90733794815017,45778,15.857672154501373,-0.8513308292565269,0
14.2584571565851,19964,55.66712091479435,30.40593774926606,0
6.5876906738549375,42536,86.50954615909907,20.600046877843408,0
6.782021512351834,30913,74.9912709867566,-0.3382004257566429,0
18.752608706488616,33770,25.48286099280809,13.667708966640056,0
4.863528642796033,42799,42.933429322449655,24.09525832303858,0
21.85603771953578,20769,53.249949905471375,21.69264504417712,0
6.596275592112788,32041,81.96955570281688,11.362359811585218,0
15.830351553650297,8509,84.71655229508565,34.96832644604635,0
10.028289145506092,17507,91.42323963123872,15.963170724392215,0
15.619124586494058,26962,53.37829879777314,15.29336492643442,0
8.735315987314845,12042,70.95610091140698,-6.887470502927286,1
11.023242563566235,17934,15.62103526722403,36.10601948988185,0
12.245515052374326,30265,58.7024511956283,-1.14417156608135,0
5.986875265311164,24269,28.625721899757835,16.41723467182771,0
16.444946072520754,22965,46.013104077528055,30.178380070015507,0
8.920718601170488,22368,65.23479828913834,0.7726638477821657,1
10.628400507959888,20656,29.413664096109205,16.368664498542056,1
6.033903752348927,20800,9.957580490692303,2.0342454611670426,0
0.0,13935,5.972216358831964,27.98474988999559,0
10.853833424398985,4614,7.105155876729547,18.217058393657535,0
26.475692529677495,46836,5.7932250638081175,32.79879301975718,0
16.707625727388145,36635,15.48373037299817,34.72790014386914,1
11.884437721593633,8595,27.75142788416234,22.436674122269903,0
10.422655024750394,38409,26.01604384731842,26.269562307947222,0
12.134795356872278,4451,98.74567644709019,17.461004994343185,0
15.28271469105126,21968,34.07057999484961,9.221436653369144,0
4.915123108146931,27573,17.104974419142916,22.40589615104173,1
18.685930168013233,48155,56.82844169593701,35.41443117436644,0
16.292287892647465,34841,86.50595826276329,10.834019021571898,0
16.30911435424761,46627,69.41573579482915,5.720501318689767,0
14.630854432858364,3268,33.12779846786778,9.421846927628705,0
12.11769994616394,38570,58.353535180188224,11.76988151057998,1
16.03716741580092,47014,72.91131754903887,-6.32194855111419,1
15.550884802448268,34479,74.16992677493552,14.92209202174972,1
9.875755734353858,25851,68.32115325328044,14.715712402502982,0
8.558389362618595,15945,87.7269903536837,19.42219138202616,0
12.61113777157192,49083,87.66001854268991,8.141001523566574,0
21.294120908971124,1660,59.99897314366531,20.655379797779485,0
4.565357546076594,22861,45.836355065565165,33.91081551371015,0
3.19484840548536,7541,65.94917807868448,37.77354952475822,0
12.988565047419101,19267,82.730140130194,19.18061080705248,0
12.305326211136109,11346,5.5369499599125485,-7.870452301484345,0
13.04004998622245,39144,99.23971585641085,38.461799863355445,0
13.463719187451002,20424,22.37490837127393,25.293103044812813,0
10.66078647219117,46157,49.67365363769774,6.798182427682606,1
20.939180631612494,14382,87.84282481007234,-2.6421149518138307,0
2.3945761291409067,15238,26.37883790919894,-2.8290693881862525,0
7.029017851318524,21519,50.295546270536406,-1.6127796930198635,1
11.380471439105715,1595,17.595307117212023,-7.721373919308984,0
2.1408671330749978,39169,42.53225091187829,35.10770943264558,0
10.944873573407573,41483,21.82786820533524,17.038411641366817,0
21.96882099436811,46179,39.544636133259914,24.99797063569186,0
12.125318929775771,14623,40.479100595308594,31.405425463415373,0
13.3842054343121,28632,99.3512250118416,29.577050316660014,0
4.439011408964518,1579,99.50723778385836,34.130281186442076,0
8.301831551763135,30157,15.904696472758179,38.362731126247596,0
9.748821718056378,45778,73.96703403619298,11.953530737096976,0
10.093709419462595,32875,9.915820568564609,37.51677333341953,0
19.68986277002261,25254,7.868241457032919,26.16449741714082,0
15.346146364350748,31653,15.00671995327161,-6.466590484596076,0
5.331252258377808,18844,96.72113741575373,24.08915606061727,0
13.47902867059203,34741,94.38203704999626,24.33583298024243,0
14.989330490980711,38156,23.423142926664642,35.293028189626355,0
18.8408942311276,5479,20.358871877602596,8.646606623504603,0
21.48324411941024,1712,27.850833219014966,19.24557501359089,0
5.909434849032788,9501,53.976964437138506,-9.390622449412874,0
7.134854932737971,13748,59.12194004336394,6.6037621090668,0
4.454532846512302,33687,26.051375891747497,-6.887813692060954,0
10.595880845358113,16108,76.87916486854479,16.093648638244847,1
14.798150246678006,36927,34.407551093251826,30.87238252534766,1
17.924007099534613,31868,92.60247592529399,0.32213460645344805,0
11.544293858144863,5783,67.3886571133894,16.372052277888926,0
10.080914860470937,26354,46.45336345884311,0.20043182553835304,0
12.910547953492442,11215,80.0416401617703,-3.9655766076879786,0
6.989142590219862,16665,82.70188947443316,15.549839596717122,0
24.537232330168642,34608,32.595752532849644,-6.042568952513618,0
2.354033837291648,27297,37.27288166442801,19.367731556899468,0
13.108443473374347,48073,93.91573960421732,-8.433126966163687,0
24.141637315377835,11084,20.650398644510833,-4.664251406581224,0
12.040799067359986,15280,9.004289611478749,17.49987427436789,0
10.859765789991034,38405,48.13525564790717,19.570370644945694,0
9.855327463137437,22073,81.11494052314475,-8.550653495312096,0
10.917649909425553,33859,78.30847009952085,18.66883940007792,0
20.237090848059182,1026,92.35540974671909,31.92512626618185,1
0.0,8355,55.654063115058825,26.115808864697698,0
21.200602207777955,43963,14.506143798820665,-3.4407448039600688,1
3.4562570852991295,34560,60.925452561921524,19.623732378180744,0
10.400086024593511,29982,78.9475833635551,23.612625003710672,0
9.42453347820803,17071,13.866171425633508,-8.138439912385412,0
15.531319618624318,32240,21.40245310427103,32.767383434181134,0
2.4112538886975146,19642,6.167612809788736,35.31336986449151,0
14.773035996491657,25604,61.396995047446985,32.52261366811293,0
24.145857739721116,9125,89.23976723486092,31.231573399455662,0
3.8209559724431372,39699,68.71301502019945,27.248259923044664,0
13.138237005662374,16426,98.29380832114329,21.671601564098005,0
8.028106933220347,31718,10.988196987477348,23.931350249412596,0
14.555323237158214,44972,90.78510308939214,30.31976466674915,0
12.114886664494513,26880,82.33648730173466,23.12492291806523,0
8.151078545734142,21066,34.85294444745297,6.386347834103549,0
14.927233709226444,33705,97.48502242453893,8.798055108067697,0
22.826088658720458,44048,32.35408607628443,34.85287341861461,0
10.854577249636208,30217,89.48394876368076,-9.143895710141905,0
16.31854765288909,42256,88.671114822048,24.941029062214103,0
4.240362252773018,25635,76.97747357728238,37.73887762126077,0
6.261381739091948,28664,58.52969501222093,25.311408497898682,0
14.834437667282264,9453,16.400261213604367,39.6955994115891,0
20.90469617121579,39062,55.53731477716733,24.37724527641654,0
14.13368009271396,4074,38.895644287218786,-8.281848539156947,0
10.121651816861075,20669,80.26061814975841,31.350494082346177,0
11.995748432540125,22104,77.02227461720027,4.231495596965954,0
4.497553596181695,24634,91.5081882003975,12.302861283222047,0
15.627091958132201,49569,6.408865431012248,5.604595795354104,0
17.293998373940454,23702,81.86480559818938,3.4277053104839728,0
9.287458003001518,1184,94.15389504684353,11.570285183489268,1
9.17974711344299,37501,79.98354266527426,8.93757242203369,0
13.595269377912292,46265,17.368473687684837,21.66692909212947,1
9.379681583756428,8507,12.721514959884335,30.65756004937553,0
11.603204312245065,49879,6.9802977817315774,4.854432659362038,0
24.59833073499909,35596,64.73079645366674,0.6860576411008712,0
10.51784579552402,42287,64.81890192668929,23.344763543517114,0
9.849959087872666,9755,98.75680285073017,23.516003291539082,0
8.114749166189043,32762,42.814101539889094,35.05656196430859,0
16.46515182899962,18593,36.53109706526219,-9.202715677334458,0
10.912654960691382,6282,64.32036808251729,32.652033105825495,0
8.103761770071443,1734,83.43282388822142,16.050108647417847,0
19.927824193638074,38473,93.99352520468517,21.065104458604942,0
20.517618027081824,34688,81.29679578700866,-5.431427971929262,0
8.397458605567769,32496,45.53402815850145,11.630746643602283,0
0.8007602918363026,29704,65.31685235464609,1.3651203619261898,1
18.04508213902153,17652,86.34843603803111,2.7112515041254537,0
7.892221045439976,42864,51.607920389615245,15.20475573380137,0
16.74375359497661,25519,25.585231152012305,30.62279752015562,0
0.17937709372898558,19988,21.12372677604793,27.189046507242807,1
17.355584029795857,37623,5.014985734915389,19.54999795429769,0
4.732968424315313,20189,73.23260952322201,16.97090963767335,0
16.384584714399146,29006,15.554234840369098,11.365302161724497,0
12.085638407018605,18215,28.16471447111434,38.63549867806932,0
6.2763634836201305,41529,33.29825149466537,18.009627711711666,0
9.557782122439317,14265,58.23608671299299,2.6983199156111057,0
16.117910741740204,22442,42.80594134309808,1.5045396020019786,0
12.635366718691406,39212,69.09402924220038,20.56765153875709,1
15.506477882834906,40394,10.285672636226758,16.14137636554644,0
23.858643507092914,38531,16.774223455121746,-9.61510985226436,1
2.614550329733692,20978,52.42509283566034,31.503268609788968,0
21.703275449811745,23051,37.01165484544883,25.206117711621733,0
12.626135625139277,48568,33.10226946137917,23.091464483905174,0
6.607295710061231,28572,11.36766750856466,-6.5609671151170526,0
4.018118245566061,36061,90.09332160106014,8.102792508624571,0
10.865277655337799,3392,70.72276568187982,36.76911303663931,0
17.529900671546756,34466,16.55372489786669,33.12946206706819,0
11.234705277734795,24895,11.179365985028358,4.277146893476672,0
21.066929581484086,19256,97.61289067596809,-2.1470557950430647,0
3.2929458596906467,22674,69.71139229175296,12.454397858428853,0
11.927466312923672,35151,44.65832675390544,7.791518933383044,0
4.485639333521286,1297,71.66444887179956,24.111318835299553,0
14.181791295749807,8709,76.85151971561511,38.32174050421598,0
17.321324340583804,41503,79.09640922693404,8.150072499128072,0
9.47542923791368,49806,50.398344037040474,-6.8887913673879,0
0.0,21846,45.83886202186056,34.880700417119265,0
13.193688880778968,48525,6.047668005545532,-8.10251348800646,0
14.620431310401056,28524,93.02292593847461,37.63829485766665,0
14.425768529770185,29914,62.31424844694959,23.22897140045199,0
19.414693150932926,41318,24.29962403304697,37.08446042209746,0
5.573677922105707,6447,92.36232484503648,-0.017015667551086855,0
16.081296632702696,10117,91.91853066817815,-7.9650102373096185,0
19.15504507486785,21204,98.9724956147791,14.410498913824592,0
1.328474495960899,29202,88.03537349820299,12.531170728506261,0
13.917910955513863,2392,99.78951684290615,6.574613662744142,1
8.97492101395397,30254,28.245187871710897,37.882823719434874,0
11.510863961390125,3924,85.01371059392724,31.12918660807161,0
14.086058901230018,42718,83.18768933559763,23.079101068779664,0
9.076628615318686,13918,26.939334125969705,-1.8570854181086138,0
7.945751525030329,30386,14.351567155094124,26.716170410926235,0
12.204914504928148,35283,98.04494879937197,26.3506227349862,0
5.4765243668231856,23557,33.122332394457985,11.253408680800373,0
5.485049226688887,5333,87.73472009444157,36.23929548570068,0
16.07623969773902,10394,5.39207969408737,-1.6511058885494778,0
5.1072357890480635,49210,6.99735668586221,3.3668781205832143,1
15.99787500545527,42333,49.257774326154994,-6.838783037468318,0
14.775547757123707,1065,27.677894973831037,29.772547908879375,0
1.6451596272564197,40680,70.5349219264166,21.087969304769864,0
7.934612085986069,18902,58.72861092895566,5.747015284062477,0
19.164656418284235,43345,12.361150757796688,-1.8093168202842314,0
6.11300681316191,10815,20.449688149993122,-7.992611498562981,0
9.213574426143675,13334,41.86468065554936,-1.6627215687031704,0
14.77236535951138,2814,22.63238607576615,12.66423231688291,0
16.700343055695573,37680,80.26112298817321,2.3588484505303073,0
10.490766683733026,4383,44.5266723775616,2.949108871598336,0
8.41493883185015,44652,13.87602735003743,33.778818333385715,0
20.534219170191047,10551,51.01257571585186,15.75688367305503,0
22.433397982785472,41484,13.629627200834346,26.46259865642073,0
17.873148304690773,12195,17.24904401488263,-8.214452548592845,0
12.511908855390145,23623,27.762934042679504,8.258167783901435,0
7.150405670154441,8402,86.65513199851154,13.958467369772091,0
7.017333560660608,46455,92.83819057163234,-0.6791572394907652,0
15.135084631594545,18073,83.49448428654657,-3.990422927723066,0
14.510389325332103,29874,36.737335654695485,33.515188924992124,1
20.409591557678578,12788,30.882411905339005,36.97158135498983,0
15.902700555216835,47478,57.16979062507272,-6.05966509772963,0
2.9815181894410907,7384,73.57605025064566,7.4509356271221545,0
18.31168570633751,11059,99.37041487521661,37.91428140722368,0
6.011636236113523,18625,17.49921762849799,-5.841913343376755,0
9.69617236828589,4188,9.682739907261421,22.18206864393631,0
13.501201237510166,24369,70.96380945455074,38.611068548350275,1
23.974004938703786,47382,84.06144943287103,38.91118342906873,0
30.0,38637,85.4031340873102,13.561166545187163,0
15.640338354817096,45206,69.45403716233027,-1.8625446108809696,1
10.900820287677673,4523,95.63150139132277,0.10421574887194196,0
15.207033890883302,49250,53.54545253673576,34.480069756219734,0
17.325932555243018,17600,91.81240584194019,35.5841502164868,1
10.07599424665685,37235,96.94215301419469,20.393982193677736,0
22.77126813547393,7923,85.47995841529523,28.308819973495567,0
13.380424555148412,39718,34.42706350956896,26.996562573520407,0
14.986458534548365,12713,23.64048686117805,23.09107989945535,0
15.995545512326768,36483,57.07140617327275,31.363847743596953,0
14.529519663686735,33658,48.0364012861179,24.270331152016055,1
17.033643002817676,28960,88.38704250830963,16.700115287374963,0
8.296480880718459,31517,14.503008751379603,1.8478181294078388,0
8.650189476323817,33500,29.485305824594267,27.19440720593095,1
5.399074602169831,27002,76.42089972927731,13.671893391913724,0
14.637007383721357,31490,14.023731272844651,4.739584200375466,0
16.673619021072685,20015,35.47261933206152,30.09731378708877,0
14.746637196911315,30491,41.7797624351284,24.835680017651416,1
22.046954600085222,8134,64.14641067345555,36.866978156235,1
11.966423887025721,11998,20.022601343339634,-1.7279179990561133,0
16.012449933555075,11416,86.75742658322241,22.459464231824658,0
5.449794743164114,29877,47.51651236929605,2.2119734044087993,0
9.677401785153593,33501,92.11706262865286,35.17914926508209,0
16.173226545394666,1891,49.447641795223504,-5.025029287169216,1
17.094612664458865,44352,31.12882459936967,22.80809032224386,0
10.236198314014906,42715,18.473738725329113,29.554286076401496,0
11.5704044888516,14684,5.355783997572058,7.7458920182353594,0
2.8927575199151434,27614,55.55496107355938,37.70690396919046,0
9.857824795160344,12382,15.179886208057725,32.536534229301864,0
17.342298981118716,48106,42.21413754496193,4.730914984245169,0
15.451230096639398,17773,60.98081731752323,-9.622945364200067,1
15.003994328287257,41170,31.190160205756527,4.832858805903043,1
12.298642123085761,46147,21.64630777478095,4.065523523537127,0
12.04237895176906,17629,78.59855414788746,34.49823037504545,0
8.038073163159318,43179,94.94516136675395,38.356058912737375,0
16.19297052121521,927,14.54183969688677,-6.478000701486982,0
14.525837666336338,31916,19.781080816575745,13.564741426665837,0
14.952113087956796,1231,96.20120243900827,17.416599926489788,0
8.843790943994518,1299,8.589501072163396,-5.354416933514835,0
0.0,29373,97.87507197229486,8.874885456876129,0
18.582916270522173,7525,5.441225893073933,5.854120869647531,0
9.126975263949575,14981,87.99852228687648,16.802817716354365,0
6.823345415741276,25911,34.19589219383621,23.0595449865969,0
16.160873471483963,31858,94.16594152684317,25.17425552482833,0
9.647924160485223,40892,35.10980242038062,-3.162248819330623,0
18.35961830427973,15461,67.15910054573531,30.64738509723107,0
15.702035697460186,22267,12.603094127763981,23.927101489537947,0
16.101415939202866,41500,28.021332088105204,34.45374583733598,0
3.8042657327967944,36635,78.49953791552882,12.466802971771704,0
19.271663912318402,21892,55.22515609948787,34.69448813610958,0
13.567503187403137,13762,93.15706086976925,33.28870611780377,0
9.784337164522782,5729,45.73138379242866,11.92046661796348,0
12.860330804053506,24272,87.6321747523227,9.057165764648932,1
1.3425886026100802,19299,47.650766560432565,36.64060074851284,0
14.451916868884025,47015,98.0285864766886,25.758236726921883,0
5.823770950907571,24055,96.1842662328933,36.412267321903784,1
3.8839782849387934,27116,36.26798702782763,29.84873894479065,0
2.8658448826926533,19833,89.1627486895963,20.464871964570715,0
18.67613024993955,4761,85.52308055048668,-4.207361149811774,0
8.224419637843267,3966,25.014637746118467,4.574033628954925,0
21.202366259498994,47053,64.30758807441062,38.442120354919574,0
8.785191221686214,3588,11.904819981032412,5.971104935710223,0
1.7558522544423196,46283,84.48751845542886,-5.337256510731461,0
5.300853360308045,1615,21.58185893283217,25.37766779596599,1
19.414869720041633,5078,11.727396631647629,26.700212727184212,0
11.064610932379995,3090,43.020814076187065,4.272886014357539,0
8.710276221056395,7872,59.80760316696613,4.883598967315187,0
12.960109355116726,4073,86.21711106317825,13.444649275439195,0
15.01069641700527,3478,97.55303992456497,-8.910552511887223,0
18.704392895414763,43907,46.75178869413705,29.46615051805818,0
20.690995379357556,9922,10.74245768360067,5.8544393637062795,0
9.841388125265485,44126,76.16598000745772,32.68815510009888,0
4.043713883507769,24197,58.691459341274054,30.131521080001686,0
9.519209033260344,31320,47.549677760224,23.070101655939155,0
13.561683039497318,38243,34.380543485258016,6.243743354964435,1
6.2174464427363345,5425,52.727860145135885,15.8158280830585,0
6.257094510629742,29930,37.17456242341794,12.24146287989795,0
14.062727289299312,29334,76.91612743599923,6.944094312433711,0
11.708085890577292,24935,56.669901166800905,32.40681446515891,1
12.19678197246952,22176,88.30053854464063,14.175353728883264,1
7.449027991799583,44054,56.636671891697,31.636154889857323,0
10.617595714765397,20314,27.63492926729335,-4.739076292908786,0
6.454601134390174,15216,85.85372881205373,-2.948760569983213,0
17.34119046674872,28028,57.93580926835417,38.86601525564884,0
18.211496008342515,2495,24.649898623638318,19.38842313030448,0
0.922872826571437,22914,64.2332419458411,15.48848367495245,0
6.42293483884554,14344,38.98309266953062,16.157803157205585,0
3.0208244694595257,37159,85.21853316774624,0.7634387016429911,0
8.09985639355861,16022,48.063475171421565,25.93519747509865,0
11.499372181257835,40413,74.01192902020459,-5.760968813512282,0
3.3021286818088194,8998,14.075939725442531,18.66618565515116,0
6.468841121248122,42822,42.62231289872289,18.538439829295072,0
5.97625576751101,2602,98.40793646487788,35.70942120667555,0
13.243603976393663,36298,81.80372750032909,16.30914050524302,0
12.416066022217503,9024,20.19437622485822,-3.146865201291024,0
7.66957467997648,31346,31.387584700339232,18.63766296240813,0
13.060925232836388,8607,36.3325018413543,-5.433617781733382,0
8.719919492476407,49894,66.78472824706733,0.18969176499608387,0
10.370069338043681,18768,76.91450215151728,-8.444570790629193,1
22.040712541791223,48203,76.20502783675143,15.664679122974915,0
20.04276631074209,24899,53.43803534910827,-5.773369235321382,0
4.202512578434414,10124,82.02795109462437,13.469718926566452,0
16.97839450727505,27626,46.52241786196013,36.647251766207205,1
16.86837932694955,23631,16.76865370307838,25.988070650966602,0
5.11042026748429,49091,58.621974957112265,-6.129416288735348,0
16.912665862529163,21214,95.46863153710514,1.2104906104421587,0
21.227591510475317,41131,80.33439688228857,23.68312099467171,0
5.264731162533517,36377,59.97656153076303,34.735093051209184,0
6.494983073914418,19070,66.4465377331642,-8.354070661802313,0
18.105968801061014,12982,93.4033925683794,30.622556586029702,0
13.628971864953888,34818,45.692565471321245,18.090694016915435,0
15.30885765143714,33914,36.48244319955055,17.30456626481963,0
14.04353529840298,21540,97.83794867504265,37.890659137667896,0
14.344175525568865,13907,87.02709768348167,27.382230629838652,1
4.041167230133502,45968,35.68914053876723,32.5059434028056,0
18.28390623972869,33805,49.059156749287666,7.699778477233336,0
19.01753995456664,14666,44.43242225574091,17.718202041420493,0
10.623655535591833,7072,19.164089473786223,20.770283871388536,0
11.739138301116826,33502,95.99283576225962,6.079197018123254,0
2.8133549846656645,27472,43.40968096587709,18.512406247369977,0
15.08552853610701,47335,88.15626285060125,1.8327689739856912,0
15.432344650284865,42964,22.98884162966318,-2.831216446588022,0
11.626853898004134,47418,57.04772701053588,8.698512963866632,0
18.746120159223015,23423,7.276331586805632,26.96448143732185,0
9.995536614120358,2409,77.6009459650193,35.80935740369438,0
15.387635555361602,45418,60.18682033339645,12.885702574911626,0
5.882013967847307,33348,64.43101042962651,22.141184413771583,0
11.858687094754572,2583,9.913483842692079,-4.848143451244976,0
10.953874452582985,46646,25.048641369818462,35.223187927616436,0
13.351847532245648,48485,12.061432873590116,18.43021067849672,0
9.78283842699985,17640,32.44686000136212,29.01691238125785,0
11.211164425969994,3170,64.60670572980435,29.72206004606969,0
16.95628302864904,37019,58.787668510150645,2.824026318405296,1
9.379414576570696,45012,63.15423305327207,16.458722659092476,0
2.360537395567924,38529,57.178870780899956,38.023987578048875,0
22.497503425232523,15191,30.93773558920664,-5.518272758958611,0
20.28872447214292,40120,28.228212247720396,24.15249490147817,0
4.246423829366288,34762,18.02066993597522,38.1132039017586,0
16.138246831471164,26095,85.66173311583175,5.028855402701108,0
8.982151376691942,33940,63.56553906141823,33.07239607021741,0
13.580923291986357,9130,22.71854618788568,36.682877270413584,0
13.765344774080962,31750,21.834891083017755,27.354310469741254,0
10.593553198102068,29298,87.93838214498298,1.5664156153479136,0
7.297406006481621,43536,75.55943205751534,6.700035941329694,0
7.856753686102444,33712,67.64291259101029,-8.209535279113464,0
6.502848507112545,42425,43.65209021623348,31.57266171226776,0
7.009066750617332,12482,29.887678606459165,32.480559325554,0
11.596930259703868,9155,98.04782249571825,21.635515498309637,0
7.705440065335489,19082,80.73775962716601,7.626392563192566,0
16.09231239427572,35555,33.669026197946266,-6.159448618003973,0
20.923476932015564,45225,85.51865564645699,27.65288049574547,0
8.519680551779743,4508,77.09853511839474,26.326309680496145,0
13.436427003212263,44964,33.22265223840984,35.63012608694505,0
14.998110661817604,42372,45.52252115295577,26.52660105026811,0
14.832013625515646,996,22.665577312147533,31.434747112200093,0
12.455731607496524,34731,15.549982215920387,27.297730895199976,0
16.456094510158334,23712,73.6623931197712,21.53435941561582,1
14.893493716083944,21137,30.41362644861733,11.348319709550461,0
4.574025466036213,45727,82.90563974589409,35.10586543211389,0
17.21493638633564,17377,99.58282759387048,22.54842859537349,1
17.323745023600452,18310,12.278882323316624,9.917766098295452,1
7.420283374928511,10384,49.938336882951525,-5.826535240902139,0
12.227627012685613,3223,81.19594313452629,4.535242795219105,0
16.099973956866418,5261,79.95033517141718,17.18633674150824,1
10.74411708252383,8130,77.19973004144201,3.7817685008097266,0
18.43786828659607,16875,38.15451885368154,1.0617673958951057,0
26.183234967716164,42009,48.11605929007997,16.36967570439236,0
7.2840838041901055,25718,61.521993947439675,-1.508982705213271,1
3.713732381077351,31065,97.52435543945943,30.02050316625517,0
13.822911573629254,37618,36.116990739156826,14.2184075671329,0
16.32937503075686,33475,92.69866933310149,18.693138698132508,0
10.614801756931387,27573,30.58890722714694,-2.630836620132573,0
20.719563979926207,4690,98.96207422000194,6.228816781468369,1
3.9683652016605073,2383,68.67505024862122,10.504484163057645,0
16.157511738189665,3386,49.03359063406234,30.41064152582515,0
8.36483507544664,9453,63.272090666042466,28.507976154307627,0
22.31626743724378,8881,30.890461058819646,1.1488737393840687,0
23.95509211900871,23738,31.046516463589327,20.808954080350386,0
7.400060473299913,14295,15.787681665131915,2.1728178885998792,0
8.702657184548519,30928,15.834778282012882,39.41235778451227,0
17.15752732187881,10138,38.02881543954658,37.60619390654353,0
9.677216101262912,5431,77.4712704001553,18.163236026031026,0
11.727532692406571,43123,62.757260921825434,24.945128594707146,0
12.152330523254461,38992,14.745533231446977,30.071519110432252,0
0.48196106281406204,26911,85.96246987271154,26.049921002245195,1
11.916973523434576,45688,62.12992456405631,24.991434554121042,0
7.861633355614956,21034,96.28127979455408,37.9277003974764,0
9.041263065601369,37328,68.66761940406472,19.822805315364164,0
20.661792020812886,29681,21.641612051897194,21.815133590952783,0
4.460958634324462,38033,50.009419419243116,32.46343752190906,1
16.879231120487862,20496,66.6072717669844,23.494543392920338,0
10.326222418009149,7053,7.685146599747881,26.646631100876125,0
10.321438989024994,40646,6.41647509470675,1.708434309832122,0
16.74223137631027,18573,17.29328505686395,8.563346205753545,0
14.040307767413342,7630,28.908121329319723,-2.634932714405349,0
15.423677983317186,29905,45.807166734464175,15.288272116740274,0
17.809107963197167,36454,51.306845007179895,12.786370034012315,0
10.012149700900064,6289,18.112622849100195,39.858140713972844,1
8.326579592953498,29430,68.97220001600392,20.560432640777123,0
5.489096840653211,49390,61.63311586117081,29.322241159721166,1
7.047536820126269,18029,32.97408938991022,6.700733537882711,0
29.69456655185235,8442,6.297688926352741,31.577266567139826,0
19.46807748442072,8048,12.37655195856262,20.75424832438417,0
3.893553802751872,18796,42.211003673529746,24.84961657992192,0
4.065252259538579,32744,19.627563360739973,4.721538897472719,0
14.891196370310949,796,40.79786258405723,17.431919584778857,0
15.2835887842678,2909,64.67734742848374,21.701848670680434,0
15.293303011904186,34729,56.98755564853194,19.454733790829053,0
10.470265238677813,31346,26.961708898052454,35.759685571228324,0
11.247274439982599,35536,37.663136669581476,34.913633224627674,0
13.967277144956144,39822,63.33296385262181,38.54920289384353,1
12.515358037759983,49659,86.78122766412763,23.371400300349467,0
0.0,27667,76.55527668019334,38.59570650628423,0
10.621202216548838,29491,57.57300254917442,31.623900001595445,0
6.891561394438119,18301,39.41783484006619,3.541607016997964,0
13.051268513451072,7858,39.67987136647152,11.371783477564854,0
29.91155401562046,23088,88.54464447511762,1.9196221094504895,0
14.204889992845827,18171,8.728139723851909,-9.79014195847174,0
10.118821882965612,18002,98.85835121992478,-0.5975623426545695,0
17.530809011863514,25628,68.11566403089842,-9.796970685656216,0
14.896127323255277,32145,69.7080814118771,25.9919230675245,0
14.520566942711048,8137,8.609794543950505,11.276714886059978,0
15.641103559294026,1160,62.525281114670854,5.628736353892913,0
24.33926138897725,42175,51.05391570859246,28.086044554759397,0
5.214669388044505,7422,15.048996154936365,31.624338730982252,0
14.841792460868726,28661,31.402591023089112,38.764976932493994,1
6.44171322011077,45221,89.57987334029687,22.100679233762058,0
15.33307587805349,4470,57.24889950726553,13.076447927002587,0
6.487880931083434,3907,44.274574641521326,5.263215080371795,0
9.495799118369494,28343,11.90480480487704,1.1159104607113146,0
10.229460514572562,9546,72.84154510321903,0.6462975241300606,0
17.854900316068253,24300,71.7708282226231,10.459468735989939,0
17.510726663654484,15047,63.33414266239354,39.58931776439649,0
4.525695741321693,38028,53.47495139096168,-9.957315128129837,1
12.329604665999092,31889,46.209518209700406,-0.13970513844996035,0
7.742520871504964,30846,61.36075383385927,-0.5803508798213086,0
4.448970535947993,23248,27.172567914198638,25.855974276614617,0
10.697897697453778,46733,94.41961109687654,7.624236379903091,0
10.149103269265082,37355,60.93548027212181,12.86304022959103,0
26.560298918073133,26348,34.56328221366577,-2.5687934765047515,0
14.597758952164178,8107,47.71958583408994,10.249851943847386,0
3.7342949954745763,37287,81.54005494330477,-4.840009404708198,0
8.611355974974346,34083,20.35352576937826,16.652164394429157,0
18.12829977257639,13063,32.81938413372474,-5.103081730857203,0
24.53065663721955,46560,69.55326215997276,29.525419058657814,0
2.48410012657225,49426,34.97147461581127,18.330085877024473,0
0.7204536891657298,34190,80.28765977683926,26.198393688675846,0
23.225791052230694,46197,17.393081281849277,10.925819332634193,0
14.337685064225424,29676,77.45518619318781,9.074564662111365,0
6.790243608741801,15425,11.493412910803793,-5.08955554755682,0
15.207774516734611,21751,6.196298203412004,16.19278035214113,0
0.0,18148,90.3312342890554,15.7251082428546,0
12.020253039582967,20608,60.22722560856837,13.405102222480267,0
13.966927037058511,11479,38.42355522324709,27.02591823412246,0
17.545620837226977,3222,27.09649051156579,31.625220001617723,0
5.916624286244774,5855,63.604149409777534,27.539483747425408,0
12.514122968420153,46569,53.35520743599013,-2.806712859657808,0
6.447452243642476,29299,99.2017886753486,21.102975464105402,0
13.532302534045902,35818,98.40551873210585,-5.983844715523331,0
6.627922065821855,33205,65.32733378345291,24.731114372023825,0
9.551394965038677,44409,47.0726980800596,9.091954828056334,1
6.025107631258626,23570,51.658392067792896,-3.3750521866856698,0
15.906817450941942,11784,69.83551129250189,33.102542848806394,0
17.15070669993999,22237,14.64958170236123,20.700416951946867,0
10.592276580255517,23741,36.193447012018225,7.736248397376375,1
12.22942796976017,27914,12.150862895342366,-8.463641017475023,0
3.3084515121987352,21395,11.969272154107358,16.865512950180527,0
10.201940111959278,27271,23.604727979952205,36.16129392431163,0
11.698772297749532,1884,51.099059186356556,19.818991635118287,0
27.72475854617985,23189,79.55356051046499,38.582530230974655,0
5.328197845355018,27975,51.12210966075789,-3.177444086477074,0
20.785063432514626,8752,36.87027800328263,18.41525522974184,0
17.981152640794846,31344,12.823534081992022,29.906252400321474,0
13.683818426940817,30651,57.27807470239731,16.27703655628581,0
22.5517229051708,40506,30.77051571590179,-5.446682200626371,0
14.232632835641176,23865,63.41874690212901,19.144300077360885,0
14.334955174007572,6526,97.83283521757974,20.586895292123582,0
11.681276081894728,33267,15.574860540367265,26.43546242376763,0
19.341413294511764,29023,25.15191287858429,28.060575758273696,0
18.578815402865303,10982,49.9439811194406,28.53863441053036,0
8.245936275022725,47069,97.0183124578633,23.1722196819483,0
4.084516832407395,49388,78.32192874564959,0.7905593209329076,0
10.782116175626058,48848,90.33177335046886,10.211787791973968,1
7.199768613614122,41932,36.70291060520033,28.806498630719933,0
11.61885255230787,25608,99.24365500896648,37.67134917004066,0
19.424628808104835,993,14.769117526094952,-6.0526517581689,0
9.25619006947926,16965,10.032426074379579,16.77683388985974,0
11.74305971213055,40267,86.28224957013268,5.626113566215322,1
12.34813640885037,30050,93.0901626696637,1.2696947158414884,0
17.090585293231708,14333,13.605608966879666,15.290534175985751,0
0.0,3470,15.775605540854942,20.30446702782684,0
8.359798231408222,33279,8.151544986798513,-9.511388429025939,0
13.267702153676836,30458,14.92821845105879,29.010328610059545,0
19.20047373856117,48819,24.894882596026683,30.994106562972384,0
9.04858531496277,17645,97.15727879645009,38.27554122839665,0
0.7406837637487556,36453,68.44672111276964,-0.9678133387652521,1
15.718268675796818,49677,78.9625374242615,19.7276281180474,0
8.187825667046225,2306,78.73324335069461,11.331268673819725,0
4.862000045457832,6164,55.83200622902539,6.741392577767533,0
8.253927661720656,29400,80.76145288273663,18.281672571875234,0
10.892847854064902,14626,61.601715577047116,29.119154661177514,0
8.371532012770723,46162,34.881879272318976,-8.847360827739495,0
0.0,5654,58.30546033299807,38.47000562830934,0
17.382397181322794,22708,55.683315682778776,30.49407928528554,0
19.649250247672335,14267,83.22804010713546,27.55768518227892,0
15.909131948037034,20543,98.2640856512576,28.019369109025174,0
5.1738859774511,48494,44.0490437149884,9.453035480932629,0
10.791050796314892,2025,77.52211445192917,27.581027542240687,0
11.960872108623251,34028,14.477485383622687,9.338510430147881,0
15.592766337371462,17478,78.79898009758742,34.93534147873965,0
16.010042932308487,47148,40.28460663935705,-1.1388808346765167,0
7.594957207329026,1555,8.742065474520233,4.6173712107575735,0
12.491973338481362,10546,39.508386963406835,17.566877134953806,0
14.743682427691446,36351,63.01106133755626,5.960551794363625,0
20.7349339328806,16178,16.328765929739323,11.21186226476367,0
16.227039238948336,45376,92.78327678087419,14.621134469929734,1
16.734340124253112,27124,12.378879260919666,32.817667440675436,0
12.502959767576165,42918,93.35063838415078,16.15961268043464,0
20.462754871221023,39225,72.17806420389022,8.122992430728024,1
14.458576775756985,5755,36.322656664349346,2.3868082017557892,1
6.833472538958578,9911,42.121283032363856,10.43379893960986,0
20.420219820751143,49612,75.37688964961069,15.786805220718495,0
16.187419635234164,42959,62.1397545837147,27.305742860161818,1
9.341735873229107,36663,68.8060775382198,-3.9475611913830666,0
9.12304219560454,34471,41.9706385687806,1.080459411957544,0
13.77945327084457,31735,51.3422807717219,8.98270079343366,0
14.779108771605507,19694,99.03741098359987,8.01992025597573,0
13.18375359378724,19976,25.32267269747318,9.587404380260587,0
13.867852040657311,3544,44.69633771960248,29.67606323201623,0
22.199744247458284,40540,32.7232028195269,6.207720148108656,0
18.429258913409313,21557,77.68559349178574,15.094909020133233,0
13.143813547590145,4014,77.58119943824347,21.195351642894824,0
17.6478634846049,10490,32.782318794752605,1.6089275091802557,0
5.804856578834762,39460,12.732080080133375,25.934769357376943,0
14.387562299680853,44035,6.086104283859385,17.355565986914048,0
22.85583809839866,49796,45.60780065803612,12.339058151568903,0
10.691724627645756,8007,43.98207146189824,30.48920133691569,0
6.914196428285491,5357,98.89703847078698,2.1747629592591,0
8.087466668441635,12618,49.63119719127956,34.15879853071616,0
5.46220177594567,3646,29.35974510966496,18.052436768335188,0
7.291428551233779,26901,89.6667968979894,20.45874396898291,0
9.776951408459826,26677,51.65145521708995,33.75294820844714,0
3.566597884928148,39024,61.921685345004896,30.8791343924668,0
12.093710003697618,4914,14.088527490680205,20.078103441095017,0
17.413663042719882,17994,41.37705869632853,27.659385192408706,0
6.553462919118478,20937,94.70124907500974,11.665974511644842,0
21.115703541850614,4437,61.003011496665415,17.368887674987313,0
15.064752531165569,37231,37.72767623853386,-6.896493164574443,0
18.183483513744342,21826,64.43838216000134,-5.507104099997658,0
8.052992676887177,39165,91.48905350992104,31.4712702093166,0
17.127151362399694,9474,31.029107044896055,-7.016417215875167,0
5.448396597628122,47645,52.98608825471407,-1.5300437183696358,0
17.341485005019052,18000,96.07561212161676,29.791632947522075,0
13.031036038761188,49324,21.377633613353,-9.942702468587186,1
15.319507319908704,2250,73.36807293168759,4.1202164422932155,0
4.946432366250891,4527,63.375695779283326,19.20193289133109,0
6.629580946340372,44796,69.5691374583603,19.772496573464828,0
15.58336930952031,6245,38.36586491341912,28.85764541147368,0
6.309911974654796,21948,34.818540480957665,15.296312724608521,0
14.779237752594739,42947,69.9999187058952,15.470093476548517,1
3.7971731612385256,28951,25.47661208493181,26.265528777035023,0
17.089045276000007,28707,44.86720076160549,14.931223163314176,0
4.604860111388946,6438,22.87659137502721,20.424554328180843,0
15.313799626077142,12650,5.788959906716325,34.88870341275255,0
15.753785601876007,13906,97.1554492036166,10.072550380618598,0
7.81936908942255,20281,46.01178297235981,9.25625354596111,0
15.492159402508362,38121,97.0882133698834,-9.822550406761435,1
13.562653580001335,18825,18.33073437794348,20.671313076061598,0
8.76694886284357,3648,60.799844048461175,-8.511404629643401,0
5.948671895542752,29379,24.09253311516776,15.207424486415814,0
0.22424584996452568,49511,80.0570420615111,30.21168945161133,0
14.097900283798163,8433,79.45178393229264,17.496053525983154,0
2.611183371827669,9936,15.697679158734621,3.4818082608338,0
12.572065196647848,18169,91.64612302325698,29.308421072468562,0
10.419310703506506,6974,23.48981648430634,3.485850204126942,1
16.074856652629173,47947,63.23284745098923,26.651589047294937,0
10.187727003060814,11728,98.63519390833189,20.51292275951156,0
10.023313281917453,34038,88.82767080280456,-1.5001851625999396,0
16.391224225729772,2343,95.87357321331106,35.256693742209286,0
14.010348174504704,573,37.54688326572135,0.03218414785978507,1
13.89693574309667,16559,15.02968601084902,39.47935370703349,1
14.815605538851157,21233,22.89295296249776,-9.634475567252961,0
2.7865672607573653,41268,52.54701503227831,3.174168857145152,0
16.54073207992189,25895,80.3568194359656,-0.006985136290057481,1
15.674812764081613,20702,19.264596197468148,-9.30032949147687,0
5.899901228541017,13773,67.67449556477192,26.618395007365777,0
10.535517157954793,49389,35.73987238375363,24.671290104979814,0
11.764156274234212,33599,37.41419687725458,29.617548217746524,0
11.193019293589604,8012,67.882184365003,2.8349273232282624,0
14.003159799411208,28731,49.36494485565592,12.216758354148498,0
20.5882006909871,23774,82.14316283746942,22.955676081077375,0
18.490600366036972,38199,19.81225841796857,11.98842519440718,0
4.1266848394115625,46010,80.04508562786866,24.86628851589579,0
15.732419941836293,22909,11.102348565454982,21.698670422022108,0
19.973599917212457,46694,23.435118623332475,-4.267609848891176,0
14.320851124135215,5613,67.33422287780071,29.052156053848403,0
18.545882551115803,41687,86.21793736855176,26.033817954625913,1
24.073622674204593,3381,29.00456463523816,22.791719380870266,0
18.14225727664189,46413,36.08320255374673,-2.245319686449884,1
13.495851573850373,46824,56.026471087240296,3.399822439768183,0
18.27053084450852,19749,25.099416616483722,9.658851579380022,0
12.869326998581347,35843,82.05984485081304,3.9964810828221706,0
12.143418259709733,13214,78.49548127554728,1.3905145338065728,0
9.891514585717605,39453,18.802712636749252,30.267883508088786,1
21.38048015299265,9156,49.06382452258005,21.911612318010118,0
7.089428004347992,6241,78.60863783218903,18.273606577512517,0
21.194206348068697,17161,37.046305454824406,1.2976355426626929,0
14.999184742442228,32055,65.14514815818451,35.90382811343206,1
3.604162951188352,29190,9.77024653846941,-0.44084804513418674,0
14.205895757948529,33333,62.82543225028521,29.747546641233853,0
0.0,37530,19.502033100057666,38.33363333526465,0
15.753048100986215,6204,83.90541588587287,26.354636461211804,0
17.311388897933945,48623,38.76769904014545,39.642938759231484,0
8.445864266087678,41862,31.747616959178593,22.552555848897335,0
12.741286175733494,12675,84.88445278759107,0.8730171801947495,0
23.72494460250172,13196,9.76368219182197,0.19097468582556565,0
8.96551977442838,39523,42.677835936762754,6.228214212773818,1
5.646554477660397,40709,40.15033635462798,-9.643498988949696,0
20.889980414775593,28554,32.05603555370733,24.084923504141727,0
23.77552314318477,21576,91.61666154014031,3.4333892313913794,0
12.022174031087085,15486,76.33819738408862,30.75916161463764,0
18.068778212450137,46618,11.072700598234183,7.958632527965013,0
20.048855493185286,14940,72.89530769632064,13.997824673165635,0
7.545094604769696,8460,55.09341764723543,38.28444582801846,0
9.08816498779279,22962,90.58244996815003,2.1086061523638544,0
19.38524707892841,18321,34.72983364809405,26.06270487148698,0
22.110085672251056,27758,59.54538996291038,27.755889465270858,0
15.377285161046128,27853,52.57175110039367,1.0499078761817582,0
6.7211138789876745,23916,51.508286091622544,15.04984183060978,1
23.92236667019665,22615,48.3300129541352,7.510096265648417,0
8.814174613128213,46933,24.534800175566723,28.59531217000446,0
9.989173312971289,25468,76.79244263677731,21.12416595145187,0
14.054027006937728,23231,47.876923110232426,13.799152743027353,0
21.324962524288644,23285,96.05904612524755,28.968163252385914,1
17.12385585931334,39897,29.776800583313747,1.7577785004208513,0
14.489193002171463,14328,69.86066476456891,27.681094029217952,0
14.77973118070864,5041,94.3681225657153,33.268715604641216,0
12.261088011860796,41144,68.02854068652879,33.93107984037862,0
15.348837087111038,13811,87.7709262236525,29.183679650980192,0
0.0,31031,83.61069117691558,10.400708349913439,0
10.22035524558121,15088,39.211182971455365,39.09040113589135,0
13.447931609500685,49916,62.01177429425217,8.979682191121993,0
5.093915498282957,12880,19.844827282078782,21.931269955121284,0
14.31793990686936,43145,55.87495885608195,-1.9462910965265667,1
10.773172674083272,18318,26.890087322362035,39.022444931819635,0
22.53285418989294,31357,75.65499742048233,25.199296093233162,0
21.43811835128914,22211,55.16555007975184,27.668877262318418,0
9.205166585291023,5597,44.06659945000774,-6.71116482944277,0
11.094973730599827,28893,30.535724135862868,28.17089071103359,0
11.556314606349645,22576,99.87635577492225,28.736171461030068,0
9.290043143042263,19238,11.812499484068605,23.588636318111494,0
13.17014990416876,29817,9.138264654379903,4.595480689517181,0
7.450307586674459,39729,25.639453046917133,14.484502108044076,0
5.216307990374842,7544,97.25188356964287,-4.478281434564177,0
15.736267343401611,5997,98.02762599039852,13.57935332295763,0
15.777177505330865,14251,67.21813480335291,2.1911926300202422,0
7.174105442040046,30382,88.61013338460845,7.454849324704103,0
17.3721325845756,42572,25.32636442987556,-1.8699795798150698,0
8.210533625008011,43694,97.34399894677924,1.5027183873448513,0
13.518991428227887,44326,18.564560763258644,-6.171567908994188,1
16.922064075674736,22949,14.606892877257536,35.99506832184607,0
11.798324611777721,44528,15.660096228490925,16.520534398770167,1
14.728445472846808,33902,59.44715271089365,9.837098563136985,0
8.901422136674569,33043,79.19256806821497,16.751460638439195,0
10.821200499431416,29862,39.833381898090146,21.414661424077632,0
10.764843414717959,27815,97.90011883968202,36.093939668467456,0
7.520529920758566,28246,46.2699131212413,-1.0653523856843339,1
10.939355021305307,10557,19.292612323455547,4.777624931760879,0
2.70829020681752,46613,49.26684107768299,38.789466817205735,0
9.053077517147372,43415,69.50853071513178,8.55964933242622,0
10.290747039781975,21561,84.06144914791598,-8.871917462133618,0
10.462921485027717,34657,48.58298754587633,-2.6178253681420594,0
10.551015324775326,46339,61.392648474670914,-8.6830649125724,0
11.629414800839227,11822,30.39774765509107,39.49615712103642,0
14.876649108516384,4776,66.36207000852383,3.9435424495611526,0
17.247102444795136,12806,98.66733467528265,36.1771378468113,0
8.101408638910398,34517,9.660089395840416,39.794313787985786,0
4.780794867665133,28242,89.22041371699093,19.992061057155713,0
5.747733526541382,32100,58.41683776291467,-8.340184246721913,0
9.076782472830438,18129,28.949372658418493,-5.920418480653652,0
9.888472093100946,8745,95.7145224508795,14.079452755393888,1
7.380023602815256,31914,50.9186587905954,10.308600645574298,0
4.223300014500634,44370,36.51057390897164,20.30886528908838,1
9.263275035154871,30598,22.24227468572991,11.942390485568197,0
13.08855972068383,49494,28.2229599743829,36.70384246357422,0
15.570176795013388,11088,84.12065895118704,16.736985770675552,0
8.655461681350072,942,63.36895088513075,24.68630307312211,0
9.522013067139396,40244,91.75833385139002,34.824263632124826,0
6.439810146916136,37943,27.037002954989653,-2.6564062083396314,0
11.811364977751342,12303,16.50816451564564,1.486732705926428,1
6.909428194855113,41221,5.578315442681051,-4.634066976299247,0
15.4387668794472,37645,53.24689357351941,-3.0180800385043858,0
1.284801048395333,11099,99.83915838628887,15.629198346711657,0
9.842221965285226,7558,71.0217005377707,6.0589629483732015,1
13.806644035150452,17706,34.297486236688876,11.158641976337744,0
13.103007097935027,12394,88.3015653874863,39.12449158970309,0
28.15820198388298,3439,79.26361526885617,-2.164782610202595,0
14.098800147407445,22649,6.464440777271229,17.040603539903778,0
5.975672418947941,1531,82.60174565139714,-5.056442247317452,0
11.427214517465561,10708,33.55004193765712,5.924815663193931,0
1.342521999201288,1062,19.218979135442105,16.37629618372993,0
11.516401504219434,43998,26.501429775022086,37.33158729826689,0
7.001663657995448,49992,49.51508141563821,9.56141106417415,1
17.49234165336097,21451,45.36245307146105,-6.754665189266509,0
8.702758352426791,49420,32.44429344055154,9.408072398015847,1
11.29940450522852,47266,21.360740609668106,-2.712941206301114,0
8.18665295157358,28851,77.41192501600608,1.4994806645722647,0
22.43310811111999,19180,99.06042945481713,20.904531158249522,0
10.07254340329253,49886,78.89020013987059,-6.6288066898159155,0
22.995342260875212,22086,33.114011928796415,13.236187812501868,1
16.8849105727096,9808,28.25685133415267,20.47307930053822,0
14.892400364012317,10109,25.678258226264134,11.092919618374845,0
14.212398883905118,29995,17.986032076458446,-9.043682468813483,1
14.36278378929751,18175,57.37640222076862,39.27596784514327,0
0.4339645239263401,28564,62.51303533556769,8.355788367026765,0
10.32669963509546,9220,72.02275276299804,28.928859346663348,0
17.07094782710593,43440,69.62027023869845,6.282324609372662,0
11.706616899155367,14957,32.771664571921335,13.750837849670942,0
3.5688609191785496,3439,36.379545512700425,9.423182130549826,0
11.685573296535184,47613,69.7438808670221,7.1269614754803845,0
22.224633097532948,49426,38.19752587444469,-8.907431139611063,0
19.481350293208315,38703,25.199203013834737,8.001046892725176,0
11.62797594380381,23865,40.56193460119026,34.474499519976504,0
17.708695662348518,5892,30.847994969907877,24.519666929684185,0
9.800957877791689,26405,13.389708515764891,-2.728857045228008,0
1.7767704790396865,8472,83.86319571628209,19.557750231136957,0
6.4532040712226735,31153,86.04558196991844,34.61154299744358,0
21.377332611049187,26829,25.87627851585355,25.001702048242773,0
10.356041509024175,19684,11.153358954894166,-2.5657803821651637,0
10.539696123749891,15299,75.18860654836206,33.39162483672484,0
10.200970822350717,15552,25.095219457024303,5.077200664443269,0
23.42481953743804,6544,42.376371496501726,12.70380721561709,1
21.75575349217238,20371,11.09284896255141,16.30713798445732,0
25.312681400688803,24267,26.495610552051343,32.525330218909765,0
11.045728737599692,47683,80.3257164413154,36.580374757383055,1
13.77374693248257,20734,81.41766245694417,36.4826438895278,0
2.900144703475253,21881,24.673058364332487,-9.602290936072968,0
20.861606556709646,17774,36.9118152851355,36.09442427927286,0
4.99332269239239,47126,17.752649813905638,-7.280651699921384,0
13.300653382575774,22804,12.046399877067627,3.2886828408717683,0
5.4161848342029355,18072,99.2563128725989,15.749392736391647,0
8.466799039567825,38912,67.28142536825972,13.9962844502197,0
6.976425413701798,26465,56.499168373840284,20.235489694369598,1
8.352748435945093,18884,77.72235753850346,13.97231143685029,1
8.765263781106128,18355,84.80733017033378,36.71878398202104,0
8.710387230449538,18420,81.63790296424912,2.02744241072935,0
17.000003470681843,17202,6.571247682538278,3.701234701924292,0
5.37082324162488,38421,22.746750328097356,36.03689678465281,0
13.3232485620832,2394,67.21600370119396,-6.163024312737189,0
19.30775491383335,31485,40.697138041376476,20.478041095240492,0
8.920821812919623,28787,98.33585185080517,24.086797603280537,0
7.692486655514389,8491,68.21345530063414,15.277086171486973,0
10.616852248918494,15939,95.87214632927461,24.71159394115686,0
19.07835125016426,29584,24.137415756350414,-1.3622676994016503,0
13.164645785720147,42735,87.0759176709272,32.63161163857699,0
8.81271423235441,28159,35.528469052446404,-2.9987155265057206,0
14.903259907128238,25476,99.00865678259164,10.040622215787485,0
5.3862471009814605,39203,19.980423846948995,-6.23711993458971,1
16.088157062657686,17607,54.052282789641026,17.260553940870007,0
14.451643846210604,2829,80.32023071452659,23.487290371281958,0
10.153149173166696,42595,46.101035657383406,37.06108175476453,0
6.968485209316613,3270,49.46798571782644,26.966809794800042,0
6.679914466299255,5346,98.7038005730454,17.055145822707555,0
15.208904018075462,17151,45.40427427860956,36.63085085851669,0
19.37388301493437,49544,62.38684955691104,13.921841902043827,0
8.17615351782723,15133,10.181267764139317,18.06028265494347,0
14.750320221308906,14128,85.0099576199747,19.80492638350479,0
0.0,1069,66.57596465305663,10.498986294328342,0
8.492293616056802,2473,43.38190977196729,31.92413452829121,0
11.813646402774589,36090,6.536106295679376,-0.7412030577470441,0
6.541899498108998,33538,61.20853795638287,17.7421095185804,0
6.380961751262426,49588,6.202493705995408,26.1116628093597,0
7.993322661186684,8141,5.114343321356701,35.19880859382886,0
13.753156369958239,9430,63.52936340418869,34.19591982171392,0
10.876025889561753,7180,22.956621396782655,15.437014471507096,0
0.0,1757,23.229317223219052,22.158072558167085,0
0.0,8750,67.06079875411065,9.711886806465051,0
8.358808932856949,38638,10.101232854240557,13.408888144010016,1
14.746119516321311,29257,34.773528340082855,35.31328962865248,0
0.0,5358,19.19603070349181,36.5351996596237,0
9.001618943090216,41849,60.11675513067072,34.77070290335099,0
8.842512860895473,13991,67.8676896991026,-3.0814569093180886,0
20.330026669250685,25794,73.50790609190913,32.50420106653181,0
9.689869129722819,45704,29.246965607263714,37.418186551074015,1
14.297933908445572,46138,13.478726405475479,8.062484728680234,0
12.84754284052478,49772,12.474947409480293,15.932314471083462,0
0.0,7408,45.48439710281876,28.954762790649795,0
16.609243299790425,11344,94.85521886095793,18.103906878282437,0
13.292379032737728,38129,25.684258253467338,39.674176085312475,0
15.049611838047538,3411,29.390452127447187,12.785668257841419,0
30.0,9491,14.584436200056599,25.69713556036888,0
0.0,12072,62.529176019923376,29.62955700982721,1
22.348179898566652,43566,69.58792302498162,14.705020787921972,0
10.275314883597867,30193,66.0784647752722,32.84919028556879,0
13.723973426418056,40504,86.80737308925421,17.30772956035982,0
11.726926528192546,38833,51.21045432747682,10.582539840081571,0
9.454581999611738,17993,17.773418872871122,-4.608816307402649,0
8.581002430567448,40197,32.4934874169192,9.670678817521209,0
13.977052413438054,18134,67.93084747502841,26.69682273666421,0
2.8969578199699253,25061,63.24658750544819,36.064320584005365,0
16.503475005130593,18533,55.445297325581436,2.5839701930155146,0
9.502833570688477,7851,69.88161977542528,7.761775866525131,0
5.219583965757853,26421,65.55213078546343,-2.3019502947786896,0
9.299922852025118,19840,88.72586449917041,24.53614471144844,0
19.542895301175438,15401,60.671555860438176,38.009421500496266,0
8.78798947790266,11138,78.96712907655287,22.047610992408774,0
14.150721709257722,39096,28.627179816814447,20.853826500311314,0
7.614262345707161,21878,69.42734553596146,17.674496525021695,0
16.547531099541718,44824,90.7084412463542,-5.577212965723174,0
16.113046432741225,23320,41.64457115048416,26.47519132146918,0
23.091652999778468,25560,79.01489779717143,20.10247717746754,0
10.946616327004707,33142,73.85498361356636,23.073838442814353,0
16.01192882854744,25878,10.654988702823136,34.94055465137108,0
12.588405237233667,8650,60.24328941428687,29.198039353050895,0
19.775230691178088,43375,17.367988174076228,29.045762607726303,0
7.687005674347618,24559,96.89532136190616,36.35918844396738,0
16.470031877263686,35025,82.08371275656233,39.49674757314998,1
10.83181622329991,18693,15.42376111847641,19.064136598052983,0
11.614870937349014,44467,16.56643977652945,-4.555919198441712,0
12.550514906690237,28301,61.4750162166988,12.956495388771819,0
13.513442378560065,49563,37.76447154645241,29.38005732308222,0
11.302625741268253,26746,8.316056611945381,-8.61373376190754,0
13.288279099023155,13307,56.455943244140045,-7.155628082192546,0
21.468708345373106,18035,41.845284470155455,-6.642110880858933,0
17.91269811369131,5992,14.602266775315552,26.55178791641554,0
17.21492755498138,31857,81.18243726431835,15.058331428158603,0
9.266762843856776,6802,91.93229270148657,8.444897176029679,0
6.664555030630053,32814,76.87642373134236,-4.7191477369132,0
17.731803349426517,49197,83.13011945154635,26.612012510294456,0
17.256280755178764,5247,25.56660389028115,6.050990527544984,0
20.83602405450589,47506,30.039430337267095,3.266203503233359,0
8.376116244184622,41670,24.810116328422836,22.615960077677546,0
10.622708067837918,11186,77.68102597972857,17.95054462984209,0
2.163095024847395,37949,95.05212249877722,8.120532090665082,0
9.645173363634763,19391,73.09953463972074,22.074373540279407,1
17.979423063476684,36696,88.73934266355782,3.5610760192059088,0
9.201027724630812,30428,65.6764140139014,29.74151308021634,1
15.842878771204942,7994,41.82769055308591,1.4659475153826962,0
10.856981364013132,37223,45.447353418378995,-2.058115230899218,0
13.944342169329364,30377,12.15553605590346,29.121970474943744,0
5.113851661105996,28481,7.988433548372478,25.39460153489666,0
12.511256697803406,14526,71.07018239796236,-0.8680512149100783,1
0.0,20922,46.65074474106216,-4.187712365503101,0
10.878623051028091,9744,57.4604314651898,31.919954424334605,0
2.217160537709159,33981,57.977818524129546,28.8299241098344,0
19.235967099280895,24144,31.350702266663635,6.362868684983212,0
16.664444116587067,44348,50.20978852880162,22.909870410668336,1
14.800025891796485,9021,49.722221058431714,-3.79199067260946,0
21.12603736295628,2246,41.900586016646415,15.352382952383905,0
6.306500875050976,18091,82.9641614231017,-9.063485396979006,0
22.48417918749335,27218,47.86058035032161,9.580094046077773,1
17.59314938556231,3196,62.34622982806884,-6.257858926429746,0
10.580668276686325,12512,90.07441143617848,13.757359007844126,1
18.813720883097666,15188,87.29219417159763,11.084082342644717,0
5.362238925530194,23957,89.59010935902069,12.2192513319028,0
7.052915030833959,5536,30.650474664176325,-7.733434897600296,0
8.348461660561798,40395,8.323336389265968,8.08081706409162,0
8.82613375161591,30460,29.801345990056276,27.824192454995824,0
5.660654143438483,36986,31.47719783396732,8.445718667681005,0
19.33849840257195,22659,91.38923103887197,25.758597630479034,0
10.44687359778101,8410,66.67805961960721,8.473936181686662,0
14.115029810141277,3193,12.761876162211733,11.161972074509322,0
8.577891801517916,16358,17.860966621054608,18.194605641463305,0
1.076380196708897,29310,19.789231926487663,37.534096840354124,0
13.620344150348533,20592,64.8900660760477,-4.556977667667241,0
0.5264701474813389,23743,74.8643324231653,-8.354311566941316,0
11.588195723487189,49200,86.66617150371263,20.397859190502256,1
3.790109767003137,31005,94.3604723265931,37.454854446421315,0
23.92365599538485,8192,24.161932951711968,39.486156627735745,0
17.46817633304833,29055,34.42838604878466,14.20821236960009,0
12.634522747628882,6898,27.830673670758912,13.404081054254922,0
19.582240065928012,7752,39.082348909283084,22.248188537259807,0
6.9221041352055845,12221,91.89318520525619,17.78173786024849,0
15.260876272020559,18439,59.635693859239346,21.704402880705906,0
13.19886260231228,12325,75.12823024582741,33.699971276894715,0
13.58412048800202,25751,51.56132743204429,27.315308474380465,0
19.634121000640608,37455,7.7415017669318305,14.843869584339778,0
16.394952616678815,24651,11.098571169792361,13.09322295000848,1
13.73234197695014,536,56.102687970449146,21.9800874256558,1
2.070675382630223,28912,73.28495830790244,12.785314221014874,0
6.239722228323218,18671,25.456400115229492,12.888967563281993,0
11.263746398425655,39551,73.58140952926888,-9.184704910674759,0
12.560234245659908,33261,82.01324848093368,-1.2967931296345792,0
5.218777651956457,15702,44.13026044440056,14.425681999787653,0
26.470060053470526,8560,75.90982712018997,31.132672952518455,0
21.098364331521438,8565,43.38284528120369,3.936350336356207,0
15.612709922354902,30373,69.4433097982269,16.13217165655745,0
12.432221167702469,37148,77.5797196853566,7.248104237961609,0
10.726746180593087,6432,99.23302873927052,-4.759800523020549,0
6.288489239866586,26970,37.81268289604163,37.91492415356503,0
12.464883111113176,8828,44.04887415458809,32.73369351251509,0
13.546515240856504,6833,20.733905643966278,-6.07537877665468,1
4.549436547110254,47138,24.386940548171655,25.98936312341423,0
14.005058503469385,11768,70.87252524684588,7.378995217875009,0
11.068445707051508,5567,92.11933106467522,39.74249035308963,0
0.5531546527356541,48884,42.48747040781785,5.119925991448885,0
6.837689935322988,45343,22.085222449376417,1.9369222681299958,0
9.518366799470135,17545,32.084452441384435,18.39452741527026,0
23.326125944041138,41241,48.229911956773165,31.756308167160206,0
15.339318747202547,23270,32.611781289709995,-0.3740564090101006,0
3.9871105854006545,43270,27.190012896577294,25.47013848596656,0
14.916217736505821,8387,74.91852643192256,-6.929670842943915,0
2.716176066369807,33682,5.745267517859204,35.946737155524865,0
18.49614632332244,32870,56.2269000969659,-5.946254192635061,0
9.173252089092728,40118,80.40784666782662,35.711568817208125,0
11.438182867564974,25418,30.29168720015948,14.540362472635142,1
19.954779885253142,35997,62.31269350814165,12.404555639795992,0
4.2770185884945,28526,68.54551003376869,38.665353975018824,0
3.6172908893220526,12429,67.22734615848354,39.51920888491095,0
8.49840404192397,48256,47.355715248878184,22.5089062980506,0
18.2302731061159,37165,37.924908848199024,-3.6440354071475745,0
2.883923547138944,35437,84.41278693764228,15.308504282760126,0
0.0,14063,77.0523659149871,16.458155047783123,0
9.293046849546007,29046,35.51924147432169,15.722321406765486,0
15.310444799465522,13388,14.786823472009578,18.474591926000485,0
19.201570498432975,37838,11.821716817319572,-9.063764310280467,1
9.221031827487606,34783,13.956217900398924,25.56136407352512,0
9.531440357303985,17458,60.37258931324406,25.6197150976494,0
18.923404405534484,13134,9.907906703754021,-4.226511241105603,0
0.7815498018274765,19751,37.00805312158365,18.511972122290036,0
9.668875348901944,47066,76.55397168185179,18.41805912178873,0
13.142543339550347,20428,32.96307581896092,24.122521009520007,0
14.695312327710205,37745,77.51426733211234,-5.730115393245946,0
8.941159840854704,16955,75.81936862967025,21.32516536330482,0
12.206646070235049,27644,28.35357760015555,4.037597537317059,0
0.0,28513,74.23810710881082,15.350149524808597,0
8.05050952599691,22376,76.03878063584956,28.666177635203837,0
14.721052275326805,27462,42.75812293836755,25.282296818150666,0
6.106235794471923,28584,24.98994595544423,-4.054849116100331,0
12.353905329537584,42819,54.52072665472757,19.559239355803662,0
14.681235004816186,21643,92.53277086001866,38.45582654703693,1
9.94470479485341,26591,65.76358958104589,-2.1615281332498872,0
13.022782625979426,14679,21.427637274589813,32.645354386270746,0
6.223604608292327,33307,69.86190784968439,25.127404027688847,0
10.76033232182372,10722,45.584287591774284,28.70016564548798,0
15.661297017535336,24449,61.19523574876044,4.097916357132273,0
12.941837765810606,16616,74.73608332719525,4.394446468992123,1
8.480812382616387,49317,53.919998393872255,35.3009727888244,0
13.345298425744758,38064,82.32847758446432,7.991601604627933,0
16.28765874381971,37874,73.60478003507964,-6.849230465359476,0
0.0,18167,63.43196730175851,20.0298351789725,0
18.954444389735386,9275,19.325317504073393,-3.759116547907867,0
9.982471567913569,30155,84.41516553659899,29.82981207039541,1
14.552939599441382,48132,93.91103060538252,22.087322125052868,0
19.183481541871366,14693,18.01168676188301,33.73632526106041,1
3.7699578166172043,15176,51.3829072961759,29.241862489131762,0
7.74335398543472,31276,29.594430487197926,-4.394317583090192,0
10.268707824745771,43725,76.67971420542864,9.053533821721114,0
7.29747887325343,17699,73.5548154204465,28.728012495729363,1
22.409619455020852,49312,18.384086454187877,10.867073663316289,0
6.859367437039244,15566,88.31759076985553,38.618274238998914,0
8.6667193230788,19395,22.192441077910217,26.78702249467246,0
13.22633418961786,746,80.73960743657021,-9.225004165483949,0
4.787102843543467,21709,48.41313416466046,33.99928457804182,0
9.625915729462417,39784,36.18586788802437,-4.95976075657212,0
13.904719567501049,17300,20.032729954050282,-2.9738137909957074,0
10.002837573704934,46610,20.923354333929794,26.724620030552547,0
11.43967884660031,23586,67.87960269658552,33.24842797152401,1
8.824007325309774,20601,57.29088685497645,16.8174813949778,1
2.913178144915398,16991,16.59811505686711,4.452486647288959,0
13.929559268035431,27707,15.706296741640893,7.565777262658777,0
22.52959842988345,42298,11.869504603415189,7.1444664798028,0
12.110409784700629,21397,75.6578980004867,6.333905190475612,0
13.351584703485297,29992,72.62879809678248,2.14548359108249,0
16.156336530701157,1921,10.55094413118464,20.443354731461653,0
4.384017020719805,32515,58.22565718171243,35.02026592825336,0
22.215087948777633,13470,13.04423474805554,5.354120654167058,0
13.213972778536812,7783,90.85584820784946,-0.6652851269293958,0
21.791141394534655,28988,91.17615482211258,31.92888331857124,0
7.601802026856063,16445,71.33213403224735,27.089166544485163,0
22.908371535346948,755,92.98794753674775,36.54185157799552,0
16.650932964208696,11519,82.08803788930061,-1.7240132197545188,0
15.31824051511415,15987,83.71116471306969,-2.7874342941704233,0
13.404146726118888,42297,59.12224580414366,17.071469715249837,0
10.508828291553304,19846,34.075623830536706,20.721682741754762,0
19.203189950843235,35550,25.69091593606005,14.008672092979477,0
12.842159219088282,9244,36.084002093698274,19.948331816193775,0
0.1975817784770837,25256,64.7070658584609,-0.9810115562464328,0
5.296881229757984,18361,21.402370904077898,13.980687708204169,0
10.884925486843517,25646,29.57082248054555,22.90462804698339,0
13.859993898993329,43187,49.46578196556912,11.635322462435186,0
11.660469066600625,46603,27.13975935983848,23.972366790829895,0
19.31382473876198,22476,60.92114862302586,12.55956402769198,0
0.29338881576825093,1091,92.70172270335134,6.679979042113863,0
12.86152761903096,6777,76.06848974179701,5.180252354354618,0
1.0921246476770716,2760,68.31052834414673,10.5451029494294,0
16.55827377290501,44407,60.358540218458984,-8.845518865889959,0
11.433247713347983,847,51.35505137942116,23.426256922305686,0
14.517659832144709,25241,22.723566665292672,32.25528204901309,0
6.816702236461404,37711,89.99749326555222,7.7313547221559284,0
19.676789589946505,44356,28.61092019121945,-7.698343192914072,0
18.25034798435311,42042,13.674343369925271,39.338779869277886,0
15.501265818071326,7369,76.25144202672604,3.1849127725533477,0
11.222896518819356,28582,21.68347576146081,-3.66894391546135,0
15.479143711770792,22580,40.33011995641172,8.487625398651398,0
7.758644592075907,29479,7.687068187643074,26.927852031677833,0
17.13333395412427,19922,18.021454541342568,4.695829844528285,1
21.896885365943525,36113,21.45434492219165,18.73516019597439,0
18.423663359875118,23493,10.168962136266906,10.77799972185711,0
7.622385181155543,12886,67.3824108791703,-4.111800386169076,1
14.168503903638618,34533,84.51574060129614,6.514350624605512,0
4.241150737448113,45713,40.46496360476439,26.24352528570333,0
15.434341867054055,13438,88.08476528822906,20.600194866572284,1
14.703620477175233,11659,25.267924583212018,-4.01108100582195,0
0.7811019628070155,2774,35.91209023831775,-1.833879514284572,0
5.029296936525817,19354,19.320014337961,22.036667965372274,0
10.301166619537398,32315,63.95312356480487,30.670770716043442,1
10.194841517155043,10982,44.88761113267915,7.473724797908464,0
4.743138387487168,19461,63.26191794998037,19.765537592172507,0
14.333872376113105,20544,77.35911601244744,-1.467820562394736,1
13.508841653643074,34336,56.841786523130104,5.568816845266192,0
10.834385208128884,22475,64.62488371566985,-8.98648971634737,0
7.465250999049823,15206,93.84877986746163,28.41379738997613,0
18.29224275849938,6474,33.4111094128401,10.05049098864834,0
21.93244267852977,11428,39.120574170225545,30.806278682697695,0
9.098631096920778,21713,73.181819362387,25.418649801136315,0
8.326998497071076,2450,63.07402412026174,31.437213286423848,0
14.947245992471979,19977,21.960625931272908,4.2829334791441385,1
9.851823721518082,10911,40.73399445099657,-0.7445634786077371,0
11.163616796020595,22195,49.44461124684792,38.59528413258353,0
16.437918910348028,46656,44.84203460699699,25.866389352043477,1
0.5438634749562432,18271,21.936106790593875,31.702113396333516,0
19.909813949116014,4774,92.82085871950491,-9.343331314503313,0
12.436083145976047,35553,77.4202823609277,7.723081014794328,0
9.53104113262692,7545,50.72880405024596,27.140834528866584,0
11.464595074671307,30214,69.60579768914947,-6.100858350500834,0
11.774576130123112,34886,90.24185385287457,18.366996478446783,0
1.6127921793304476,44247,17.936543524349265,11.453638372750161,0
20.969629364719417,9062,28.78543981716288,-9.119174642944635,0
12.247953793623712,28259,56.55661848938128,1.7987788559725693,0
14.658012782684251,12526,80.90598527847408,4.23959945333571,0
17.70929862344426,41111,8.444215066945102,-4.407002682683877,0
5.873025254638196,32089,98.48172426865425,21.57684548713302,1
14.84083139421137,43163,48.21612727382773,2.119893812594451,0
10.394153454607238,32238,39.126958359063686,3.8809749809694183,1
17.08062465129896,27344,32.80882159477833,34.91192991000737,0
0.0,23947,21.563887226832804,13.356154634656972,0
11.405434198552387,25379,80.19952134835265,9.606407348463616,0
8.38307606529623,12466,95.76434565087916,26.19355191573586,0
14.593577703804934,18232,44.29625171031283,35.48068984414561,0
14.820265124209213,5789,95.47996600157835,-8.748183188127808,1
7.754244631067843,20512,83.26077346632825,12.411942327769824,0
7.726956814943738,19312,50.699857110250235,20.539067803897364,0
11.336007788656023,36301,69.03248701698261,5.92815490629948,0
6.6201466361087515,42128,46.32349702119398,28.620386106162087,0
17.05190217271276,41081,58.078723780192476,38.57385351351369,0
9.784756797315323,47128,10.514402016757863,37.17136831251416,0
0.0,23592,71.14503015355065,3.2991269689970935,0
9.751067660269163,25605,10.018341225992987,1.3169139218742998,0
5.7687370749361655,14794,82.62306995736671,37.87452655106105,1
2.212345107234327,4121,83.36995829875296,12.931424371573295,0
4.5754401706645655,32942,27.522342317840387,0.4148861542345872,0
12.656450830997821,22199,35.74796419840102,25.34984818152091,0
19.971844969489386,2847,50.724485963037864,4.221016195189579,0
13.87910684318988,29986,61.68297615858574,3.3623487535526166,0
8.36097967070556,48150,32.29859786548969,33.96245215388924,0
14.735425171024218,17610,61.28620844003288,-1.876042331154828,0
9.245458138686049,5423,33.28977195678339,-6.780352676688181,0
7.832397785021133,16111,10.271618501750764,3.4593220085843623,0
5.073823990602094,48635,5.24011723403135,20.34727064191019,0
1.4890271594896851,19699,14.609350502250717,-3.845607329836472,0
9.660457760643329,9566,80.26381651558174,13.579733613839688,0
12.94832093952079,36547,96.33597467641702,21.36685552126599,0
11.420257979910662,27254,45.56178893171583,32.436849629658695,0
9.504198432315848,37075,53.70497557774456,1.4934795601127182,1
6.325523635819313,24760,18.950576061975482,30.86731616913947,0
15.649477150109812,47233,57.347978504614915,1.745313056561929,0
4.09720848032049,49391,18.7422156906628,23.838327061982028,0
16.65616748306085,17491,63.065361463888856,11.533678574122755,0
5.986697886439652,23053,93.65957342018112,-4.265937881066492,0
7.48538857588179,24674,23.591361233788763,25.713173141092437,1
3.199288856305938,22457,77.63355321542468,0.8881309274508897,0
8.99158711868618,1134,7.232730167740784,-1.1688286987704266,0
17.85187475086787,30381,40.67223792555399,7.91614642946916,0
15.09376853066374,13271,15.52110824389836,22.664512237974176,0
17.87053267216821,18798,38.485166951591445,1.6998239395313897,0
15.132855275603616,14840,21.486007365693933,-0.8169230609057132,0
5.377981028817785,33856,40.46397406167431,-9.502318714331784,0
10.015264654034656,36499,44.66466658021538,13.582154855086179,0
7.318805225295224,6851,33.55615666418725,11.432278465759136,0
19.98344942423424,4338,67.37908519994727,1.693387181868814,0
4.81926812144213,2473,92.29094486959642,-7.3173917995154625,0
17.362186136334664,47614,43.05656054000087,11.462793729791846,0
17.357723220652616,38312,23.272599865127034,29.410255553581564,0
22.977721210296522,10747,30.718662028618418,25.76410656635885,0
9.541880444223017,44940,86.13007823215506,33.03974449300851,1
16.273932957480973,32155,59.30577371066405,-9.520865614342219,0
25.689911019233058,43539,48.22604806916094,38.320965840229924,0
8.29414993839782,7183,19.215488543348037,7.070612631372417,0
2.789758514805842,11744,47.72409429075928,39.519889804598236,0
0.719939796553418,29558,31.456740318951734,2.6309730300887324,0
16.27627217316799,40051,94.60049714606818,13.576819378912239,0
0.7010987516484972,38862,88.98666039449446,7.696383828765184,0
9.766085682372463,28871,12.97074147367881,7.788035749715131,0
14.623879122233765,4322,54.08208147981807,32.11410493741079,0
13.111053220979484,29378,26.380542823893848,27.320946986866936,0
14.552669185105033,36657,44.02382350480761,39.607571761502406,0
13.333739134805125,6414,88.30055983388836,20.675734135875626,0
19.67319487988036,18664,55.11387938941176,13.162830219725134,0
6.286101715567218,27680,36.75045287022218,-5.496306852655444,0
7.9380291692488125,4188,24.74939363997472,39.82807097569284,0
7.364043328375056,15183,81.03086164361648,17.576532646614144,0
16.98115087117566,13580,64.32921145961298,25.02387348450709,0
17.40239153037038,31453,49.46621874049197,10.33711935956557,0
14.70735191591105,10416,25.661013616982913,17.385785408961794,0
19.100962001339568,30177,36.753405544927475,37.12888659464436,0
4.931754795741716,27860,96.18512554015926,-1.6790281034198629,0
22.00334466930682,38305,54.408544072554264,4.61862921651273,0
21.139431730273547,13953,43.06643171810903,-2.397013611098383,0
16.41373198347448,23203,54.53509402309077,29.610795190238733,0
22.69079345262636,9140,79.00390806046282,-6.897736978908522,0
2.060260753933357,29763,37.31034896777253,-5.918417507433085,0
8.85331118242409,33349,21.97708148859784,4.924705639368435,0
7.588179235908286,39546,60.568931242209544,15.709409046050563,0
16.32887594254406,16578,68.19438983070138,10.313740027979327,0
5.699155562387126,23883,72.70821028106221,-7.7591844664596366,0
16.544970896024914,16036,88.78882112278232,37.874577893547574,0
20.22321686398028,7910,40.26154146546574,37.643476017904185,0
16.171217400503995,16426,12.158715141744722,3.9678161620379937,0
13.702506141969007,48768,96.04311544493952,26.576280763429075,0
6.072759954595504,34748,46.32613310656014,18.928770569161188,0
6.918894203247812,31659,64.20946341894748,1.8738347502812036,0
19.49771343178,42539,68.29900569718777,3.108577587080772,0
16.676094023431993,36866,56.91880232661433,14.557658715522523,0
11.765882883734735,48300,24.49946532494566,10.961847074868006,1
9.492542725404657,41261,76.73858976103344,4.561466411563212,0
0.0,29590,81.35643755888775,30.375579815257446,0
5.574885487893367,21067,57.53268067165678,14.073145881869246,0
23.46851452283834,44163,51.41331025555995,22.74240311945639,0
4.317266573985199,15867,15.824127397158605,-0.5363249916062263,1
13.136878927326483,40912,12.975407842479465,16.675383125824336,0
18.044663839171193,45216,37.25866032853523,5.8988024723310755,0
4.470463991986245,35867,34.53038477415236,16.32068051974391,0
13.1082628486865,6313,95.59736284151077,29.041291670546407,0
17.62749322506393,37121,79.44416053212584,28.445660504563083,0
12.074995931443501,34769,67.69280804961069,7.7110339017137965,0
29.21041833400061,41690,54.176568456672484,24.713855853981958,0
1.9884044467308284,40818,20.899915419031878,37.064497519713846,0
18.352371179303272,37518,97.95338385750696,21.28346649624532,0
10.963189575621215,40259,40.62886633281995,-2.5794938308681425,0
16.631520929020052,16998,15.157932232488257,23.985431463954757,0
14.647842910195475,26489,51.91089509299588,-4.7547806825344345,0
7.60106281734002,37674,88.0298111032429,33.60552043965136,0
13.37397835475604,26068,89.29264516884629,15.833024790097014,0
0.8525912916102767,1541,6.041762025362489,9.257036815578976,0
15.619485003428363,40195,89.19809575138298,-7.149670267515381,0
13.788950795943155,49663,30.79100066248656,9.039186729605484,0
15.831961011858613,30599,8.702374577000192,35.16033339578947,1
18.348709950522903,24864,85.54007568447307,-8.95085018568484,1
14.205719041258265,41139,87.06734181887978,13.732407889090245,0
12.888536518789657,39643,61.641952585023255,36.55790455553112,0
6.713589980032246,23982,59.571206943154046,9.742049988251054,0
7.726675418105694,4176,82.24642589903485,11.40878437310752,1
19.120407721063987,46285,79.69940750747658,18.928002759955994,0
20.618012434235872,22281,89.56001997705688,13.146866678859174,0
10.571337382127675,30548,57.51100752168683,-1.569915438122379,0
12.276016483519644,3565,96.92647380961682,-9.07222304650698,0
6.572313750037404,2536,99.63394893866715,20.49058289893508,0
19.03654107160467,36314,16.071737949870094,36.04032935039061,0
15.992500942150672,17424,85.7066571576416,-4.681793348641719,0
23.647304618782496,33344,52.48311448611596,0.5476359626376692,0
6.730061536921567,49148,41.81880213848405,8.511474291248675,1
9.731952605890697,16907,63.241869438857925,30.437111451055983,1
13.388675535153434,22018,10.316727939890667,3.4630158235488793,0
15.878937226354623,17559,53.11380628287259,34.102720213938426,0
10.705994174714206,23552,87.73460415253334,-7.252106267496679,0
6.762233457277798,4767,25.278844033202034,37.04783106294674,0
17.288445173541426,6488,45.50704000309538,18.037353893688245,0
16.32681217527349,28474,94.25068433291317,22.938883924385227,0
6.50235539661765,24536,45.71356459154124,8.384476126817656,0
20.132656806632973,9180,39.04492507157784,29.099714275553016,0
19.02119225517962,1985,46.85098157172093,-1.6716874957796968,0
12.805778983486757,15213,54.34801281916785,-7.554408736075649,0
12.477587174256218,20543,65.03917769248955,9.775847155377857,0
15.324346626695442,2919,81.06581608708946,32.68478569905197,0
6.829781578462451,48580,47.94970954760986,27.746341831884735,0
12.180188874984493,36763,82.66068883356333,15.857798524447901,0
0.0,17640,55.70346282844766,18.606887358267674,0
17.25873387301761,43984,37.15564848495788,-3.5053586850622285,1
2.6310406653488436,45710,67.50532867134434,32.034075430879106,0
21.020518970573995,13461,73.18361420063168,29.347984148209846,0
10.019279436201298,43575,58.01465268480131,22.823519694347137,0
10.72999810841294,6987,10.378422447798725,13.309551816446922,0
8.233596563492966,31610,21.138873140278367,38.22296341397562,0
10.271766756467542,42932,32.103283484571676,33.951598593823554,0
20.51118807088822,16860,31.849432565391844,22.22152467573093,0
0.0,49910,68.9749760234527,8.590049885864396,0
19.661792316529127,37343,6.743122858995095,20.901113934075617,0
14.028140886610249,25382,76.78976881970439,18.772046326533268,0
4.757870112856707,18002,30.207535106658653,9.712099391745818,0
5.548125641704573,48553,34.45207539052973,5.3336985844038045,0
22.058358163249217,8131,55.15143365467281,10.35053961186612,0
6.326958720343613,3517,25.512932089200966,18.695570301669893,0
5.079896936424243,21225,89.02477478967512,11.40674223555472,0
18.823887254188378,25262,13.110034036023702,3.1787244100691927,0
14.031317257715486,1284,47.21632441860116,28.048165888040437,0
6.372446540781607,28520,85.69511559821454,16.573374797870645,0
13.299749852427714,38959,63.5051699700174,-6.6162418387200015,0
5.845483898158337,16265,32.771304005050176,8.415825281306276,0
18.60492839053563,31627,44.97221973876377,34.245672860599676,0
18.3682257892388,3696,72.1359661325389,27.761826559997598,0
15.192037192931659,10052,97.45977061957043,6.162339197200354,0
14.1699663674821,41800,89.84817824604617,36.909157602225456,0
22.567128749204244,32421,37.53111679632579,-6.169854582089492,0
11.998117964329351,5246,99.82879853234647,38.06173519460945,0
4.908755247475193,3499,5.332943035450536,2.285254624233782,0
14.696843476993841,44570,7.624826801799434,-9.545290984879037,1
24.51628229722268,49720,83.26484894126341,11.69040182591634,0
5.911443040884887,16095,23.948955249139942,7.948521484350433,0
9.831223399836086,22563,10.773080497642882,16.95445026033969,0
14.498676228608716,6700,27.529066957467712,29.83864302849227,0
11.676570905965566,38664,45.47951462818172,32.12154010752236,0
6.106178517736111,23877,74.40379569117346,10.06149998058459,0
18.731147137382827,13910,64.31187502236452,11.49228718531751,0
25.920244332103557,46471,27.57401566823994,-2.591113483526316,0
13.176788754143445,4098,52.81069256955552,-7.622619555941825,0
6.575590261583996,11064,92.99034001286402,22.060749511751236,0
2.70623684967915,46016,82.42573881345699,-6.778118722365386,0
13.547855887327085,31398,35.70302955902037,26.691505971072797,0
18.623264059897547,21098,98.31513332879115,16.954507251112375,0
14.85100647897229,40904,72.31893804133745,-0.07085108869583023,1
11.985576954486877,18362,10.932688788344269,16.97614717563248,0
8.464370089264163,10765,8.340267762420675,-0.8501141698950576,0
5.447018203691462,10205,20.998755155952846,11.9368603755206,0
17.00850795794929,26044,74.14630746476395,29.978015812111444,0
17.482629728313515,14798,22.455197955030652,13.09596467053187,0
2.725621279855601,33170,53.591243074839184,-2.5650340851225883,0
21.539033869084104,42971,13.859711417179016,26.191434091147258,1
15.444427325364007,46604,92.48418499386854,-0.6615791864995579,0
20.39756787087476,41434,37.676258290438916,26.92749371850547,0
3.9472335090893096,49384,91.27254537325993,13.967614460791664,0
3.8050550675073667,6550,94.7631859815017,12.687087954715079,0
11.106184141396218,44452,5.5822214947996756,32.571751892873735,0
15.016706561371166,21534,49.09284278387954,25.430176217033438,0
22.778164937561783,45980,7.3423252921548245,-8.354460152253036,0
16.23647348289079,8984,91.32581279877606,4.808715730080118,0
10.5439123391278,31823,54.248716749784705,33.54603304249493,0
5.841784754004648,21296,12.119681206357198,-9.083691572740069,0
19.3800034363149,29569,15.476289186273853,17.26267231309852,0
6.21176744549571,22327,41.43335732681021,26.391283458697192,0
21.770811328633933,35861,94.3222483229245,21.09280427422879,0
10.293692102360943,10815,70.82636939896769,28.02661010522182,0
21.543492435707105,48468,87.42379228796759,26.28459244573729,0
16.07358774035567,27019,39.81338140229807,24.601534757655667,0
11.178027063345251,9607,9.10530145724984,31.076993046282606,0
8.88362176904324,4369,97.56017553441934,22.28453342247692,0
9.95455273592352,15947,6.631434112925107,10.120924712849103,0
14.569900154251425,27870,95.02690704270346,13.595455495729379,0
12.462938977306301,8471,40.024355265668746,25.836239134072528,0
8.437131551587768,31769,5.958588477078744,33.815301483339695,0
11.006211538094206,26151,70.46993701382829,3.610940041988784,0
12.4714621783149,36257,98.15132888297865,7.103839798553539,0
0.0,23946,96.73444366957129,36.53696981812063,1
14.749008688732193,38608,20.289016064229752,18.92558962047227,0
6.121672651699159,10143,22.218541576284725,-1.0519091432499483,1
5.08000558076553,4323,58.72619688886771,23.18475694561914,1
1.8759339173357379,13954,65.54395851069081,39.53810777696898,0
1.2366450127926583,4432,75.24470179825724,31.172678223520006,0
3.8673149813262646,10720,22.199784244854012,27.287056827570137,0
7.745874254217057,9054,96.10567324262128,0.4023327133134613,0
23.71955482515941,2929,65.6802293474776,33.80698923420036,0
8.844721944628777,28708,85.46945729270271,16.28944217677732,0
13.066500637608188,7944,56.30624295199632,34.46450110359778,0
14.402888319037972,11010,44.35630052103885,6.491391471243966,0
12.786391117295093,44545,97.83237612652462,-6.897447368228362,0
11.535339235644038,11037,60.30153022788443,13.798798432987306,0
4.828237418404532,7647,87.352990365922,3.491880240893883,0
20.70556528967527,40899,95.56277765479754,25.76146448881491,0
22.843179861827313,4098,69.15868956582263,37.85532764280162,0
1.9040478352638854,37597,57.14917445927412,24.548707557578197,0
5.855828454681722,7218,5.333530836511809,34.34669648546017,0
10.321137945737963,43191,8.80186587020557,12.651200680060319,0
6.212773230538851,14282,24.08086552485605,28.582036859765083,0
15.035793320735191,49744,22.67080102631955,32.15217183358517,0
7.630366785560321,551,29.20208554398531,25.54378137917712,0
24.990336406839614,17202,33.96879058127778,15.38886430347823,0
19.143291566061578,10684,39.20622188731918,21.293305480768403,0
13.27544418379329,12968,44.95108055654327,25.025349783944016,0
18.161917579918395,22572,14.392302153321394,2.6542201610713443,0
18.635402546143855,15979,9.024383535514295,30.47896304574924,0
8.61631507165054,28967,69.02472266193722,37.516226948363666,0
7.102696532748212,23902,56.046808360092385,13.2619657589968,0
12.468858377817885,7710,47.19369921091136,25.05335915549387,0
17.169816746987664,46202,65.27179441099348,26.8512952895177,0
12.834362391920505,37224,83.62954368433634,23.112377376074015,0
2.538021106854017,6557,45.630826366039436,17.355755416431776,1
7.183053336294947,31416,65.90634917993803,34.08239772874053,0
11.556162818433732,27768,95.58936126434008,12.446335463444722,0
11.54600637404502,44478,84.76432710684827,-6.944852175669821,0
23.83525306073885,47858,45.470076997728896,32.227818785608015,0
3.684072345606012,23759,66.24809959240058,23.699063615827534,0
15.033535451015247,14364,21.821737582014276,32.46293132498233,0
20.934678649969737,34793,58.249607565033536,-3.072627877765285,0
25.628698472536776,46545,98.22618765815206,-8.462352974514184,0
9.573615460896232,7543,54.23993594423962,36.71872701912507,1
14.948576716321197,41973,93.12563842306399,-2.613584707471286,0
15.418562143191881,39393,43.696817447809764,30.482616603522594,0
13.172890389319745,41142,99.89025858253996,31.16049710903179,0
11.406928792564164,13029,60.025903346617994,25.43526002745015,0
14.615852337000275,31368,9.015554452413783,-3.4368894453564525,0
0.0,26809,60.741705685681865,23.36993122804038,0
16.092416940375788,23784,31.084406089561682,34.45432916634328,1
12.757067421971803,48223,8.085725593409997,11.276582240044162,0
10.665150619330408,35768,82.98106394599301,10.675842718929943,0
24.281173174317345,3964,31.194315513171812,12.142915478970954,0
7.950395887256686,19143,80.67211263441736,-5.886405466189678,0
9.581544065609815,29765,32.38067038080736,34.60127845149867,0
23.949319813228403,16454,23.461003618008558,33.45914319902552,0
7.007632170900861,24380,97.5238795399206,39.895466089514315,0
8.699308302380766,19543,39.35630613672686,19.259157074920672,0
11.1178474594149,755,62.13074008710024,27.55958182256929,0
17.044406892777296,2002,62.9482418173748,0.13359531536523472,0
13.24681504411988,5156,58.24498080648267,23.376440911208476,0
4.244247917086424,10802,91.89609563451539,22.486642437869534,0
8.806988621236863,5930,69.07190177985251,35.06043679208062,0
8.355873400726733,41866,43.354635389968365,31.539636141953707,0
11.536673728661727,27925,86.92613652980603,36.92332313088816,0
14.555061951778974,49244,22.200975416016618,33.44167363508038,0
14.509234535327833,2360,56.702491972989655,33.4346947449426,0
1.343929475709587,6658,95.30228533465686,-6.813833665564086,0
18.383645925365137,6306,64.41277483863921,32.29809763479779,0
13.51541307597974,21238,82.61200279511324,20.373919725155908,0
20.30719228556344,17606,67.08826892679332,9.02222258829806,0
14.665189963744032,9974,84.74023203609958,-7.1742687805968846,0
18.607937746414574,17497,94.72634858529814,23.883688738402334,0
14.799271868700762,33099,30.927564115609997,6.410087526880873,0
20.07735453721649,6290,21.11780271938829,13.388813249301737,0
15.133503816106671,10670,50.97912128159129,24.086421852756715,1
11.412508521342575,9504,71.6769305483005,35.58872735120714,0
25.63460832268129,43246,26.58316905231053,31.271845780249922,0
17.334222733679354,49982,5.389637790865872,12.529856455179992,0
15.442466526026479,26292,37.57883600448701,9.389157872318947,0
4.342173500769984,30716,97.0416368694399,1.9889869422023732,0
4.270154295218774,7732,71.02190875755544,8.621337558798412,0
13.756292892851121,13174,43.12591717441627,-4.447680635405085,0
12.873127186609445,16552,23.29472924794983,38.55527541823773,0
8.315264609950102,49042,38.828519006700965,18.695872197978943,0
12.84589619767236,6413,21.134746163618555,-3.609707860239355,0
21.531761568261572,47370,15.099053024730384,7.640300463295288,1
16.17241484730179,48657,91.14052539439261,17.351957181032798,0
5.15394894148357,28413,99.77678214566998,16.644281832043482,0
11.330947037142337,11067,20.59087176160008,-8.224831564068381,0
7.170201114884635,38879,10.179643093436574,37.54205171145557,0
9.673800501548634,9932,36.324455178890176,3.768784073747231,0
9.518306006222144,819,48.85762217233446,-9.19076655340544,0
9.134126504375969,24969,24.458018472206174,-6.177799552485876,0
4.469187768159631,45954,33.63536662086305,19.009745162398847,0
11.23407191089086,26990,24.08271989070748,-3.110723966245157,0
8.636354178916143,21084,78.55475400108287,-7.913760357324836,0
0.0,5291,72.69490460848978,8.981323320635568,0
24.317832147009977,32236,65.32039399729327,21.13805961700943,0
18.53261792530003,829,41.78569642252445,-4.408009757919381,0
9.742195650450023,9351,91.35888942485242,5.666391607565777,0
12.11291429844359,44578,97.1055914458269,10.888033581227111,0
4.970073916094629,23626,21.49573469941414,-2.026995110661641,0
22.17433726686519,21800,26.186200934128415,15.303694923335506,0
23.38373216863867,10664,54.934947660035114,-5.739295654911455,0
12.940162369479147,25009,13.668804081813303,-7.6740751827465665,0
18.14118386511207,6203,46.46259788819572,15.99176835775674,0
13.051720673603544,27609,60.27017015388246,2.394848637543782,1
3.979647366744416,43917,54.59698925804665,-5.231309605098624,0
9.529059786218056,23054,36.436315392412475,11.195629374381614,0
12.791567800631743,28176,56.53235157733465,35.75703697586974,0
9.272713687539335,24304,96.08609065459055,26.209622332707745,0
10.688080335389785,45940,24.571653407680724,30.78079576735138,0
11.45160265494531,37423,67.20897904743035,33.59569943793182,0
11.514729012807228,30302,9.122685944824926,38.631387069820946,0
12.3135509429849,25295,11.309558425736318,28.16232867570865,0
5.636369601620395,3111,57.42368130124058,20.420396096973985,0
7.697903105232383,22575,14.969222131155199,8.27129401511236,0
4.292494405800184,16979,7.122944900551447,-0.9178381721141959,0
17.8668932981172,9680,21.293734776562108,24.332993699164717,0
0.0,9804,58.66067124495957,39.74749930609709,0
18.921542059901554,15110,71.81739067929858,13.367934230945952,0
20.318096383577064,8937,24.2354635934311,26.183968404640382,0
10.186916478104271,43618,68.48464653477657,14.754622499657808,0
0.0,13021,22.335251454426786,11.596671168173831,0
9.832136628196256,24528,63.27845552996943,10.515280677995756,0
11.614895032267084,39828,44.13616959010089,15.23123414658488,0
5.936410680426518,27801,67.1109533866936,8.344783093268752,1
8.908689637150543,38515,99.53001148552849,27.43866609109039,0
21.18117119318011,22240,94.09261169709339,33.71360132957583,0
15.989562973810447,37345,5.406766994429844,34.14426533225921,0
6.4526153137314015,21782,89.11668261441905,1.3849356712912964,0
2.4144049824274085,11358,11.31662554160282,34.79545693657454,0
10.037896094341376,44659,95.53942568518526,7.077561592755252,0
10.719259323897372,44214,31.773439514470045,5.465383274264882,0
14.977195124179898,15686,41.293308889070744,26.337802869911794,0
8.788099724594046,34685,13.705629491694145,5.234817004314472,0
15.068997452171168,31694,15.665912041246411,-7.351679719514495,0
23.610924240361374,25730,74.04035369678536,8.6808886155154,0
16.893006134665576,27518,94.7115623960877,26.073280017917448,0
11.711468956015365,49762,63.0211070206594,6.3479210135088255,0
10.901097173680231,25165,73.00575147504705,21.477952799757325,1
9.859961194920773,42222,77.38712573672959,23.00597221315652,0
19.083845474712867,46859,29.967356082529463,26.68680058631781,0
8.236119324292185,40659,9.296814937420418,34.85652331554682,0
12.271336253999895,44632,5.1779106723210155,11.628224963421571,0
12.307187411286511,43639,38.311681880631774,-1.6783961668771463,0
8.989294843130807,22016,27.939101678925528,5.946285771594471,0
3.765206712695394,35772,10.920183879672637,11.608362758699295,0
13.93784702170601,25173,22.05518778689834,25.694573466405654,0
11.633976168867699,5739,16.82739533545504,-9.343893721918326,0
15.00144281661942,49944,91.91344615865019,5.789269171993947,0
8.798398161364998,26915,18.32538527862105,28.99212905096584,0
19.324927792878288,38388,56.076604078829526,23.54288516653477,1
6.739357312728931,27695,61.34506573565564,26.586998679280256,0
22.272241704107355,39661,56.63149848232021,30.590538471959736,0
1.5141809410304305,29823,14.410361250518857,29.161785943898114,0
14.608620387341347,35464,35.28584436630236,24.109158307638904,0
14.852584095159742,36734,9.870681583999561,11.983076618529529,1
7.226657592354706,31263,42.58864183915002,39.17991644390769,0
14.546363627166075,35174,22.91689847080124,18.45365977950369,0
19.677112018560955,18605,58.35509066201608,0.13846046844195659,0
0.0,45151,70.81679741566455,4.640642755239219,0
15.016468844944887,30239,55.551386719447116,24.678122798523496,0
0.0,48705,46.2524861780826,36.23697825997318,0
6.206011178860752,32469,41.79667498138578,-1.0639935397051237,0
21.77499818940567,14997,84.96071796921535,-5.882675212710683,0
8.509307799647676,2316,25.839966181200655,34.076552402100305,0
4.9567202135461645,26983,74.75074225524254,35.76389894564172,0
10.812373626091908,43981,76.96082085031131,3.8189672657949734,0
24.40743802898131,22659,44.82400069071978,8.864286218561993,0
1.0099065167638432,4349,33.24355692643574,23.00939987489292,0
5.6921405301639325,22112,49.701441174367645,6.49650104212374,0
20.984590099077757,40117,13.855322959806358,33.857935413502645,0
23.146214061226395,34326,9.363353061763547,-4.621064864306864,0
11.379412654258296,44998,15.60230394792972,-8.100888951990239,0
4.565683784840145,19206,22.778777988911486,0.4243103371394752,0
24.575061010854952,25063,52.89679793211408,4.30438891024845,0
21.56665435049518,4859,85.6679804353066,-4.353670435556247,0
16.073681926573396,31169,27.386021539970262,-6.715478532967664,0
7.12558590637548,13309,93.84039102094391,27.78038567508991,0
11.70582395497178,38928,95.71625134882532,-1.7861717048871317,0
11.037839513731019,29954,96.0959374602945,35.6961099533152,0
13.985107827693467,7754,84.56845979425076,8.399983072404801,0
20.706008628788016,46090,39.56337887578346,23.530290486067273,0
17.276502246824418,25285,11.904971545249191,1.2701057384400116,0
5.535743538091451,2593,59.037779517817015,2.0161384245933425,0
20.258978700117225,44998,58.0747371740372,18.735460143378766,0
13.878792840078932,41485,85.74769787541157,18.032146257299306,0
16.1223947751535,32509,99.61914983988,28.436461400604067,0
20.799245155671617,17058,53.27494412321402,27.8906652847133,0
5.330518502918693,18218,37.79438294877951,23.534388233183055,0
11.785046527761223,17205,22.660662597845366,12.456528294674548,0
8.81127269184471,22582,5.4559833576502195,34.532019314030855,0
2.592843447807265,12842,53.36580078644352,21.128924511064938,0
14.08025986562952,12739,57.774273336746596,39.50992452311786,1
27.069339309506542,47122,83.36915558265275,30.96849089671793,0
0.9595335329654833,47165,52.93481194981606,-7.784509438083688,0
11.806316333703178,32774,92.06449312327537,6.029695354015888,0
15.84325761044864,11919,64.66793027428638,18.593785823547584,0
12.738469209937087,43332,84.8319426310029,26.07347689357436,1
11.321231684905557,15503,19.088664806735977,17.516824888097073,0
4.204701819325054,31366,86.2569323787199,29.30652112310909,0
13.396720457640981,22488,69.1386661721656,4.132782637867231,0
7.459416137904442,43527,21.172138081641403,-0.8043974383587471,0
0.0,25408,23.02753802387103,-7.304165810511495,0
19.167553323082384,6174,93.01755880920102,18.665687228576104,0
17.750314919052254,5502,8.060459242785424,24.42997603377476,0
12.309965861106479,28067,48.94081961309208,6.307485855968079,0
13.374448129234215,1410,34.780152543739646,20.67920924279383,0
18.44590807629337,29572,68.18235679985067,-7.392138457333538,0
13.346037940668495,34217,84.76479181905424,-5.035332685159818,0
17.424105328567887,22309,39.235921547874106,25.08773861292492,0
10.215106794756899,27151,45.55569829566953,8.403485260864938,0
19.87190243144368,44791,98.28218952763434,23.56670155515028,0
13.924714355596103,44489,79.47206841952426,31.586056013995904,0
13.164311661635244,16984,90.23439243852019,32.631121873805846,0
4.379633467727808,5146,46.68241096190482,-1.391617726777452,0
13.721735125810252,40213,27.237239378490944,14.314278617567325,1
7.008270495033293,2900,44.12702921171291,26.69633618162432,0
8.170303640829035,44831,73.02873219399378,28.69902981334552,0
7.107746230103272,22685,15.395888459418035,29.233799036443877,0
5.602590408604648,19227,30.694565033568338,1.4083667190292226,0
24.74862841810177,33620,9.430410543851087,-0.3732591138113328,0
19.988034371930418,48757,46.0730351421225,19.500623413684796,0
23.522205012865566,1518,83.60734491806326,27.054289886910986,0
4.662629882666616,18063,7.343050388311026,5.9569757767096645,0
12.427522499465354,5693,69.15573504668077,-4.764742156878922,0
4.238954248775425,16201,93.58710807880526,25.837319145503876,0
7.825830736817616,4036,27.508146843562315,4.984891569000225,0
6.491238099500551,48717,70.89530986912658,-1.6818637844139084,0
19.43750403864937,45110,97.63468060451903,-2.6138235801434173,0
9.62262193138944,19386,96.416415714484,5.745477376335815,0
18.4102760021641,37087,27.318273337768613,19.633903295687276,0
15.624725337531107,29910,14.531450055146527,7.92011193469083,0
25.821832512628735,34244,19.086841100112014,-8.96690742032842,0
3.123334661161656,39165,71.69338850580351,-5.154578266109446,1
19.555399438720794,16457,73.94709316806117,4.525162359930954,0
18.878645222404366,48627,69.05247335467891,22.985224107354593,1
6.1597269718377925,46508,36.92744683551262,-5.074246326573308,0
18.042800018838957,33375,21.128809277021602,18.032842675034093,0
14.016869778157373,48792,60.17230373546405,-4.0057064587997875,1
10.635142440279553,2126,50.949642346997315,0.5807663674690744,0
7.056387078168001,25779,74.23924397661882,-1.3905736222118625,1
7.685343291304883,6729,46.929207475134035,-6.638568221459476,0
24.298872574715556,7377,37.1707709952145,23.566490869329513,1
12.004096913744895,34142,32.88046484910637,13.170177369301726,0
16.692780009188755,38811,25.08968040472592,31.552672044866913,0
7.254603709994681,32856,30.245905737732834,-5.055458000884152,0
7.320882322670167,4309,14.00889169018963,-2.7633533330963878,0
18.491908855499652,43871,37.95141603824451,5.322886567522531,0
3.902542730690807,35375,8.47413217448103,28.293299346940408,0
9.508717392568371,45013,22.709315480801045,5.28794115778494,0
12.204164466433392,9965,75.94319223884577,10.42093537493463,1
12.668235611040314,1059,35.91955392427915,5.0801783148582285,0
10.925440289903062,8808,68.48251661284766,-5.988785409948502,0
14.37491868657554,21853,73.10399668174135,36.97168114480937,0
16.15713453490687,15750,60.21260755955078,17.426949603559443,0
16.40782527275598,46523,96.07628542971285,29.391659409274837,0
6.08517714799304,36314,7.036787329195759,22.9178546092648,0
10.295069412427218,47124,75.1720018058735,15.712713953098753,0
19.168577171261624,16927,96.08473117433876,-5.516087167030994,0
17.367883125443235,33776,86.91581428852923,22.136677263515217,0
3.7628432911136165,6607,20.949805721476267,-2.231482203158394,0
14.10887940211321,13976,36.04792909391455,10.71915846781383,0
0.13064850375113846,3939,21.382924788264212,21.455657174021518,0
12.281609412362219,20812,62.12429456239689,29.11145002360617,0
23.386602100475862,22295,72.65785828805177,24.25225878543098,0
6.312643696386083,13636,35.12200808949053,23.57667645273144,0
6.994061727050507,14667,56.25312452850807,-2.547889541239625,0
16.584178689437156,17800,70.63745415676352,7.306427003579394,0
2.7431909087421245,17682,45.027282578049594,-7.854386366990292,0
8.203469820689765,5471,86.13147539326863,25.97384465882323,0
15.578646825490516,27409,78.29724385234263,37.62929906587095,0
8.194284913863582,20159,11.143226665804212,3.205519508953789,0
10.584180076734171,31903,64.00690341362876,-5.615164541884534,1
16.465114261890207,49151,27.355927341176212,13.77850383768268,0
14.529276501219368,34086,57.96423514339115,32.83491115637844,1
13.600910377772411,10860,95.9044020501318,17.598709763588985,0
9.965266324379765,21924,88.51089043246377,-7.661142490494335,0
14.220366691613734,32999,43.42905829593751,38.7136120263973,0
11.25760391940146,45195,32.69381654271357,31.432495498130034,1
14.74683365955471,49291,27.268545718784605,-3.4202961474244917,0
9.01840784929213,3565,55.58891262686941,36.089887825175445,0
10.904586153722754,3759,15.85360305951535,12.534414430259432,0
6.0602532446879165,12800,57.18112577218361,8.59489952874706,0
11.789954339962584,33870,5.126695751625242,13.052666526359411,0
7.133994818226932,4795,35.76571492085526,31.72859784354736,1
5.315721299028041,27709,25.89375981390522,22.97398391433929,0
13.551966887132329,43251,97.26578504627429,-7.037577380013623,0
13.276438655145961,36795,74.088020359148,37.88021855580855,0
16.697242409691434,21427,38.217071143912584,-2.610793326084112,0
9.413246582549405,35079,13.82028322040895,27.278397586767554,0
14.448317081020535,45371,54.09605649560928,21.80682652140655,0
15.30478543364198,9532,25.277548725974018,-0.623597602671957,0
14.668642846989568,28218,55.960806860343986,-1.4633961943475182,0
7.046077903187147,13377,84.35942364699478,33.516379685234604,1
12.896180893627132,41231,63.500292449631615,10.984746174979858,0
14.184841776327968,48492,65.20989985677521,22.72882570870693,0
12.043070801447652,27166,56.39787746096709,15.203550192833662,1
0.0,42184,93.09023509998387,26.367675853797977,0
12.96293774384088,7266,93.53075501995731,13.962118751966527,0
25.275186236383455,23329,53.70870410198746,4.368995762778419,0
9.839764387458104,20721,34.04715127863292,8.169168549824821,0
7.631537412868073,25602,48.66076555854717,32.95388472251713,0
14.240091358268389,34933,22.723001658583488,13.401734646136351,0
13.87426926279943,16432,65.45270995521848,0.6724666122304634,0
19.156410992498486,26214,52.50877189931216,36.730269403862664,0
4.4527910645466715,40243,14.81354539226159,29.83002282491885,1
16.388281515449954,3052,23.776539206363456,-7.216692697190044,0
15.54253236750878,46487,50.56503583895505,39.94714809902589,0
11.147120778356724,14774,89.32095411829154,24.746334822005114,0
14.032123907530138,45880,58.80711845995425,-1.9866700479706534,0
18.176744889590143,29750,69.74582501980473,1.8583840649298222,0
17.233892280170704,3308,37.20771222567142,24.622274062077345,0
5.141884127557628,44358,59.28408233920226,28.988052763956098,0
16.920949120532907,45528,47.5010831506164,1.951797157490307,0
11.611868369804894,15795,67.61734169920027,2.8484426949635413,0
12.437244588093087,48105,9.804678777505986,5.3560347436030415,0
12.439181946010166,15169,51.86352054270112,19.900918241831835,0
11.098542067210444,11023,33.11929938867686,-1.4091910849361533,0
19.15024498264239,46030,35.98758082140138,-4.787840055761125,0
11.497692240904728,14269,96.28715599801583,23.943204454275676,0
5.282723229700988,46999,22.356007207581364,28.954896989658504,0
9.638820864181627,45145,34.56829899496671,15.046470220825274,0
13.072168300862854,25707,53.43979469443282,8.191635513419268,0
19.375288705782303,35724,86.98756007421424,11.602135676323819,0
15.618568109693001,26057,44.58365790460519,9.420391693597594,1
6.896788327517736,38691,75.66720168437625,37.99924541188376,1
26.91113950007335,14746,86.35553933040623,28.40449526095701,0
13.588651865867877,13346,34.45155380307565,0.404360742505514,0
19.652344427994088,37585,42.311267436177445,9.209457602699004,0
11.089713398536626,45903,38.87284125039385,17.20061456815549,0
15.200155468232696,13970,84.1213018187025,20.649293103184423,0
17.036811027110428,13676,9.21295188559211,13.409194801438355,0
19.309168270525536,42381,34.3000034387246,30.50633175059796,1
18.34420983226935,14046,69.54381297153733,28.380300972911584,0
17.233182000437868,7305,58.71713245870755,15.257895931408337,0
10.109479612835349,17288,46.447489132900955,32.72146933908652,0
8.56952374826363,29848,56.295081586031515,27.554476522119295,0
13.995645061945186,8580,23.77053565369024,28.929092436032164,0
17.598768434046416,36386,45.91807905276099,37.82003897167083,0
10.663675795340358,24264,52.66178349675316,3.3233470604601334,0
18.39103179428632,7130,90.61296658568716,3.3824081183424592,0
20.715700472917078,33833,29.779340466377754,34.447612784532005,0
6.502074485559482,16201,87.4437077056686,28.61131866928397,0
6.978475777222321,15359,66.20293307846828,36.32727707178137,0
11.157749646567982,21683,6.932378951422093,-6.843491983777347,0
13.845676009135177,40938,73.83997700544239,21.38785386307983,0
8.852597917397695,32249,8.377428367160233,-2.768583093827628,0
20.113216073202867,32387,99.75120704731225,15.19485991462913,0
14.544401169110706,42744,87.9004853306638,-2.212653407327788,0
12.236682289444436,9276,33.24765601630434,-3.5960745507560365,1
3.384542856788836,15521,29.454066868687015,-9.391582730898342,0
4.105105101434958,4827,41.236902800032844,21.511940619145218,0
13.686055501690838,48543,38.83586170487209,7.951130834504303,0
0.0,8114,40.3720927466112,-4.7405857560514155,1
18.07582445786443,1745,35.23627188135064,6.141888886565492,0
11.051076933766078,41511,64.00767365059149,-1.5527954274207523,0
30.0,10855,20.605048053459274,37.08474157508297,0
25.847497503696662,33805,85.36822278237125,6.000244288067406,0
10.9113055845149,49192,82.17823598297495,6.6976761644694935,0
11.36197798481211,49504,50.26590474625069,31.99290016997928,0
17.97348908401218,30214,86.00934670146202,22.38778806430021,0
22.219035659508226,17698,28.478781652877863,25.508580370150067,1
2.1718256553838993,1915,6.66871829187686,21.80009019944803,0
1.2817472078718803,44298,63.824752877833184,37.30981419742827,0
8.267791166673712,2152,48.50139366164796,0.3500415779022581,0
15.496425499043186,44125,58.880631898107715,39.45196208778979,0
14.981241543045583,20946,90.43724385674828,31.54780887782566,0
18.4186287299031,19240,97.14292948876462,19.448629443817108,0
4.801814829808151,4310,65.27304827678229,23.118581219812448,0
0.0,17069,77.58528103598165,22.441293825030705,0
17.148085171812873,34819,12.961801181280606,-7.080188797042305,0
7.030822362208593,14084,20.267980564693033,0.9008249265969304,0
0.0,27283,74.65445647053278,38.07354422623746,1
12.87038247575629,34029,45.97971835686018,16.718221442968964,1
16.759054129312062,13011,47.36670068841854,8.917680163095602,1
11.267657207272336,9971,34.31772975536648,28.101923169453748,0
9.252909682905065,45735,62.69885643038566,16.225947132790477,0
11.043826607124561,6663,22.590679314539248,-9.341861428405121,1
9.776503425595303,16565,64.55704653482009,26.811879835755896,0
3.911717328358997,45154,21.51089142784777,26.610878002643066,0
7.711915938057409,18420,11.063473297422792,-1.7425643945012803,0
15.127679430082887,39469,36.383980426410794,37.83300442121067,0
13.930071248259,48848,26.95833249093553,1.1954065770557165,0
13.008358835800921,19654,89.45420566285158,12.887468369109964,0
6.029109108879723,40667,10.220578117519526,-4.263201936954266,0
10.910981027185997,20729,21.77830079454167,20.16411597252942,0
0.0,27497,57.128362530389694,8.772556002860624,0
13.070859983312339,21601,50.701383130509996,7.658673110485274,0
20.573146246881404,40891,9.355941745596647,31.348843861047364,0
3.155207207747366,10827,5.688980661438725,-9.521914357476088,0
8.484433960093469,7687,98.86645448630924,29.897338544621125,0
13.974640672260778,30185,67.58929653408963,18.572428287403934,0
19.517055806564905,35448,39.7135824356479,39.30492567400995,0
9.310652302199102,35228,49.69106352800792,19.47216103021245,0
7.846498024404622,38421,30.32226144315726,-7.231043292602104,0
0.18646114550350124,7535,37.76300945085492,-7.467733677813683,0
12.620628775848639,11971,66.65922439048033,34.157649318591595,0
24.252456240862465,28960,88.86712089240022,32.06070727555266,0
13.664150771788055,21571,22.492352192712563,7.294503779101161,0
11.86632612489772,1082,84.83434301160528,20.90162420905686,0
13.932493864601913,48782,16.54787980423556,14.479567852780015,0
11.933447976308388,26689,25.424261240897163,38.35820275680261,0
7.121913766439221,16031,8.531652364716368,37.49804504384458,1
16.939679494066233,17172,18.37712689883495,39.191950427038726,1
13.354569138670527,41247,92.14379881908481,33.32243903171321,0
12.105679511601943,20743,48.646680928745965,35.477579538755066,0
6.1478038363305005,3560,12.378256868943588,0.8639389383568208,0
19.821047591608554,14231,96.17404961370133,31.550339449488728,1
15.98821647199866,12794,88.50426923707177,25.442855660213734,0
8.682474975796188,21219,76.69483948247341,38.13932544140351,0
18.010949122091624,47542,93.679915235018,18.56309142213097,0
9.014574969688757,49616,25.912294979397593,-5.741641664472183,0
7.307979044933778,26825,84.45508283595821,19.86994455935765,0
7.441781295118277,23097,70.5491636536591,24.32904640106439,0
1.3735886814714529,2403,87.6271287089304,1.0160514356214156,0
14.829254282509234,15051,80.70659874554983,9.70566917563642,0
1.013130729969899,28251,37.91703100179837,19.925170702583998,0
4.629337012405424,24778,78.56786101663928,8.705286865825277,0
0.0,26153,29.93334878356458,8.747385861933196,0
11.483581843254642,15641,36.21625548766521,-3.3456680413601303,0
11.098077238368768,2877,15.251043136182734,37.0373361538833,1
10.039822720881816,34115,93.83227851814453,27.524719224754826,0
5.744533831976542,47648,32.64531952302675,-9.937828056694899,0
4.96659747938016,27952,54.45913419128792,28.280664201108262,0
14.786219181279446,23225,42.1766194642883,26.989749632892938,0
8.696688409749074,10024,96.19317145543265,-9.51345199222385,0
13.898149929216869,48499,36.82967123915583,8.480214880688228,0
6.688507883254665,12198,78.96185303515546,20.337384516276533,0
13.086376456626494,43839,86.2645346899621,12.637532592901794,0
19.819668223896382,21675,46.38261726069176,28.899305936025364,0
15.5169948023567,12814,40.92632237302847,11.2729166317217,1
9.525517090701118,44697,76.03585298859966,-2.3068515273081482,0
13.543193822135564,2865,91.72511812909224,38.820781213691426,1
10.556008952818722,32517,76.71851464186264,2.10199963880233,0
12.047281108168368,32626,26.577004731227234,25.884615527066615,0
10.046333687108977,43872,89.38923600658201,-2.8421844167964028,0
11.013988764687651,44634,41.82025840649914,6.4506306891966325,0
13.272560118445053,38323,59.741794118903755,12.101380421521188,0
6.039847802508296,6122,83.98638383280755,-0.3883997736468048,0
5.90472703806013,31040,22.89750290304676,12.497978818430475,0
3.6687446770127337,41051,79.52846288936755,-2.1418588504125005,0
2.3983733729777406,2449,61.635465801514364,17.950326949294507,1
4.696303846677123,49896,89.86745597362278,23.185662626009698,0
12.956775040824775,43300,21.337188175136582,-6.878285798599462,1
6.643274907048696,32412,44.9648125188882,33.55660605410841,0
15.081686785386577,32661,84.12009382234956,-0.742955747898224,0
12.208282492515371,44887,6.827011828392217,1.26812126601619,0
0.18897471937167776,17008,15.659129842736071,23.06749200415315,0
15.929853505330138,46092,99.1036952118898,13.437553021720703,0
16.86479187355026,44213,31.637446966083303,14.969779958553284,0
6.03682395099088,2419,97.67660340377557,-3.592250771843366,0
14.521149257369949,43095,22.340497345824023,30.286791093820412,0
6.861010575544807,10117,39.303972085696884,20.8527123052105,0
12.586022260490012,10232,76.52259722783921,-3.230897834527199,0
4.413009558270206,33798,67.48894868762696,8.6999683512798,0
1.2413612847925393,41117,60.20662799326028,30.520496636751506,0
9.703096862322187,7429,55.34042170147572,18.417752299331035,0
11.257626322350983,37617,85.12684214815032,-4.567561043353477,0
9.613921838312375,14956,27.32011346917231,8.638852289464335,0
4.895816650664644,44563,47.03473806438425,2.1347199227867297,0
9.600605627213177,21640,19.76796775486344,15.873277682686318,0
13.615768515484405,18685,61.61445159441691,32.168056443599475,0
11.730641819264779,38424,28.801720305775415,11.813356740220991,0
13.095006183595281,24740,36.714996112621655,11.667101518416153,0
7.9793087972746015,22345,49.768818079235174,35.26754511635185,0
19.03030748829696,9728,7.543205641797146,18.80927062536362,0
4.942959980671317,22186,13.734103912479577,18.309554369870344,0
14.925361782520312,12420,70.16327596728087,3.0954945937694687,0
19.09134655775977,7932,45.75214816816319,20.386137391856316,0
14.885448556493373,45471,87.15507108999006,18.79552337086982,0
10.784854637611021,6689,70.99384034619895,9.842573517093198,0
8.830217720022127,28539,5.769589456495632,39.534778294959025,0
18.216525906277536,34410,63.58767142287781,34.09454824740433,0
3.462150448429962,30726,13.90386227567306,27.479314503840776,1
6.179254437722138,8114,79.18865208009696,16.867279420650025,0
9.614653407049671,47521,99.19323038645769,13.102990094731513,0
19.425922545071987,21724,55.46388545294359,-0.7551302388400316,0
14.278605816245376,18513,69.86405251844238,5.286873700731185,0
6.191725448938528,21946,27.544845285001397,28.69803999116051,0
10.138153767690579,40173,46.57178565661039,12.687447696877571,0
8.314061135422234,38157,86.32905656245644,34.11347582847507,0
7.741266046598789,5339,20.905180035893867,-2.6044431827235615,0
17.873337351340673,37225,30.2258825333074,15.417354800681824,1
3.7695412244189677,30703,47.316199152172864,22.348284201065436,0
21.65268513440624,1057,72.66364472518133,15.842422815396299,1
16.969378141107736,31166,40.70897570558901,34.46134457924936,0
18.545170023622187,37889,93.13456657938536,39.47816409145699,0
9.222362927848451,48200,13.973419870528321,-4.2082670829315125,0
11.100355685525344,34107,40.22639876676051,-3.5022547961539496,0
3.401089112851727,25078,72.35064172570009,-3.483794321993946,0
8.852025557599182,9743,26.468742737841783,24.05885480352638,0
14.961929085858905,10096,67.35924775181893,8.633804774791896,1
19.776378370688377,7498,20.600611031597865,26.665733063295303,0
5.35705909918529,10629,10.318127061860206,10.273573644348936,0
9.806964378088406,1010,16.496493091121643,21.38033606660318,0
11.092204678604865,12096,93.34855439774279,28.492900283944675,0
3.625264786845089,13474,57.41633387925737,17.41079553274603,1
15.548095450550402,1637,80.65284867056666,16.975179522500305,0
7.656058009544346,46968,36.60217758597987,-5.588283735718277,0
10.827657892937856,28397,61.30257154911743,10.53908714547174,0
9.288303768528735,5166,52.0204527019742,17.28885766124688,0
7.263968965681954,9406,94.84510614321793,13.0990412833205,0
11.957730087116671,22318,76.01959042514048,35.039100009421276,0
10.706342528591867,43746,74.401549992175,35.326531605974466,0
9.768852706328007,3154,9.403560596256556,31.095869029438088,0
7.629230269917944,34258,57.21861855535065,8.764903768656,0
13.917148024697733,24704,49.36418812067241,25.864957584376718,0
21.92170361095371,35428,93.14501532758848,9.76442305348049,0
12.839323397034764,31052,29.447488878005565,1.629679948787952,0
17.976709289466775,48404,30.63417806265396,7.145132177544081,1
3.658668449079224,10836,44.077893643742534,-6.451768335723226,0
12.946568635762617,47537,28.120122773605722,6.58887545023236,0
5.415790086173601,16706,17.272472191831202,13.03711086305858,1
3.1384504348085915,35331,86.45441043182608,37.7740447390415,0
7.563771555245783,44063,58.036269818372006,5.670529310981246,0
19.151396006481434,18861,86.82945830087385,35.12267696027603,0
17.700094972017872,41835,83.95780271335111,1.4429137911748524,0
13.458028332326398,9433,31.794023705018756,-0.4515551120375294,0
2.803796640660415,26316,57.03505721080602,15.949772821608247,0
10.822316091672379,16119,12.905681760306694,23.625568464870298,0
13.810200053410414,38187,91.94892898292206,-7.783387459885929,0
13.053217377471588,27443,43.40495793118954,1.0532932523608352,1
0.9372384991155256,27319,42.39923746945703,12.784183325065822,0
6.658092911880769,12241,33.76176020870555,6.550216799159073,1
11.6155334151077,9298,48.763055747516866,25.631053967416094,0
15.21774545710314,25643,28.917141721817565,15.55802980206584,0
0.0,33247,40.61096591569643,-1.9820447198049895,0
11.02725614712085,47834,80.99496961556378,34.72326896575453,1
12.858292619273714,34151,84.25427284059133,4.645283774167978,0
17.097671931097278,21682,33.89733537470903,26.55655544822117,0
16.15714550542462,9915,49.55637090251485,28.995788955270495,0
15.495427912852831,11585,88.01287874660497,38.15788501280511,0
7.200356959788395,15508,10.003966523821228,14.925373326205069,0
0.5519871772601546,22602,89.46877138959961,20.79177577322161,1
9.641683457631594,18952,25.822512836971512,6.743814673976686,0
18.00979095125136,8620,69.46122820036571,23.908964670603325,0
20.36072716514659,8320,60.342411156537025,13.169174293315987,0
16.263294613786712,45169,57.52937107797895,11.882618236221113,1
14.576044936810407,18670,86.63922135151803,32.77337645580527,1
14.277837890315793,16759,14.64935364624282,-7.491557825065566,0
8.663287519435316,22599,37.96766240593542,34.09812139159342,0
11.21963823867828,10149,56.134010902752735,32.60349189142785,0
22.01441715495799,30755,82.07244112487378,15.318312678089455,0
6.34465196524874,41537,25.562092924108793,14.510142710281412,0
21.688672744259108,12305,81.27833493055624,8.090368401774509,0
10.06783107304765,43647,42.965655836923894,39.70868958408672,0
19.95259265457047,9244,22.946816361201062,-4.441533362307939,0
3.5591099430147706,46553,77.10371184213085,19.51076178143035,0
15.515425206987896,41741,13.635395640082043,24.084079505620853,0
7.579379184314268,32805,53.90290053716708,36.716500410847225,0
3.508396848454875,26357,11.068199466879399,29.010174842838076,1
13.311204254465673,11179,38.859696239989816,22.192360140577343,0
18.05683073157581,47873,62.1022959056073,-4.159384159393866,0
6.930351368439021,30329,57.830976441285245,8.686675841573368,1
3.0059042372495925,11485,43.44226470094332,-3.057917872600737,0
11.44893141399027,28787,45.75955942735099,34.060636623275684,0
11.475388027336914,12891,26.54310756832282,27.481057778182148,1
15.289917765326994,5361,48.308845900289775,27.876839339861462,0
17.69756742818693,34864,95.55921129347925,22.612825888677204,0
11.643508912365036,17363,85.79302718946009,15.352176846835484,0
23.133019888765578,31999,18.79712256225266,-2.50144702682514,0
13.345408467211751,28294,7.829174795487488,6.4847443352525875,0
9.921440963958602,43423,93.68480970807991,-3.154210376155472,1
2.3305958453830327,8419,55.04122623867102,26.245657142617162,0
10.424042878102993,43602,56.09459319918423,-1.9885611988997487,1
9.981678327533183,20782,79.16820959211962,25.105677508584275,1
17.761828777688823,47896,34.89545251777602,24.612769479795237,0
14.774901744401124,35340,50.78121903942021,12.965223949564445,0
4.923785270204297,42755,97.02297674894007,-3.2385672940973853,0
13.033526318466224,6124,68.85412525857868,5.740041306701835,0
16.02918703037432,34206,19.605778039599663,6.004655453777572,0
21.168188156327,8676,17.656541058513564,25.01925665716467,1
17.325023804484356,34029,24.405152041635514,-4.312849029313783,0
16.565079925868865,13441,77.83760906996817,31.453432310804537,0
12.360515967690981,2169,33.06081536485853,28.050364509295697,0
14.329872032540697,40396,7.031940434132579,-0.6846540912863042,0
19.49702940423695,20746,94.69656453303787,25.95821908894447,0
4.003335615122102,45359,21.122774557516514,23.42565907339109,1
9.903364036698264,40576,5.908027684066515,27.406040005546316,0
7.364587507462554,20823,27.527502226415685,-0.5535722275652766,0
14.274918712356744,34394,27.3277347762227,-2.120483892176569,0
19.381333053904726,6521,45.09049883034369,1.8241992961377107,0
8.418154279673557,39705,92.4370339925035,8.293585157448783,0
0.0,40307,88.5225671890143,29.68324905179006,0
9.52667552985318,37403,48.404982723330654,26.8961968739425,0
17.48084239210444,48379,44.03549097422162,36.27257961392666,0
15.225779417699279,45232,57.72586321511087,-7.068522045069228,0
14.569117486863457,9211,28.128131137317745,-9.42218594929072,0
10.320040188753122,8404,9.957574236804469,24.956941485039955,0
4.325815582681281,35551,94.22629293626464,3.964374789708284,0
15.091765929746805,21442,22.73640356333141,6.703944776690877,0
6.994309139792252,24751,23.848069278343058,17.34010129572561,0
25.104580400282735,25558,49.88373124112503,-4.879343843660075,0
15.423043250127096,35745,51.70326775983142,22.134720827402486,0
8.516110184676295,3593,6.751249921570484,6.257372311557511,0
8.331688515668233,25418,19.055700183527215,21.635756215049582,0
11.44233476031847,7707,40.92470776327046,31.70034565366929,1
10.562988467869502,9894,69.95441588350121,-1.4444333331285164,0
18.701002653179724,27474,26.699753399033906,36.543654645726015,0
13.118497018464279,28672,45.18637239296745,16.534407053122187,0
7.610209566548832,32783,57.94778114806435,36.146388258698416,0
23.342644110934696,48109,89.41628698921275,0.3865041100889066,0
12.295849989121336,39495,35.97669772107672,20.228133230211878,0
16.613038055813384,13780,17.688035257030933,10.194355866180235,0
8.350640955331444,36803,51.48086146027278,28.71110955780066,0
14.17869376646714,27953,75.9385521599859,20.295447160664818,1
13.866659946859171,43850,15.436676920009676,14.725772847915922,0
0.6621042474230809,3413,45.34493171121124,35.64927032155043,0
24.09165066276384,26265,6.689588419935926,8.855853208584012,0
19.743866765535284,2840,8.188122256488858,0.9990102449090743,0
9.616828103124075,26679,50.88056950558323,20.405059342604584,0
5.386381557264867,28373,33.3287433243383,21.20142185864069,0
14.085369682821312,38557,85.28519340551415,11.95473107859377,0
12.52018619648638,1097,62.20465908201316,14.330502184469117,0
14.134013691379376,29619,48.12363136558408,37.977670714995,0
13.149464377164538,15525,43.753860250158155,26.634284569840066,0
15.037445935835557,7645,52.23832061800851,-4.46991242587115,0
20.68383419635084,36170,8.841688965202827,0.6065035435305488,1
15.408619230771876,42223,89.81536885996269,38.77883172177795,0
5.702067006540354,8194,99.83879979472604,26.323277689676566,0
20.17537711627471,5330,22.241276861576374,35.752256307232656,0
21.843687380929723,24430,16.436381653588874,5.193073199436102,0
30.0,24252,18.63985902761655,27.093343004329615,0
5.259035800562412,43102,67.79757053226488,25.70013542617557,0
13.45729207890165,10989,67.8368796528236,4.734499271968754,1
0.0,33192,85.55279541644904,17.540816272535267,0
15.318894938275255,16268,76.42350690049406,21.370755563514763,1
8.710798210999364,43632,47.72051897008728,14.056590541373252,0
23.54067476894972,2660,63.22125934870529,31.358935332900636,0
7.352310179888509,46536,70.38704368496074,31.643452089899473,0
1.86490177219643,20633,53.709964677096394,32.53002741507784,0
9.172417555784882,47753,50.186843522905484,30.17117845490814,0
0.14707337269717513,36190,66.28425733605206,14.40417385985723,0
16.50659672704386,23370,57.96008215268711,9.07191490745036,0
0.0,24996,66.17451900691148,31.568814185718526,1
12.170745487098953,37072,63.22120352651957,14.510072927813342,0
0.0,2868,73.32367324879719,2.3185699313990926,0
10.07821317278015,48425,66.06633333437323,15.367176616110815,0
21.860268934827204,41361,54.37553621154039,-2.9075089040378943,0
14.16388734861477,37200,69.77069707201672,24.581474529939943,0
6.8190383702103965,29703,47.700786692615665,6.796064081195317,0
11.812779066365497,12052,27.958766467397098,3.032939922372716,0
12.10810123226668,6108,5.1347309127219685,37.825437311737254,0
14.835782075060434,46167,58.196593978855105,28.84404978791538,0
3.7988498203150414,22985,61.11224652782089,29.35347513619658,0
15.555403643083984,42560,97.34465165369286,21.186098463959173,0
0.0,10362,39.34044173895618,31.958640525514856,0
8.220692685817138,38799,42.44265806868962,27.958124058169062,0
9.070356945290731,10912,24.170960227508072,19.938685206680827,0
15.79996095642743,21854,11.700758047545582,38.05622009258587,0
12.135785116061214,6844,78.41642682186536,-0.42025251577884837,0
3.56662167686228,41155,28.719701112235878,37.168985949737554,0
6.090041245097909,18493,62.845961797853604,10.071908099943247,0
13.192080057284441,29182,70.33843837682075,16.419949170074332,1
11.525595948812661,49426,49.76748529270653,-3.8630340227845528,0
8.525255342185519,28915,88.25345073758321,17.005371946089546,0
9.114997262928124,19823,47.160509893074234,20.56033759290967,0
16.177007982955733,18497,32.06631918896769,39.8850770904262,0
8.893844562784713,4179,90.12147468135413,38.759620553576326,0
11.471452535825561,29989,86.84860700374587,38.319864593714364,0
25.019619528483258,40808,20.583794972259234,7.419403005102868,0
3.4579041786964617,9988,7.4662967436224905,39.563324937252176,0
0.8889436105520483,40342,13.548627853213965,12.773907579755543,0
16.70153798879164,4496,32.22200286261262,32.591812938095025,1
7.928141632235379,6195,97.36468116546251,0.8159984509485996,0
10.090574833544277,30704,58.059034550278376,15.291658982830118,0
7.313061731213315,23882,40.45986454278054,38.30060480638027,0
10.441199155394925,14735,89.42802898821091,37.35156984617138,0
21.591228672578048,2866,48.047951490457464,24.186743891071337,0
16.812770751708715,27967,34.94766969809701,29.890716127652993,0
17.17334107132186,47432,94.41585523083745,-1.17866516987993,1
3.502637665244127,7264,85.7041782883044,26.08292747420787,1
5.093077580682785,25860,85.14849566484689,20.902540416768616,0
0.0,48795,53.66705058977024,-5.422413212437696,0
7.143715073503476,32423,79.99664788746823,-4.342049670516187,0
17.740219118313952,30675,22.038569130132426,-4.577819112436906,0
15.101679094490226,16792,59.456180967843146,26.217846741491783,0
10.670920422287256,2114,98.46536267051684,-2.9142395876213776,0
11.866198297691682,21439,32.641050899206355,13.386613555723523,0
7.8666867445475654,47664,80.46347127852914,7.849090293887887,0
13.228553294410705,19300,51.59544868476639,17.525207038510892,0
16.59526967688369,23746,8.781539906098295,25.32382436097014,0
2.3046792755371635,32188,77.4868427924884,24.2361268610666,0
13.79788612702409,28462,21.014068717250716,15.775995795718831,1
17.594609225728004,30264,64.98998887761127,13.216743680519276,0
9.509398266219783,32970,13.138098434462425,9.890779756112936,0
16.2042036727235,39001,94.95240276211666,33.09549741521897,0
28.88792666683532,3716,32.71376928213429,6.542590243632249,0
11.373943242078647,22572,26.514145709352515,2.968291058374742,0
14.359842300031943,28742,17.26795838630176,27.165774682763562,0
7.571657498031651,37632,94.87020836720954,7.988173084836323,0
13.087506975612303,45537,72.63085553192398,32.34992998786342,0
14.761629749893823,18361,75.45778442821842,6.394435931857237,1
13.169054041620829,47097,52.44343333112324,25.09724122872941,0
5.88182808174686,5460,50.09913960069593,-7.744549685733196,1
13.238170627952703,19281,15.45201808419028,9.278144005516001,1
20.773175632305822,41569,58.184904080479214,7.161508748377575,0
14.691814587087164,31626,28.45706703533509,30.83393696379617,1
17.771923134431045,42109,97.82880661603855,38.352770161415506,0
10.577928179924234,23078,80.67518930143899,13.044063834648071,0
16.49940143654226,40998,44.234245718324324,31.2418138576879,0
13.675607029299155,18383,19.377419575695637,24.984735047868256,1
6.294535621876608,30282,79.60651065818448,38.36929938318466,0
13.911126028793246,17479,16.59510787272502,30.555425717141237,0
6.049820019358137,34246,22.986706582221696,-6.1260967018134735,0
8.20271835069125,1230,25.094449185701606,25.66408611911181,1
13.135969843754244,556,57.90461063594397,16.774985771118683,0
13.783465640280744,31957,79.7703821290848,-9.178197103383642,0
4.864605209537226,2743,34.85991347884576,2.565647936272184,0
18.323914627097256,2201,13.043632356152495,36.08776225134465,0
15.432037669802838,8803,49.13115403481982,36.303068639337646,0
7.771629386334697,15600,76.07047291019387,29.94252301003172,0
2.774491221304948,46266,26.058065093301888,39.08898016389947,0
11.130572525511413,42661,25.892832063740553,30.327261231210244,0
9.324337716833039,1447,94.98656759793752,-9.48979063573774,0
12.678842742318137,21005,95.6446040763219,4.391717015075589,0
9.821300033066601,7053,99.09424454584976,-8.468790888111856,0
0.0,34025,81.72766214960411,-5.294601563122027,0
9.66991837019305,15366,22.877496070954827,0.9420408475388031,0
10.166285333590123,30972,25.138244475929827,15.177927316276122,0
15.801966148644352,44848,37.321397944627236,32.37660017310089,0
7.810801952333701,6151,35.22259047668163,33.0983378078554,0
22.072048040235398,7773,95.87013616241086,20.810092927864822,0
0.5301566960894575,10533,79.96202837376089,36.40879695331175,0
19.867004986815747,4035,73.78083525534763,15.003116329510405,0
10.654086174731372,19177,22.666506285522523,34.451802206660076,0
17.157509234061337,17988,91.40492813942132,12.703262816600606,1
12.478808904352398,42121,83.64768605308652,3.8612503710941137,0
18.837333216152814,1408,20.545974926152752,35.82064590502139,0
9.675828212683133,5117,87.76118153629238,9.396753783943465,0
5.408277448933127,43316,30.86351595519477,15.170205442223082,0
20.52302572362638,30931,12.682625854050075,6.443031626533861,0
11.319116124707152,23953,67.39811911884995,23.14188001453649,0
13.329350841745267,35579,67.11144264151142,39.751561250301776,0
19.40851148426877,16520,14.01854090873372,-8.724322556761518,0
5.808268547433391,46853,35.29092184897532,34.99240030035507,0
15.572945385835544,47285,99.31737391427616,-9.80369715053673,0
8.460631461222654,49823,69.45053336583,8.211394057310553,0
11.206983866133768,45820,74.35714082731627,-1.569659685524285,1
12.433673792305733,27062,25.22714213240904,27.867089033627565,0
2.998668831318384,24873,12.48429674537186,-7.469457962141326,0
7.326977743077391,46605,31.305660525389076,17.674247679216396,0
20.106437354478835,30664,28.645346593353235,4.746306692265632,1
17.317147131508772,2385,27.281689571065044,-3.3164875567648933,0
11.624162536036591,1549,23.311660579268757,28.590910605132038,0
13.45874075107736,43771,59.601790612263414,0.8708417127628354,0
10.234544966181254,1661,36.16983020497307,1.183760602746945,0
20.139500314967894,1315,82.93277642951539,3.75383925689615,0
10.797884533235017,37034,22.47500469550148,19.33833819140137,0
13.391052552809088,27998,49.139571732511726,22.983296584537413,0
18.87618086485239,25537,6.297494460477599,-9.119873814932753,0
7.335771090924561,36507,50.759820633243244,2.0934818056895157,0
21.352735106981363,14442,10.304630983265067,11.548542125264142,1
2.817231541539739,27778,97.88373362790114,6.598847608061656,0
21.777852786676792,8772,80.10625222178922,34.208532925544304,0
9.763946496288153,34137,51.56059028046326,29.38543654432094,0
10.543807513048309,38794,13.225799027038274,21.294510776941376,0
0.6599389729023426,8241,61.28231687508936,6.902120799851988,0
9.271231695733842,5194,77.08255631667836,25.03361724230799,0
5.7611608138386945,30806,23.118139035450803,32.18190064228972,0
8.354121927759165,2434,58.97979237481163,19.741518867949335,0
11.176134205266722,22056,82.35003534637245,29.223073344668958,0
17.746749686837433,49586,77.98353887640005,27.45524806998739,0
13.245620108403754,19407,81.28424169737953,18.58686555801611,0
13.846059920406683,6659,88.53572536262338,5.609160841075548,0
5.426883666926626,48987,94.07979970514967,27.28910790006359,0
6.71547546238362,29658,43.524509744335916,0.3398183178803227,0
22.79235011010787,20793,59.03306473967334,28.974417323576688,0
7.58879379142052,46261,80.11265497433303,30.227334607126654,0
21.937249512343772,47081,71.2282823248494,31.107243978518653,0
10.541632806714802,34432,99.574421685116,13.64579854892288,0
12.013727616861024,33887,6.299376854941193,-0.3759616114789166,0
18.422190961379577,41250,38.737655455000116,-5.013819996696563,0
19.63135453163194,3566,31.697652995669234,27.168062524396213,0
11.335124638325475,21756,29.920005765725787,34.31306922649066,0
9.670541678870768,41906,26.14032933739415,22.541917941845334,1
11.664477308866722,35605,72.36676487744676,-2.79199698058152,0
14.027745169392709,6094,13.052149961155576,36.7448224258787,0
17.347822121218535,2960,75.45283922461714,39.45510072696598,0
12.02537915396491,7320,70.87545499154598,11.668930496746096,0
15.713317788138921,36710,28.826392587585158,19.74126446368856,0
21.830158393625645,16691,29.01920940069032,28.861426000082886,0
14.287857673588707,19595,64.74175560772771,26.819489502502233,0
13.86991713602867,49594,77.40625502094939,38.38935959667246,0
2.886535049459593,11029,88.26613324329972,-4.255845446060555,0
0.0,32675,85.9532585661752,19.036243307140285,0
14.33025437538101,18175,96.66388444556605,24.59657098365461,0
11.431054612314767,43658,60.23156505696856,34.504921209383504,0
8.911303950511549,47298,91.32227832733416,33.70548138590753,0
13.461181225118068,5874,81.80876095973902,38.8999896780645,0
11.637577624818551,26476,89.9934243098313,15.603922696883952,0
18.76668150380339,13642,6.10452712210983,31.53804334066133,0
12.516665209553867,12704,96.76078422725205,11.364085406366385,0
7.518460289578995,7894,49.98536547041544,11.115693892801612,0
17.940997433755733,34093,80.82738400961007,2.667418223642951,0
10.697213550322784,42464,17.084391337089183,30.91186435096149,0
15.159220102033842,12152,42.61440410232754,39.29075529067578,0
9.135535762843197,34240,30.788762986994136,2.8170864173628942,0
8.101038687015382,44536,32.70758319758902,-7.193420598946384,0
12.505009381114176,943,16.709283895333765,30.777121870950367,0
12.07697186126211,24403,81.54756409158567,21.01150262673781,0
14.878962212200996,34022,5.878019885202425,37.98494002755022,0
10.388125480141545,28680,34.688018413594236,2.611960953847612,0
0.981841297377616,49291,21.56900160555943,-6.448617099935946,0
9.403356698469668,21619,60.95869935779235,14.622113043325077,0
16.762910802862894,10863,29.153978248381666,-5.726698851742626,1
10.215743524541361,44165,29.604853180169467,3.0895000551353724,0
10.521699584912712,38664,51.392123679555276,-3.701106959041586,0
17.91825903543562,32041,67.00545873738794,1.206608983003935,0
7.7281606364464634,3965,16.523946933690546,-4.692767358930407,0
2.743180690542602,3211,21.673587984222134,37.69529997136427,0
11.036213282847033,25698,28.481600736479173,3.9281356724867744,0
9.094956292507577,22988,97.50608034120626,12.194879299628273,0
6.202522081480476,39015,42.729487494577434,34.93059038171111,0
10.947729264607855,24108,61.90405860994752,23.86607939807372,0
14.949033883480704,28398,27.9465672080179,20.901874028088717,0
11.944268630593106,2419,51.59365488996135,25.278159518041857,0
13.841886436117427,31671,12.041321566666015,31.44111285526909,0
22.88044619109254,46741,8.30050386262106,33.88346339258805,0
9.942726830654616,21099,49.529685048038715,22.131983533251322,1
13.670091807868017,17465,42.872632314249145,34.50036373470289,0
8.944719824405192,47503,18.00363037072363,16.769876371273842,0
6.921841680678162,48978,70.3221357474697,3.8645428134211715,0
8.49055407949338,14934,99.32583163543012,34.00383544419222,0
9.127448570869868,46746,42.586448013687686,17.073641370654357,0
14.156854785282754,37149,64.33307041215248,35.306879378361714,0
26.094454720204546,2499,96.48271452462615,-7.991609302470939,0
7.703739382344958,15349,83.99582238245314,9.875787577061777,0
9.500248166307225,11403,49.037461213755144,37.390250918123414,0
11.621261921332511,47968,75.06150102369234,2.482504637915137,0
14.37479309225848,5945,17.172828823799783,37.07681230192463,1
13.581304871728708,35896,53.64986626906092,37.6951230564625,0
19.704574763688704,18540,31.51072633209397,34.10711571129305,0
0.0,746,20.310550350135305,18.183402254664934,0
0.0,31653,45.49668609418081,22.346972454031924,0
9.024730967939105,5712,17.44638267119337,33.48084992249346,0
18.58380112526225,3839,71.40358527657612,28.79485411945922,0
2.6061118103664223,23642,48.342804185066875,21.50469247277058,0
0.0,19894,55.458740093643065,39.112970393535136,0
15.427076437315252,35636,18.905714173474916,24.283831816684707,0
13.461943342216287,12686,18.278307803881976,38.77409962238806,0
5.458749559203421,35107,60.424466349711786,-7.130576269645463,0
6.086762395674421,39473,98.5759260437974,-3.051981462889377,0
6.181537682191953,4895,14.143805407583933,12.572942300024529,1
12.66321190484364,15790,32.14448571374922,9.243973044215757,0
8.242108342901957,22651,87.59861607109931,29.136742067851387,1
14.964383513853118,4191,11.86584116424751,-1.9692986765398124,0
0.0,7970,88.20914352986037,38.80475895557443,1
6.858888809233203,4341,54.807168420601364,5.753293763045701,0
5.243676234533697,37616,43.785343523010454,11.44618538700797,0
10.461955929765047,18276,34.419653613388306,3.7372516220011454,0
8.771713449059169,6560,33.22613002214498,18.968180866327366,0
16.7870626793746,28084,34.05124533270048,-7.0685649788708025,0
0.843979370039655,48793,89.0562926912186,-2.516124721477561,0
12.272948857984511,4800,73.76054686660463,27.28988517093621,0
15.350018539270232,3838,68.6236857439593,-0.6749708297598045,0
23.139884619371728,5987,80.88116915044007,1.775722577833142,0
9.109404173439149,36782,29.425892985393773,29.649111786241885,0
13.946751626115102,30029,63.71406714776679,-5.33494108213732,0
1.1768232446258104,30762,48.70629270100534,11.873691138542044,0
0.0,11780,79.33195534401837,-8.846830650138651,0
17.0686462546902,43575,34.37933049496212,7.340369965895191,0
11.966638238111576,29304,66.1019686026401,24.949070130537724,0
19.071076138790538,10415,88.81017912264478,-5.494836014138585,0
3.7595826661815064,11658,43.20429523851823,34.41673133893801,0
15.119412837172515,9121,11.329098299908837,35.4749521470358,0
23.21290704326312,11047,54.02482812247031,-4.750481243743245,0
14.518233650143596,23677,37.86738634166746,39.53662181878883,0
13.659489033546294,46753,68.86141115198163,4.876477669774446,0
12.051336484946098,2959,95.34812785111758,-5.794916443419698,0
2.5747112572445268,29268,51.13279020970047,-9.746644275136887,0
20.13343761426209,38541,49.288071864775716,10.42614478819313,0
8.334854161169606,42725,67.18555601818872,21.490499285305884,0
15.026899538298101,38691,14.83226284138893,6.608962495165663,0
2.621794160572479,17934,29.08308794787639,31.835868273731137,0
4.923242012953318,38747,92.30303592253786,25.830313778252503,0
20.610524395333414,15919,68.64454826955779,7.508076598401634,0
9.916186266252943,35517,6.277184178424545,26.71548333043023,0
20.719652856255266,36077,24.439419893106887,37.02438684846249,0
11.530616045648893,3421,69.86954027274541,-5.345200072849146,0
0.9486133622528556,5176,77.61792424344455,5.305198007880843,0
17.352405598390323,20925,84.78665940403398,13.166296955834664,0
8.460646093466353,35685,32.75679632129426,14.899506387738429,0
16.19213288110226,13963,93.44771664636845,17.10978224430368,0
12.151265205240493,25974,57.52995488989978,5.031345326932427,0
2.7412906323427793,41435,71.17120712684982,23.362982299117455,0
12.985768592223414,1969,61.690191964091255,22.254225176491484,0
25.177338852916794,7792,16.660305194088945,18.891075313580693,0
14.957918751086755,25909,96.49589264156359,-4.311913914456169,0
11.654893481967221,24026,16.673180089944502,13.848394554797226,1
18.452060411741385,23965,29.213785859062444,7.81134437446878,0
13.264010791218665,31455,82.29464862118311,14.55192349190613,1
13.257205381576766,27285,63.76671134260464,36.0933217757513,0
5.450248967045384,21533,84.62417071075392,14.026567157920415,0
13.40308815473759,7431,53.994937895534264,-9.300960408024409,0
18.21266049850167,1591,40.81435735983031,11.941836904206546,0
6.983627087399851,26272,92.57532245703958,31.032409002469105,0
20.54697492748169,16863,8.443970163905512,29.00304616090841,0
11.449763855129245,28990,86.33237093353935,15.66950367640905,0
6.673382930768756,760,26.927689592839254,2.488450642965765,0
17.985792461521466,10956,85.62995113662694,13.254433145727255,1
10.279234585570384,22820,18.223678274604133,18.185110970909584,0
16.557089324916646,13935,60.12080155060135,39.99357191370669,0
10.249448206448777,42645,89.37025230608984,22.208904508468866,0
11.641043138820578,49081,49.9862664553946,24.713246503130673,0
14.96136122600575,27525,75.92383401132233,14.572707178402597,0
13.745382345540035,28609,81.44380369627805,7.724477539126493,0
0.026809317289568924,21254,74.96694982809402,30.6476491823603,0
5.272537559433648,4801,92.90632500308683,14.746616216961808,0
17.576459908744894,7707,47.449251899393225,39.73450649822625,0
11.207180466590717,28420,21.4469167206898,12.856028713402205,0
8.857612183371469,22703,9.54205105173558,-6.599985817621131,0
3.848555908455154,49744,28.413687615562985,24.128906854504137,0
5.521582072344909,22045,18.603762868623,-7.667927453709447,0
0.0,24516,58.00513043627564,2.525079844235165,0
11.392315687790802,31598,22.56980703511454,7.686912638995167,0
8.409374516513719,9056,8.698702192490263,26.974179281066384,0
6.200472654088109,47063,8.419033742523446,14.71179632038064,0
11.59125944899228,20602,83.99910234466185,-8.56770343448717,0
14.183823785116429,39393,61.18774348708736,20.84249256379611,0
24.55918759325967,2424,39.018103679870926,10.571811871333118,0
2.9286994826207184,19979,89.95166406032345,36.09172549835536,0
18.956286259803132,39951,11.668678083732793,14.97811555701177,0
17.83860936609043,19422,98.13059690914346,25.44875729696695,0
7.325443563739797,19160,63.547720074173796,0.943424616477343,0
13.219415727516186,46599,22.429104127040603,28.04867822658266,0
9.254200503974308,10445,69.51156440281201,26.047765524183617,0
13.114131482512434,806,77.52121967943845,35.20408542706541,0
21.054786080427302,23459,45.787564420223575,-8.30891791404004,0
15.633637395787877,4731,86.855097593327,12.375034880872558,0
15.051650239400653,39296,19.31957869316468,23.95777013698151,0
9.418144080272146,12707,31.489570439872793,-5.2418049959892485,1
3.095660010453989,39926,13.881774350479027,10.53020335744562,0
10.749190736757553,6836,25.033394857698454,37.10733015330977,0
19.239648929183492,47164,27.67923713155878,11.796724544556412,0
2.8369928604621144,10130,92.17515313756246,39.27023917403157,0
5.6694637909398296,17756,12.420420431359839,-7.158046946009019,0
12.757606417404409,34409,45.604436417832396,25.891488807044563,0
6.092071290916426,41668,55.57787528655673,19.050811812413475,0
7.244859317308724,34219,90.37584011120528,15.026983856606272,1
9.458408509630937,42517,99.78114077281528,38.54237007425047,0
3.8062955748591047,46204,76.5718709173844,-3.5174799754435684,0
6.15526892270179,30513,97.2251441040578,34.79994758404567,0
16.220567500723853,14955,79.774607590908,24.562020556830515,0
4.155781306614216,5222,96.50425089228457,2.9498036649816353,0
2.412767193030974,13312,72.19071896472325,35.08345728161467,0
8.219850122796634,30776,12.577525417851751,11.464745893050663,0
16.391733015059074,37276,43.18241776430427,30.711366403653543,0
10.818469152018663,10560,66.42674196123468,9.441825852369998,0
9.21251353130629,13556,38.318258398153844,32.54654137166205,0
12.266152785093642,7155,30.971472220808966,21.831455922252434,0
1.5257554028420879,23074,59.852930377643645,-2.9476683208136425,0
14.968233922650196,13527,93.68267828673132,22.48315817347638,0
14.300610188421865,4530,8.323277984034588,-0.43276186490636914,0
9.544149155425673,24743,78.07696433643657,10.596131394708134,0
18.0355470707785,33789,73.65909141423957,-1.4852207873983136,0
5.235023406281767,20239,96.57557541188727,-8.899194216644071,0
18.767453959521415,34668,93.41756612159163,0.594326972497875,0
12.926961993571506,45198,77.41209339419832,16.818601186206287,0
9.98068446073096,36991,54.438832644846876,14.078048388867302,0
11.88075818779013,30513,24.405417557184386,15.074854776803186,1
11.356411405134349,7079,56.797393240929566,2.3843439223300655,0
19.321697378506304,18742,77.7084394223671,24.25806003070931,0
5.539925235173918,5281,90.08857520059985,25.21316434101729,0
7.4248845651204105,20948,80.02264087500217,7.8983912779832774,0
18.217817352434878,46141,23.55035884315013,34.05850442370872,0
8.426790388896844,49794,61.97019985166564,22.201160831777393,0
17.40319846398955,21946,36.55647865547892,25.651963762931587,1
22.196615898052258,11543,5.874538402111084,3.866995896946971,0
9.589229838350198,20353,24.020988899923275,-9.969418242220648,0
16.088173959451833,49643,15.75596174367768,33.268780605105476,0
5.077846311960849,20579,85.05831673624951,31.121219228990423,0
16.528399788406855,17601,29.55809395404214,-3.8404055978584895,0
13.196543915920603,1142,32.04630704431777,8.705256747815325,0
14.838229692961292,28516,96.193974320894,23.066965419429128,0
8.12656756778763,19432,41.01323868964096,22.60554286093641,0
2.0334995065969648,45153,5.910635813717483,33.01751674042782,0
15.019512388497029,25445,31.96538409288297,-2.986591918228573,0
0.0,8049,16.333460157172183,11.496987389255938,0
10.095897046544792,13897,14.766813364906126,-5.138779103678761,0
17.647091198519817,25862,12.361292562896203,9.479762421931406,0
13.151386415238216,48342,61.35964966666084,-9.244627720614782,0
23.690055868738877,47039,22.98803374483657,34.91365325550635,0
18.15065491549064,34217,39.318065433895995,16.352199841434054,1
8.07660967004654,23516,86.8916830323516,32.490113040117684,0
12.163880279108632,15232,45.31212328064619,-7.004764949831812,1
11.715775784733385,27411,91.99067825490557,1.372905523646032,0
2.5069394199232367,18366,52.3041150725826,2.96899976105903,0
6.357606501093881,43107,42.88947840977679,9.334574731939401,0
8.635434558120838,28121,76.28694807361666,30.143318619877306,0
0.0,13323,11.951634382960199,9.327893686574631,0
12.284960809509858,30486,13.500446383329653,0.23267648231634963,0
10.505568932081756,15190,66.93750282268127,-6.750486983061579,0
1.9626365921305546,39607,51.25936775772858,-6.025412582365627,1
14.42527719166399,11456,80.08944878032497,28.00236029804887,1
16.295236468145756,21803,92.04572954763549,12.240149551831651,0
13.362206873189333,37033,41.894853378797016,26.309056100000763,0
10.055590948746179,30174,61.658952525541395,24.114356088184877,0
15.54865291051113,36095,52.56617964055444,-3.2318769119871105,0
16.081322162860147,2558,98.25301228603112,-2.8556032903866404,0
13.844421418318131,12019,83.95301869887655,27.767100771706698,0
7.052326497391435,31615,91.6150822863486,26.06341467427086,0
13.659604593067083,1230,29.1623083198724,8.901538343715519,0
19.172883904952872,2332,78.39001020044647,-6.128886833357996,0
8.42022564832962,41868,30.219956374776647,-9.39509891507739,0
24.58763603479459,23389,24.83054067569704,4.407847473087243,0
8.846214396087694,48886,94.70528516727732,-9.538886320638653,0
12.194442080040817,40438,6.833919588197332,1.5036310551851706,0
7.965086423961983,4679,96.71192684802581,10.975037010566927,0
13.339625015521566,6799,19.17988021393659,-3.9292117344022905,0
1.546669844188349,8330,82.84661777036048,-4.786112108422688,0
8.723749207099672,44707,31.212642541469794,34.82187178593683,0
5.447272797908597,38070,38.3167211059191,19.273501451144462,0
12.812030087353746,22941,25.59198257558857,36.72278433813907,0
17.966684253053444,7115,60.623834035702565,7.29130818928396,0
15.87603712268731,7262,38.06907701324804,23.85724686645816,0
0.0,38811,67.45233875199301,0.23458373108951935,1
24.252417917567282,25209,6.486495204496268,20.91701586399706,0
13.77167964372521,38151,11.115613933928763,-3.520713499500779,0
7.341005157041998,23934,14.467809509468621,-9.895968041185712,1
12.942767513945643,21843,44.80440010447195,36.57659007047895,1
13.057138935016152,16239,82.40563640269772,17.744718808760467,0
7.998907698290618,1166,89.37690148594635,36.347033139101974,0
13.187500004052453,33544,28.257020305785574,6.691576185103601,0
8.355166274278156,28383,59.56512380270633,6.38930345808784,0
9.573828043859864,14563,77.99467430579705,10.032750088651586,0
7.882325185469493,34149,32.43879584236283,25.302049197908413,0
3.4039722615620835,35328,43.85573498994596,18.29043170930871,0
12.875018821292304,47945,54.77754925514282,36.2677453549559,0
15.511796619098028,39970,17.81311040876453,-8.727954943378032,1
15.089301576458233,9929,7.46831790394913,25.409796898626823,0
16.919551515811406,49121,19.516551885236908,6.516384468327717,0
13.94604126008921,33426,64.55109401908567,-0.9883174090769409,1
8.80364701069858,49264,11.993734845699759,15.519781126004947,0
17.037983186587134,38497,23.02115466076219,15.2531892089998,0
3.85489476094839,41224,37.096119141053855,-3.14944856557858,0
6.59597170492512,32769,12.397656109104801,0.09480280664449281,0
6.2147995714605315,32204,23.21143076035527,10.408233245077746,0
18.480336354835863,28891,91.57062995343355,10.440570619615766,0
17.65673108484045,24687,6.833417561563552,5.8779069809842355,0
14.92383142226997,45834,67.0760327965644,-2.5727424245009534,0
18.431579191270785,3026,41.51884843694257,-9.781316044951025,0
6.724303305528071,25186,68.90163024607526,38.51175312140103,0
14.091570719165883,8303,60.92571343452343,37.17496148519635,0
11.248953429701015,33168,26.232381663691207,14.182518958806758,0
17.081292623309484,7074,85.48490131947192,39.75258766375028,1
11.308654604686815,9233,51.734336347888885,23.68271653911216,0
9.690342669539513,7757,83.1409217967798,-6.557123119622923,0
15.24545111136594,36551,43.57119093788082,-4.114090045868632,0
17.257015003147398,16409,98.54512762194771,35.805542193481884,0
7.98992883091919,24646,78.19648905762315,21.50261010748142,0
11.633545971885743,12302,96.76526948569447,32.159181332867554,0
5.649356198150084,8396,53.861015496436586,34.91348248169221,0
0.0,28633,50.00065756761654,12.397100564119304,0
13.202757788482375,14026,76.7681118858995,-7.573702421165348,0
15.653432137527792,11778,88.62766998627586,-0.5859825551338982,0
13.572400854520353,46510,96.59385060722802,-6.671402634878245,0
0.3026296934737971,26051,35.83243107308748,-0.5630077150746338,0
9.894903419541153,25798,80.87693451505069,10.526646322793841,1
0.0,35838,25.011331775375986,-4.090159474250728,0
20.21820664592511,22691,56.8295629408173,-1.6633376097328367,1
5.483672507291482,33592,22.08557409887392,12.29108910358396,0
19.53242165675938,24371,38.002749366282195,7.008547519424477,0
17.675217862104873,10221,93.47904488461363,13.38290620940205,0
6.596457884783629,38913,18.878616478443178,11.458601387953102,0
5.203290292393529,30779,65.07808503784366,22.22390129899417,0
14.10222129831803,14904,61.33065592810332,36.85947744379273,0
6.934055776901571,4986,16.470143507353715,-4.606783077787876,0
12.614907852949246,35698,35.968009158037155,-5.036992534540254,0
9.10303445515849,29187,58.48324292895025,32.6403055545451,0
1.3130495132061997,13656,22.781967853906576,15.319835232622957,0
0.0,1067,81.05924735921747,28.32025117842211,0
13.360105490967584,2679,97.35486840580124,0.7710951803640709,0
8.630653522016248,2519,25.402142996434847,31.44312865837759,0
8.681461098515207,16419,22.756636655104714,36.192331209634794,1
16.17518303456271,20203,48.21883182075724,21.77415077732441,0
19.040653659794668,19204,76.03770132830306,-4.706048926309888,0
10.364731671829144,18530,31.752057972348883,34.76474070781694,0
9.95640775854083,4409,6.888591326241638,29.62438636850357,0
15.000858198683304,8515,56.41595966312492,27.54388882572449,0
3.8583865818025482,3920,95.87705393789422,-8.163590554704221,0
13.338918328486182,48153,42.17130126365983,29.94812626284856,0
15.311315830932925,17240,44.912782647394536,-3.1024494765821498,0
16.081381250505775,40753,97.0456631258336,1.1193088098444193,0
0.3794837849852106,30828,70.9877231045392,18.856741743462877,0
7.431868381146356,19965,73.3213326700019,3.249038645844152,0
6.7304204830592,4631,58.45669051025143,23.067410315595986,0
12.599321726455278,11152,97.58787503200796,20.40352238495408,1
14.884467478607904,22007,70.44231602042782,-4.592520099336869,0
20.980262444675887,47647,90.0281114024911,22.800728979575318,0
9.03020711779156,48171,71.44099224465602,36.1977454912465,0
9.014565010144716,49181,74.83600335983762,-1.9445047407083438,0
18.898032113272482,24306,32.58903760351342,19.85310104714437,0
13.77946163118183,19671,33.83047631131281,7.0932685968347045,0
19.605909067127843,21093,79.38354170972278,12.980583588680197,0
13.732368018059018,9970,33.18709747114046,4.350008953948495,0
5.057300287720375,44808,58.463156726145506,7.706531817384763,0
4.001229871333161,21826,28.688469536136687,-8.554408836672136,0
2.6909265056464244,5097,82.61342117686159,39.07758689586103,0
15.97231100855084,37804,15.49762836663055,21.239996103637413,0
19.13158093852205,31288,83.79743077735812,15.035279524694264,0
23.096172848318286,49977,62.25933104822217,9.185767475016336,0
17.05863199393944,43225,22.756405808572342,16.968727941201383,0
18.977031465209915,37430,56.49336162308123,9.005299935790198,1
8.519902004077892,33571,31.83738950049734,7.995396374683664,0
5.061505099536859,5567,35.72939679939718,13.197327086100655,0
17.10047599450532,5524,38.39516395170363,3.7991516835595407,0
14.506084513436404,8215,11.015328462370489,-0.9975050016607279,0
12.644666246045356,32270,98.66636001813465,17.830294909014675,1
14.32422888379794,11726,7.995789672466289,32.13827180751505,0
13.939112894749236,35899,67.93720295250645,-2.358591113705385,0
19.702901159121367,13912,40.266626536955904,-8.363282969789068,0
19.769913508901734,48305,66.3709776399364,2.340587257701807,0
15.265322114042082,44915,38.84358404332046,38.98603217269054,0
17.07481723537757,13069,69.00631139459158,31.437903687166965,0
15.084375314548655,2869,74.27737339949428,19.79330267642983,0
9.232981607792286,44927,70.60250083796626,36.4624457621568,0
16.53938804947884,32521,15.826388229024467,12.263955841862233,0
3.63302958684443,1028,67.40485729219505,39.1640301287587,0
18.3233493137753,43770,31.598817198139244,4.815102255964202,1
4.832862361403789,30814,7.736130204086685,2.015287475796954,0
13.714819720768398,37943,44.408913829450626,21.90241005735055,1
6.929076249443046,18547,46.1865947663611,8.907698397518018,0
15.32033389844656,20248,49.38154266848242,21.318277098812892,0
11.796448644432546,35609,71.95829571211804,5.24977591513429,0
2.431464251020003,14419,34.34016186853362,20.895912841899552,0
14.524197786110873,47998,34.95164874487264,3.787313029251819,0
8.532475339003737,15756,10.752464342919756,-7.451396559055503,0
17.286880324880215,5405,70.24801551926812,35.60679509615917,0
12.007954132406443,48807,58.943478682960475,34.16026009367311,0
14.37252591232823,48523,38.195385705909864,38.5399074636336,0
6.254586269908726,9384,71.99295299714869,25.826358811070236,1
8.464006611435828,29406,56.048986176553335,24.13605888676515,0
9.248168183393492,42411,49.578269857701265,17.950153503741536,0
17.140214881455336,6450,53.575831647807014,-3.702879182373866,0
22.064262526832934,1860,65.45307190037038,-0.5382344525364979,0
7.168969489542743,38395,67.70024743458696,4.47348443362681,0
18.46108886794608,22446,32.45099281836813,34.50781812866972,0
0.0,47520,18.370619522159558,-1.3515237698462435,0
4.834863593446264,9230,19.88024721309928,36.143658724394534,0
6.247329262879352,22661,65.74213416078516,16.13928665257086,0
3.8849478633556673,28238,87.92296214787697,25.77848177365361,0
2.49846966127452,4425,43.90214644282742,-4.487775665971673,0
14.477993472826785,8963,21.104415231298926,3.451677438795545,0
10.715593813632832,17912,76.87723733791618,37.92593040907131,0
14.276432385630658,22902,84.08650006984762,3.307497346486569,0
16.14283611672908,34510,88.65533209649182,4.826086019557305,0
13.5937019590352,26217,62.648985746804655,-0.12013075794602646,0
15.946579056902243,42052,86.76921314186805,-3.5463167346585243,1
11.582806282546384,10297,6.46442105259873,1.6628820726998983,0
4.878039670165531,21094,15.187401168104735,22.11634459753992,1
18.34688508492478,6906,13.794726369949382,12.768386675178176,1
8.465327203313239,14465,72.69744500419964,17.68779181689493,0
6.386422207425444,14233,11.610269436640007,-3.8817585616987857,0
10.932492745173612,27426,52.15461538429917,30.105822358145005,0
6.523134484220922,29283,49.90715537044747,29.2047350289924,0
9.495417708063407,18324,34.51683473803289,-8.92050444286623,0
14.064323529380799,36894,87.68849114449948,9.175754725515247,0
14.090050435476762,43342,21.19115417859962,-6.561469901442609,1
6.613019601446222,28787,38.48396451792779,29.605288970747903,0
9.073767762307533,17068,78.54629250217826,26.86348415628522,0
18.445998028621464,30936,7.890119867362003,35.0994047146578,0
14.978400706403647,21880,68.93028802340503,1.8201979476557306,0
24.450390236091252,25296,82.5577840043492,12.814794156389945,0
19.080769042449166,8531,93.56544468962589,-0.775606141780113,0
18.865758411359636,22447,88.24818084669107,8.561746723705975,1
3.6727886972651884,3688,35.34149109920009,16.1121625783442,0
16.583162109800536,26169,60.70459342568049,-7.3334605080705515,0
11.681359189818536,36213,12.342881849294256,25.743520533869262,0
8.694109178770503,32313,29.49765033706082,17.164668018553762,0
13.00809204319517,7265,13.951125981013202,31.447950860533666,0
17.6712692076689,23671,34.942792564626565,3.5890250595598614,0
15.00498954602527,11307,88.14278527857925,35.166055263462724,0
6.7291571919476425,10704,37.9808497690578,39.93471265152217,0
16.45475348155572,27566,58.380319785135505,35.964921918883725,0
8.174474747544217,42620,46.171180570919375,28.894623791657708,1
13.300098713785717,37867,48.59706980837986,30.61844014368904,0
10.179899595137195,23158,97.10934492447304,18.687212127229323,0
10.686802489586245,37581,33.134674485066505,-0.4923068543694753,0
16.597457850243057,35486,64.59582460470128,23.852034257385867,0
5.7588376811046125,14286,44.90595361004747,25.637650102996577,0
23.6711704456616,29783,10.80888719953019,39.26925701339528,0
1.073483584233022,556,51.486429004302416,17.06506581281609,0
8.413993900470857,45801,82.26761625928529,3.5684507512528194,0
14.221271339650444,33411,14.381532024760395,24.183626086975337,1
15.505884998611858,40486,11.611225502649352,38.96879098332273,0
11.397145676569764,9059,19.594994437360334,-1.1393045865453,0
11.655655781990742,26558,77.61801058198408,6.299895926780134,0
14.463300511965699,23245,73.77956149375011,17.094047688634053,0
10.613583135253918,1115,58.6766880460805,-1.4892682558997583,1
20.359087547609434,8562,49.48150838880008,-8.888968024003082,0
17.036094685389614,28714,89.3909523967491,6.8491561220625305,0
17.23694610603381,44788,77.83629326418084,33.268540075052904,1
6.203059659777497,39245,82.1345138736715,-7.826580033814259,0
11.523669453565782,44687,82.25991862831215,11.446452950845874,0
10.197204307675777,43048,66.058129700828,28.110038646304123,0
5.966391745863206,11181,48.511389310014856,37.659129845544264,0
14.160985103674602,7484,87.14438649563678,39.27376995022161,0
8.774125453321101,28079,92.97070467230881,11.098469030437084,0
15.932422979101423,25774,7.261574109542586,37.51921471895588,0
5.578850622634009,38239,9.897712960293873,-8.229051335956813,0
22.314243677050925,27899,96.08061320630155,27.295846899927813,0
6.6220040484476295,31981,31.330258315198503,22.137301731680644,0
13.315814023202616,1444,87.97009676669478,2.4760928793076156,0
16.751155862328407,28957,41.93553630133325,15.365925033982444,0
8.576157418799323,9614,16.314505472888783,-3.5223131119752193,0
17.114811860597705,40346,12.642104019886755,33.57985754757805,0
4.624898413197503,18630,19.868250412643366,7.894904277282397,0
20.71270619509536,12812,28.739853512399648,21.30222352328583,0
12.08489558979455,33096,51.40924362342849,-2.061185685636887,1
8.421531552186721,39051,71.64230055374944,0.308242231560355,0
10.204909365435393,10251,98.7078647661035,39.597818540157604,1
16.853515616356315,7407,46.943140612471254,27.654319722066464,0
8.49326824889737,28614,54.22756952259544,38.09859348870354,0
7.503853863463334,25509,54.572491631409285,4.792558260602206,0
10.670780414497571,19810,56.246263771353924,-1.7718561690089807,0
4.938227323380191,36225,54.185362424923916,15.153423173941547,0
22.923263447650893,19496,5.833601730882194,14.73341411136717,0
8.60163245271166,6547,5.163858100434867,-1.2526743121006068,0
16.98970071708242,39517,14.278300221981677,26.66097847907051,0
13.256820501886635,29267,14.647877325771988,8.088876721936703,0
6.092795697108191,16847,71.96520635070563,-0.6817384534741366,0
11.964271744723623,37027,24.46702308901998,6.59916972716442,0
16.704016675864487,24602,89.99783995178322,18.18293498175076,0
10.87043198948216,4763,93.21760130981686,26.323546609022163,0
19.15867767510617,43549,97.70986710011037,14.094544302874226,1
18.12909235669118,2402,94.21272396426691,16.279749491418674,0
17.513489127949978,31323,30.82939058225984,-3.0527032028625802,0
9.242059366362017,31040,53.42880024683369,35.73454623541161,1
5.520945313311078,35835,21.668222168709395,36.43620989960222,0
8.318474367823233,10690,81.58991724138114,24.171329520900183,0
13.177445644000322,41343,89.40101198868913,-9.118429553298764,0
15.274720281194133,28190,85.87243973326392,16.853710795166304,0
0.0,3494,46.16986012619932,21.460948604430676,0
11.951320790329499,38497,77.0740190452442,39.7327111479055,0
12.948535351939107,2510,14.270021109745597,39.80334775973984,0
10.33473446210669,7877,8.823253208828815,32.88056176627787,0
19.747643034095272,13536,76.55745935933228,-6.8084503986943234,0
14.530680445505226,26967,45.408751061224955,37.663819538936494,0
19.861151448485383,548,99.57718015025907,20.633062357599954,0
10.704236877898607,37478,14.239150506275578,30.044338523958974,0
17.62486495504155,48106,86.2846297458472,10.359642484292678,1
21.810398367165117,16538,50.59839122525421,5.983473561729489,0
19.870160695635967,33076,83.57926857286832,13.162207274190399,1
5.447150439427602,8378,82.62709180616376,-2.656274351558654,0
10.477943534745714,28109,92.01924012939735,7.8533069376653035,0
9.92901176730122,49722,33.29575107217976,32.88087498841393,0
14.935527210457968,48615,95.23093857889029,-8.102475686955925,0
16.1181213300872,24570,19.408361233973928,-2.456097658769776,1
6.966643955845582,41147,12.7870338713816,-3.744192017525724,0
12.407031083501627,22496,46.00347415037317,10.153777135011403,0
0.0,18661,83.69068202097505,39.849345044543085,0
20.65167003481134,46522,49.975007410177334,-1.3321034894308659,0
8.92575455593984,40648,83.78223436539884,-2.725867520036992,0
12.335183639066981,2728,74.32024655045899,35.75278648880772,1
10.142101716071634,26865,24.895696683198686,34.102525848298285,0
18.87616545008049,25688,95.14375436544907,-8.387981500172279,1
0.0,43082,10.774211019793324,27.58529800896575,0
11.900337946044546,9388,90.33657221666051,22.77328507382148,0
11.365087455013812,23630,33.92212765408553,28.38704049263545,0
9.278181674449904,39659,52.51406790061793,14.725122739796108,0
22.357359273813795,42697,45.12342790656977,39.56896092241478,0
6.676023246865373,19290,21.324282907107037,-7.807649064451841,0
16.630777063413966,25324,39.023952308160844,1.7185793201902866,0
14.137516732236502,33905,23.32877144781555,9.827299348680755,0
19.569115515213095,24974,24.369215168749765,12.488897078285158,0
7.996865491334968,17833,22.770399422506134,36.068370134975936,0
7.6021866052574465,43364,51.45665113292645,18.000218203862943,0
18.576419444864392,36855,80.80347991357498,-7.744450223980306,0
14.551927849980663,34379,59.05215320731789,10.393148171283093,0
2.730375919939448,8867,89.85462591232998,10.824520618453496,0
8.764169913220378,1222,65.4717264147888,38.27454692188924,0
14.318295923088366,31645,70.48731098509742,19.959854551055408,0
17.026585329279534,38134,68.4226868240653,21.78255355794694,0
7.92461608084227,10639,47.698623352455414,25.66265156256354,0
0.0,2628,70.48718810900786,28.50196578410616,0
15.1393391144222,42386,11.622235914551311,21.75255351012446,0
4.678075860336145,21117,86.68588983198799,1.859717556696775,0
0.0,28580,78.89215362717215,33.702295717058206,0
0.0,35785,28.296846032009487,26.605990020531507,0
16.88388516118645,18033,77.96308315413783,27.093524254847793,0
12.7717047024298,33124,6.201047133001757,39.82783696173746,0
10.646061715726491,47496,25.63842438568364,30.126326743165798,0
20.33414617777657,47447,11.188037673735113,31.45757015775766,0
15.823948098138436,28456,79.1215570787,37.57027578550792,0
21.697800256331497,42943,76.80804436194678,-2.443300007555307,0
3.6435871669980213,33577,82.29542226117391,14.886368823903393,0
11.79269625627622,4452,5.425760865925239,19.02835117953938,0
2.2997197503119144,47139,52.61710903444876,6.463786461122881,0
10.623706008867197,42960,71.95943876414697,31.970167194725278,0
10.508304877399937,23296,19.76310723020647,28.12098108228617,1
15.759681823578424,32246,66.73011911369935,26.044153725406204,0
12.27338328685139,21749,12.990459434420142,39.85747198790834,0
15.740442829679493,515,22.225956329909753,2.9690686704195257,0
16.220640798833365,26457,50.200697424487096,26.772862583771065,0
24.929572064298853,16505,67.08868950470469,17.57022374529503,0
10.108220068283254,21792,18.857567060620127,5.649459124693804,0
6.3538637960017255,32376,22.5962164289391,-1.9706564638437085,0
13.476501691898452,47546,24.422404871237983,34.794191853377356,0
7.186319837162739,15317,27.676576446402954,19.772774135392265,0
20.891764610619216,25970,26.52261560999767,31.246691882039734,0
10.300691766328605,10259,42.53916530727549,17.26724920007724,0
8.60654179275606,48932,67.11001682948867,0.9988540327009776,0
9.172105673093293,6912,46.61301939777462,6.877440655016263,0
16.310504540829847,21004,78.71752133123937,9.076942123677327,0
11.053518100611088,43464,73.33050806511841,38.64674062518512,0
8.149999079217707,9007,17.02005683466219,-9.718336080930875,0
21.992111505741185,21550,9.639954215470674,39.28330115122535,0
6.862980956029499,5320,88.40444857996258,39.02308175549153,0
12.213396444197961,8335,12.583951323472975,39.80753952650683,0
15.913836909661383,28131,19.092222168372743,13.829408945981733,0
2.2119893374975605,35117,7.102661178021216,38.19044848104998,0
14.881563008435549,14087,64.6919547033721,9.779959092491367,0
5.669353947117304,35221,60.325203500043116,-8.685277966580664,0
16.936696685004016,45999,98.75584831134928,1.217359318588227,0
6.224093928486141,7340,89.25857765013134,37.26481224686923,0
16.156614191093166,38334,44.03010186068642,-9.311765333230001,0
18.63499839776828,31940,40.30065488669082,17.299706771148752,0
17.16861915379683,35683,33.200943256598585,-6.2199205552660475,0
13.507899889428614,31136,19.47865740359873,4.3198289213789245,0
10.612194342421803,2889,18.11794737719086,-5.595357464405667,0
8.541482541990936,49479,17.566952260912515,32.97643105565282,0
20.826208144902623,1263,15.840901932743963,19.55353548238529,0
7.80302867899414,24425,27.848644028526007,35.105323285915645,0
5.777603558580023,27049,34.13351987974606,24.417659977011418,0
15.99221361019698,39523,96.35000224869701,38.551456562254984,0
7.2231791808810275,40441,59.95495884517914,15.493882738020329,0
6.299619015203236,23957,98.8215985787617,21.935529088143728,0
3.3383744269814106,21923,40.38436004343896,18.81544099445283,0
9.102540963236894,11018,48.4745300959969,14.213021472330636,0
11.503709856621041,43520,35.83497262070152,32.29796827115063,0
13.458550365964193,32860,22.374326835172504,22.22625678351801,0
17.7078374657969,45715,18.60064723887002,30.06561324277364,0
15.161387541994761,48357,94.78252379174403,29.318196830120662,0
10.854766682680921,28673,98.74701477088179,-0.4477419672352345,0
10.810825941721681,9895,9.266402168329497,22.508176625882186,0
15.060944813491101,45335,19.28285809951782,-0.017599040933293786,1
19.635420977571417,19707,45.23478876859715,19.166023912188543,0
12.7578851968992,38555,22.701680252718695,23.871734222315027,0
9.185214874737547,46729,39.56863739455391,39.86175357937934,0
6.042803993486727,27139,17.26415323666517,-8.472901092513082,0
3.328768413526647,46670,48.368616888570074,-5.4378802943139535,0
15.997618032261139,29424,30.81098853607963,-6.148665181438425,0
15.467871141837342,7933,38.43098029707278,9.918064313337002,0
15.46418115063997,30604,13.959701888961021,31.079418074290686,0
11.228043321887665,44552,45.67216481746346,32.20281663935678,1
20.441608475350506,38094,98.40947304134913,26.848979786057583,0
9.095289032491094,4164,36.23913945371308,34.84391209149739,0
17.731615423243234,11028,88.26078111003133,6.142997208472626,0
11.767542630062742,28690,85.10391845425009,-5.592267787385044,0
8.349895411923974,997,95.445549738235,-7.092348600507494,0
15.555181843906569,8141,80.06040366537397,32.606635980969315,0
14.457816712103961,5143,67.66169857058742,26.521814717684563,0
14.141836555601556,5556,86.37552220160848,24.930765300556043,0
12.487670532337193,33399,12.186244662448216,6.98381692728344,0
11.772641509699016,5943,48.968912433886736,8.99525943091131,0
26.33023195722263,17741,98.97934266843059,37.90567644496596,0
19.105539871177037,46711,78.11201437299957,-6.809762795103249,0
16.336961369913073,9212,96.3971609135362,28.686586846889632,0
12.67079494922033,8721,79.06526383268051,5.481666185419657,0
18.042943203580016,31846,88.1137869070037,-8.047269079372196,0
15.10796865834871,16160,72.12031506880314,27.128505537122802,0
12.157228516644214,39415,77.24769041963778,6.54559428391873,0
10.178614048404512,12088,54.70191093475257,26.107375937139828,0
11.514495974023871,37872,92.80258157734262,25.382719155906006,1
0.0,42720,83.37869650921935,16.739343771655754,0
13.26360503578585,18442,85.16907173823506,28.86865646052744,0
9.069143519337842,49667,68.93586459148997,19.051916208562172,0
21.556019989697305,36873,33.935094973288656,4.331842642413034,0
12.116064424870526,46552,8.384830562063236,26.70576505322095,0
4.866219482790228,2107,93.88723729390674,19.456990793886177,0
11.700719075231294,44977,60.68143313652221,-9.363635915503973,0
5.723273489624974,2516,33.323582259073326,35.08220888851547,0
14.840444494274799,4074,19.16783524551609,17.28218091621567,0
13.745684186036913,46809,83.8047007225717,33.43136327397659,0
17.747037786649607,7774,84.46941847251999,34.13684194911223,0
7.254709249832608,43203,82.3782569724005,12.248332836754425,0
12.20404857736888,16248,66.2828557368447,15.382999822561548,1
3.8098692274401884,20675,39.771461821228215,10.787719383780095,1
16.208968691548286,39674,33.88667705412441,12.471838765402275,1
15.113227082640732,12326,5.8127031612261675,34.75735794858639,0
14.974830126165426,17972,84.19271807538283,29.40720069839555,0
12.009714188141647,34629,13.306106261896034,-3.673716184221101,0
14.488637344732746,4973,64.92172481387293,20.515389077004794,0
21.626034649851576,23990,52.887119949808394,39.795332019317115,0
10.289434457747916,40587,55.03548909800336,19.777535061624288,0
12.831871102260507,41935,93.03772030423846,29.293581279655278,0
5.483242204911541,9981,8.003426070768,28.453073669058547,0
6.790434230410006,9020,78.47226133973336,7.515876293616428,0
12.586879758559844,26915,9.944977844894177,8.592465135197944,1
18.623601280211442,18070,8.624592563860833,26.20382108952016,0
10.462315054490565,20298,45.83268132343128,14.999176580241755,0
10.584500824127257,4036,10.992141562581839,18.5285354565194,0
9.558688532973752,2273,79.96867537282664,25.645289518241878,0
8.791459974934062,30394,55.30849389659203,28.878751351952513,0
13.769828734252929,43523,7.758684352678572,3.575828886653568,1
3.0164541289281326,35826,8.847565215782353,-2.6603120281518535,1
19.685637460000365,5579,63.20351032525054,4.589732336186262,1
8.007466211223237,26338,81.58062267754846,15.376916254603776,0
16.331420912628847,22304,46.590955471103484,7.107065864851956,0
4.380008415636745,47609,57.68516379588432,18.41813794237969,0
16.013040783277308,20175,80.98379813474065,-7.326713793718578,0
16.031667646886984,26094,62.998086533972824,15.487520580688361,0
14.305212432035379,43249,26.35222257758785,8.399245346885396,0
6.033428869201247,36792,63.23994245760047,16.73333774464412,0
13.497289137588462,9498,64.68654861119529,11.12666774424884,0
4.901662891593666,14197,74.74016318370704,4.211292531877123,0
10.483420469422889,46874,63.983047817896114,35.20539527288179,0
18.176478605731955,13929,97.07800239351361,-0.7617505789321544,1
16.78021156242445,49307,23.742389328121504,24.068278779027985,0
12.0910976552426,7640,95.35361455887225,36.2322356291207,1
6.1511605444629485,42053,56.14225158325154,16.933497984271654,0
15.87352627304516,15401,68.83583334701665,33.8204244289741,0
12.116287426188151,23779,14.448851757958035,-3.7574260783357816,0
0.0,29025,41.154714430920166,14.689438512820406,0
16.69577895789911,20991,78.0910189140014,12.85126402404697,0
11.854602996781846,3780,72.15654643440408,-9.594059648150257,0
19.214707487898433,35480,8.813241875713967,12.162867067966724,0
5.428376886943171,48481,56.92645503223824,8.451487819129891,0
0.0,30489,13.386428331998896,23.48993638873077,0
13.674503150071109,8578,99.60636077192542,36.91648892882593,0
13.749382060091834,26618,90.24317591066298,-5.7104455868981745,0
1.8559702343612883,24485,7.002662740711011,6.373819335731154,0
6.129002724800362,49204,86.57170999574993,12.203236869712594,0
28.53130646231941,17497,92.34581205304872,12.759268901719166,0
10.16633631507718,14774,38.58708114352823,28.740486042112686,0
16.385753858257296,1368,73.35265722953775,12.16978329167204,0
8.096041035789698,26898,46.999855889738996,-8.641934927317331,0
0.0,16542,67.24708603475268,25.505204729641566,0
10.978450519224566,32320,37.33015340832819,34.24148475728359,0
10.406372638283369,48675,35.643127480160494,15.695235627483642,0
9.600730567989771,21746,45.32121944147001,19.05542608492527,0
11.312154986961644,21061,18.82893707198761,-1.8531780515476959,0
13.585609629873819,16754,83.95820162136134,1.032297233947852,0
11.09929829247716,35012,38.12630005935548,1.7585119562305884,0
4.4159629923158175,35524,43.01420762105529,11.537098744064764,0
14.917108749371634,24496,89.93518820670374,36.4072610447821,0
0.30376946806546057,29118,52.17926233600128,16.0892383357443,0
0.0,12359,56.70412138833198,-0.395117739932368,0
16.435082968209407,24080,95.86732185382436,3.304386793447481,0
15.04212163281214,5923,89.23900639877397,9.200751486359213,0
11.655627809555783,38357,21.099337344401754,21.162948784639973,0
3.6273089714695694,7108,49.955427842219976,12.001657650200269,0
7.752534355955548,42985,97.27314160571183,9.622242208846247,0
10.423519513880976,5376,40.37479833171725,18.236430019949736,0
2.4246361885553185,21538,40.29944530903901,2.0917497477232736,0
7.565828051860603,28506,23.527872019969664,-6.054836370770891,0
15.91398202906008,36275,15.860695841316895,-8.779284258888895,0
20.563832185735297,31310,75.32895512181827,2.5629581733563533,0
9.483391484048695,14825,78.15289452664406,-5.420398292776564,0
16.53893012589659,36392,97.05623153278499,6.817031926038339,0
0.5156395764751962,2253,78.47473003600949,28.64667701798778,0
15.95670744668167,30031,28.11848693319188,25.814716524341918,0
7.176309511635114,18496,8.811074937408968,20.54638113940144,0
13.84407370024782,3775,98.61655151511772,32.62501219397394,0
10.513485490561745,9247,37.34281607664254,4.103381227213835,0
19.922484058703006,45711,34.63729653107997,34.252687651498285,0
6.753386109960491,1324,91.06574492619134,9.961958483458957,0
15.765637785370986,14380,60.58449036177368,10.044665913331327,0
10.322955220220798,44309,25.412761515667786,10.267580681276076,0
11.050167131942018,1581,89.46414305804275,-5.095281687950928,0
10.896876641044742,12017,99.36928123020061,38.774524916552785,0
6.925961373035323,22183,13.23446330932892,-3.0746611087420406,0
11.91540620455997,17376,86.9139046887363,7.044286223459226,0
11.62411066726907,38032,42.09899128001743,5.965016016337858,1
13.447441490440376,8766,54.78688241813691,-6.266028359164518,0
12.507030874157175,11683,91.90751769767317,-2.3869934944061666,0
16.78796729767342,21566,97.47102359863614,-7.757083190730709,0
17.541051696284214,49980,29.905571488835943,4.620224678025673,0
5.696260069033193,13377,25.22082324119181,33.33284620144532,0
17.212635003544626,10482,12.649073066193626,6.972110286869224,1
4.881981437340873,9468,58.37079600290311,-3.8154083966310393,0
15.527135328826411,27098,6.2924175678134855,22.284693419195897,0
15.718432708217213,15139,44.13033827294397,39.83004560274553,0
0.5320986500249756,5174,11.971481581940813,1.616189476596378,0
12.557875479176458,4816,43.49644937828673,3.9785502685284726,1
9.189023319838105,48582,8.79355798023288,38.59235271403943,0
7.44740845238775,10195,84.34563975783304,-1.0611856224756433,0
20.105113984194034,49082,24.92520442416376,15.560703372958194,0
8.077925156175485,31594,36.18932748400164,1.9826066508047446,1
7.161738425291701,22687,87.65455967760722,36.61759489506219,0
12.45416964003056,41647,75.89527582655948,39.0760507288147,0
16.1135384777905,1714,25.808644355995554,30.73489230600077,0
11.150108483939238,24440,11.830444772462124,5.739190790640528,0
18.998223274015512,44906,72.98900880125726,10.17437376402525,0
15.185853971784542,26185,42.11674231537039,2.1152841833210676,0
0.0,43981,77.77759991623101,34.537898350449574,0
8.82319821895795,16477,47.30300337564499,35.727913884407904,1
8.628947403889807,45339,37.870229232366256,10.94353311230236,0
14.876165720576532,36404,47.86451378017767,22.826653495150094,0
0.0,26038,76.11310363871428,-1.722341011265307,0
27.294058252306336,39886,90.71092722133554,11.74679501817045,0
15.18615656936526,38533,9.727883675914676,21.574955333674882,0
12.893260823506147,8465,54.79059641656074,9.270155925900978,0
19.089406298514877,10097,8.119365762968371,7.879976284322996,1
26.06192431687575,41976,49.498906777314076,-9.950050386652867,0
17.22447986753042,28240,89.10186876420553,30.214673188855706,0
17.69287857882972,7069,39.35107530992942,34.46688060107241,0
12.784140146786294,38481,93.58279000266111,38.47317647729161,0
11.15084547979831,12381,64.90780480680789,25.963569253460776,0
9.145227335970594,37496,93.74475766033561,17.43961561849423,0
7.0433280497127475,32677,76.93082941418938,3.4642259904354686,0
7.8779154018030155,37677,14.826340831632418,39.964973798174924,0
3.896664213942101,1090,26.95937991845432,19.48764272660528,0
11.54477129588986,26619,42.44619318543309,24.05770361652231,0
1.891994536641679,28415,21.160153791147224,24.120308097765882,0
13.145499144862264,3208,52.01660245378275,32.26258978785907,0
11.78201635174595,39249,49.77997479164161,-9.51637305765404,1
12.881611790320127,45489,95.84462381260121,1.0123470215685915,0
8.867210579880044,22606,46.20414887511789,23.276700008500697,1
30.0,17631,79.63454640735979,34.757286841228385,0
20.160695401081878,47053,94.48150176089058,24.266939096067812,0
4.532744999491664,7053,88.31393894252862,10.674564574684007,0
13.397208524561389,18381,24.823424328601224,8.077774793513079,1
8.351963142376059,1879,52.12283995408671,26.89740041416602,1
5.913121639755516,25755,38.03527931811294,27.061884856859674,0
3.9595675732563906,40628,42.98657603803547,20.35289962528452,0
14.593300144555524,4270,39.276648493346364,4.573351204866852,0
7.911718589582557,20226,83.5041249666254,36.25774091952718,0
17.806956144151226,47717,47.95321023663251,17.593997105931955,1
17.962693287182635,9588,54.750961563245376,29.52461781241653,0
20.243486311268697,34814,98.33249891947209,0.7154131080915815,0
6.885679403555379,39476,10.698030858194063,7.202039430736393,0
14.852193664152061,16850,51.355975780121135,33.72897581936712,0
15.794725299853805,42143,78.53586215988103,-7.49464850300158,0
9.154930949376212,34563,19.36038602788152,15.615765562833104,0
7.369368255642749,16361,63.09550148840352,14.08527399220045,0
21.657123994655837,14473,27.749154055774344,27.561509445404106,0
13.364975254392322,18269,87.40339075633392,4.0946885299666205,0
15.815806504270428,47749,36.074468213007535,0.9533410929799735,0
7.067543929032436,17826,36.26096760558641,36.306641938661684,0
4.684293200866837,36548,61.82841845919988,18.58548259792324,0
8.583301353047338,46865,22.438476271391327,-4.765521585817275,0
11.255871675660018,3286,32.0644206957908,-0.3481918892839464,0
5.614679959095907,35501,44.580025761344096,39.94130297571242,0
11.940931148097702,2120,38.595596998310484,-0.21955018739037935,0
1.8689688715889998,36803,54.86333571053033,20.523775567683938,0
5.279715465180766,20089,61.9658136865518,11.006403949780905,0
16.02546748966125,3382,58.83340810626564,34.27995474249177,1
15.622743121667366,49822,67.14598963923356,27.758429614766385,0
9.648739407678802,25024,34.236204077742926,19.84756981309079,0
5.893414145538282,10245,17.010491579727663,-9.463050910100876,0
5.835578690843935,37165,77.27671643595232,33.98976037467298,0
9.760390524352115,16361,85.8241363499148,12.233373541935814,0
15.867110949871748,26671,29.41559206113106,36.578882650928826,0
17.569474148065947,26699,43.673735835011875,14.77695064271006,0
9.020809587108186,3337,52.36407561153775,24.711224459136275,0
5.079045444091297,9099,55.666050061528956,-6.535367526667892,0
13.607061827198,16411,67.65156625332692,27.25758267633929,0
7.058790176244903,21053,8.952307168755528,6.899801565596145,0
8.890484166832785,39989,73.54032285973162,7.567950716589042,0
19.951656542622224,24313,10.887245663043975,-4.067207764530503,0
16.96269257139461,38755,49.48741392892245,-2.6571425679898866,0
12.94784587350871,48389,83.62875787907345,-0.7120471896894931,0
4.368485993323663,30020,47.865454761447644,6.410308428571119,0
13.268379404823953,30041,19.163526132983538,34.59849563878027,0
18.37594374472516,736,98.57821527556617,8.413011911504023,0
9.746198005406786,27850,89.48211889705502,26.218135328160923,1
20.10668453992029,44897,78.27479515637633,-5.86262480550643,1
19.75647173710924,12049,44.09360227542499,19.55493996359963,0
21.982396992860842,27953,22.46534405448329,14.094561563521976,0
13.831458759188118,35691,94.43406223475762,38.89789734772523,0
15.524350198836073,13406,55.5733570191282,32.310388493948146,0
20.48512372998654,15488,85.97376873681108,12.741488621932488,0
14.684363622413853,28223,37.49902554714544,28.757138202266937,0
8.992595353258723,34300,36.85239012254971,-0.3480629353111242,0
9.308742980832834,39607,98.62634566403372,18.116816369588904,0
13.431329722642435,27930,54.57413960701073,-6.269047221564591,0
4.256631468322688,33035,18.3660652667709,7.404451612584154,0
11.140446507814843,3440,25.869094409497205,1.2931090811085155,0
18.579282709381523,22293,50.78470654230848,25.945490766260548,0
0.0,12762,9.034736496399077,14.504534560718072,0
21.20689261076709,44920,48.94072861093854,27.553523942400524,0
18.734245312218956,38210,44.79937999761212,15.76477188157228,0
9.241412305017143,7461,79.03694520535126,-5.675777892418074,0
15.260344967230857,26999,38.719486626477966,26.76838248662634,0
12.01888636143796,40998,98.34213234626193,31.66146319939028,0
19.379942210632098,31783,22.173142333585798,35.17656129563963,0
17.89609885661965,1133,61.14373507197281,18.599597265335408,0
3.599575660901945,7322,13.52143321578419,27.679267949974754,0
15.52357448078506,26468,74.7170784794283,27.602216844131352,0
10.766232878140514,39755,99.5016003658873,-2.212512010052783,0
12.496995423108599,48399,82.81817058640506,-1.7889656270214627,1
7.630968594181107,20330,57.79183636842862,-6.455724709543694,0
22.48882241472501,6238,51.05042895297074,5.995681757015073,0
18.240370919415454,3598,84.32784632035046,13.675429387053226,0
7.561373016162197,30388,93.9175380475188,39.894892637710846,0
3.9923363585386045,8597,98.97461995081883,11.549667103408476,0
9.68596421413291,13636,42.671226618625994,26.312129425368546,0
14.607015876547834,38744,99.13716010547867,24.669851313626733,0
13.441235063677338,8753,19.812993956513992,0.22409751252897903,0
19.51879694860946,25708,29.087228713531374,-7.074642427528179,0
16.739518333085115,5387,13.456531849720138,17.30033757667937,0
17.81741415451744,44911,30.815159066025757,25.015279615723806,0
13.961132403662624,9992,77.95406740371106,39.9125895093128,0
3.664207618734057,35921,86.02781402695273,7.930552614058537,0
10.825808813118591,1954,78.99480128474431,34.81822810405484,0
18.360538439451993,18022,64.95124892593114,9.096622793459323,0
11.690862428852123,39075,53.82681868965133,24.47058542152564,0
15.018542211742481,3692,72.32690747529641,19.912646525852598,1
10.087510108523201,46080,42.12918718038607,-7.351060334870154,0
5.82112890874893,16275,84.92429339247168,-6.080578651487075,0
11.259935615723338,10902,69.33305892779461,-8.961795513776952,0
13.854284658195924,13574,71.2914463569688,8.541704229699473,0
8.065873683231338,15745,55.91391934726177,27.290052438300535,0
10.585732530859989,37027,89.0967535000614,-1.3622303004638647,0
6.363220548084104,26436,28.941399699509986,20.29264841919479,0
18.715469505384576,27502,41.20902706929982,4.441389001553895,0
10.233265454471796,16183,78.87604411938047,29.849631198953606,0
20.716533270757097,12960,51.81114513228708,29.91980745014955,0
21.17248710324545,30982,89.47533127529813,28.770725748321176,0
11.513724211669537,16947,37.90793537747097,16.24167569006884,0
5.9493076047159015,48728,40.08636603786625,4.228335503992584,0
0.0,18229,89.42989999172941,30.47220219393173,1
3.1677775618392507,21045,49.1151804172939,-0.6949719030379242,0
3.7569910506080397,28704,54.031835499236244,4.487980101432801,0
20.270817764769028,10314,36.612552956889544,-0.8026146919689192,0
12.694947523361677,14390,31.28364450701278,23.710508019382385,0
14.337627144551927,2240,67.31512752964724,24.311801405790902,1
0.0,30621,16.384862846414368,22.62549963933765,0
4.812201424696431,11718,88.53090091237638,10.78007334323339,0
17.32247865867772,6555,79.02429799268525,-4.991449639928338,1
13.720644674295517,23205,23.121085052051264,35.55847922575106,0
11.116768327886417,35222,70.93189485333372,15.386548200611909,0
15.389054151600735,49931,62.25012752213531,10.348609745554574,0
21.81478683681489,42500,22.53082981998119,19.44124466241466,0
10.673745218777697,6939,30.954333074772084,-0.36047820904470895,0
12.416218815948417,31421,43.85371785471427,-3.3725610447562806,0
13.155581512387831,34229,71.42805984832002,10.276261072897178,0
26.352657811643954,23711,65.67872383761556,1.3610347049955263,0
0.0,31114,55.5623105292863,2.2145147268582277,0
16.099338088732846,18101,77.99900159583325,34.625574388926466,0
11.311186507445617,28296,77.00408526258576,16.537958859291244,0
15.400630357105078,6507,63.69661963591431,14.173453216167557,0
8.055764676031654,21014,79.7640579215584,24.473979686429868,0
11.706209814849299,18276,36.75502060402487,37.57740568383698,0
16.268463476792974,2576,88.71870519064754,-4.390071776471796,0
30.0,25850,63.41645815118437,31.67672835546286,0
16.84821713641243,39464,83.1245338121809,19.200958993392295,0
6.9116064118169485,16792,56.896514955076974,-2.691732309408137,0
